,id_seq1,target_seq1,id_seq2,target_seq2,distance
81,sequence_47787,5.0,sequence_47688,90.0,122.78784209273329
35,sequence_47787,5.0,sequence_47689,52.0,113.16169494042585
99,sequence_47787,5.0,sequence_47690,63.0,117.22278326114764
97,sequence_47787,5.0,sequence_47687,92.0,91.61864328863422
