,id_seq1,target_seq1,id_seq2,target_seq2,distance
145,sequence_47787,5.0,sequence_47729,34.0,64.43528227493071
137,sequence_47787,5.0,sequence_47805,22.0,62.12045001140929
7,sequence_47787,5.0,sequence_47786,18.0,59.58972845256135
139,sequence_47787,5.0,sequence_47794,18.0,62.385943208226
135,sequence_47787,5.0,sequence_47793,16.0,62.11402391867718
142,sequence_47787,5.0,sequence_47792,12.0,52.034400000000005
