,id_seq1,target_seq1,id_seq2,target_seq2,distance
128,sequence_47787,5.0,sequence_47723,69.0,118.21316791178552
30,sequence_47787,5.0,sequence_47681,44.0,87.14178555750394
102,sequence_47787,5.0,sequence_47725,57.0,111.94116575907184
40,sequence_47787,5.0,sequence_47724,48.0,113.81178451939851
134,sequence_47787,5.0,sequence_47735,55.0,131.90092063298877
80,sequence_47787,5.0,sequence_47698,56.0,84.68407811483809
