,id_seq1,target_seq1,id_seq2,target_seq2,distance
28,sequence_47787,5.0,sequence_47768,17.0,71.40260501711404
101,sequence_47787,5.0,sequence_47714,51.0,84.10551185403962
70,sequence_47787,5.0,sequence_47738,55.0,82.63190830859469
120,sequence_47787,5.0,sequence_47740,158.0,97.03447117231072
116,sequence_47787,5.0,sequence_47755,100.0,74.21744440736288
