,id_seq1,target_seq1,id_seq2,target_seq2,distance
36,sequence_47787,5.0,sequence_47683,75.0,206.1744197754173
60,sequence_47787,5.0,sequence_47745,83.0,204.48348268217163
85,sequence_47787,5.0,sequence_47677,103.0,209.64784327109112
98,sequence_47787,5.0,sequence_47693,64.0,206.17635585095587
84,sequence_47787,5.0,sequence_47709,119.0,208.1753402922161
117,sequence_47787,5.0,sequence_47746,94.0,204.56429378117284
