,id_seq1,target_seq1,id_seq2,target_seq2,distance
12,sequence_47787,5.0,sequence_47685,24.0,62.76691489479151
31,sequence_47787,5.0,sequence_47696,47.0,62.77327415118635
14,sequence_47787,5.0,sequence_47695,52.0,62.509426067594
38,sequence_47787,5.0,sequence_47678,37.0,79.28788392459468
0,sequence_47787,5.0,sequence_47684,23.0,62.50303996646883
