,id_seq1,target_seq1,id_seq2,target_seq2,distance
66,sequence_47787,5.0,sequence_47759,36.0,62.42578385987636
25,sequence_47787,5.0,sequence_47750,25.0,56.338504470566136
56,sequence_47787,5.0,sequence_47751,34.0,56.63111058720286
