,id_seq1,target_seq1,id_seq2,target_seq2,distance
18,sequence_47787,5.0,sequence_47780,23.0,67.74671134778426
43,sequence_47787,5.0,sequence_47804,23.0,64.55477669739088
45,sequence_47787,5.0,sequence_47799,24.0,67.75260320231246
3,sequence_47787,5.0,sequence_47781,12.0,64.50327052933052
44,sequence_47787,5.0,sequence_47800,20.0,71.39385103025329
19,sequence_47787,5.0,sequence_47785,25.0,55.57153919228799
17,sequence_47787,5.0,sequence_47778,26.0,67.74671134778426
5,sequence_47787,5.0,sequence_47779,11.0,60.4483679245354
4,sequence_47787,5.0,sequence_47777,11.0,60.4483679245354
