,id_seq1,target_seq1,id_seq2,target_seq2,distance
108,sequence_47787,5.0,sequence_47667,86.0,182.8919475453198
47,sequence_47787,5.0,sequence_47666,69.0,180.98909820547203
