,id_seq1,target_seq1,id_seq2,target_seq2,distance
58,sequence_47787,5.0,sequence_47743,63.0,202.08828946022572
124,sequence_47787,5.0,sequence_47717,66.0,203.9084711093436
