,id_seq1,target_seq1,id_seq2,target_seq2,distance
143,sequence_47787,5.0,sequence_47791,4.0,0.001630040784682
29,sequence_47787,5.0,sequence_47771,18.0,0.0044750402875759
8,sequence_47787,5.0,sequence_47782,17.0,0.0032434275352418
6,sequence_47787,5.0,sequence_47784,21.0,0.0025935587460533
60,sequence_47787,5.0,sequence_47745,83.0,0.0035427974716581
22,sequence_47787,5.0,sequence_47757,36.0,0.0033003068755851
135,sequence_47787,5.0,sequence_47793,16.0,0.0016953535212975
63,sequence_47787,5.0,sequence_47749,81.0,0.0037033865934059
62,sequence_47787,5.0,sequence_47748,79.0,0.0040624321252041
