,id_seq1,target_seq1,id_seq2,target_seq2,distance
34,sequence_47787,5.0,sequence_47700,65.0,0.0113150577557551
13,sequence_47787,5.0,sequence_47679,44.0,0.0106956210164586
79,sequence_47787,5.0,sequence_47675,57.0,0.0116525429814842
32,sequence_47787,5.0,sequence_47680,73.0,0.0109242586698736
33,sequence_47787,5.0,sequence_47673,65.5,0.0114189943646104
77,sequence_47787,5.0,sequence_47701,63.0,0.011541826482144
