,id_seq1,target_seq1,id_seq2,target_seq2,distance
101,sequence_47787,5.0,sequence_47714,51.0,0.0225760175120154
43,sequence_47787,5.0,sequence_47804,23.0,0.0218778908537063
100,sequence_47787,5.0,sequence_47712,49.0,0.0226471780504613
