,id_seq1,target_seq1,id_seq2,target_seq2,distance
33,sequence_47787,5.0,sequence_47673,65.5,0.0114189943646104
13,sequence_47787,5.0,sequence_47679,44.0,0.0106956210164586
34,sequence_47787,5.0,sequence_47700,65.0,0.0113150577557551
