,id_seq1,target_seq1,id_seq2,target_seq2,distance
37,sequence_47787,5.0,sequence_47697,55.5,0.0295248181192544
84,sequence_47787,5.0,sequence_47709,119.0,0.032601131020683
98,sequence_47787,5.0,sequence_47693,64.0,0.0301376204097711
