,id_seq1,target_seq1,id_seq2,target_seq2,distance
63,sequence_40826,539,sequence_40822,549,158.4219
59,sequence_40826,539,sequence_40836,543,75.657
56,sequence_40826,539,sequence_40810,549,82.24360000000001
13,sequence_40826,539,sequence_40841,528,57.165400000000005
16,sequence_40826,539,sequence_40838,531,70.7773
47,sequence_40826,539,sequence_40824,523,47.59190000000001
66,sequence_40826,539,sequence_40832,555,61.81270000000001
