,id_seq1,target_seq1,id_seq2,target_seq2,distance
72,sequence_47787,5.0,sequence_47702,69.0,0.0016898723064888
88,sequence_47787,5.0,sequence_47707,79.0,0.0015182806019206
87,sequence_47787,5.0,sequence_47703,95.0,0.0017599871053253
78,sequence_47787,5.0,sequence_47706,77.0,0.0015169150342352
74,sequence_47787,5.0,sequence_47705,71.0,0.0015946426400839
77,sequence_47787,5.0,sequence_47701,63.0,0.0019550046668217
