,id_seq1,target_seq1,id_seq2,target_seq2,distance
75,sequence_47787,5.0,sequence_47694,51.0,0.0008576773279773
12,sequence_47787,5.0,sequence_47685,24.0,0.0007062113049605
16,sequence_47787,5.0,sequence_47686,22.0,0.000825042070172
37,sequence_47787,5.0,sequence_47697,55.5,0.0010933865802879
38,sequence_47787,5.0,sequence_47678,37.0,0.0010376456240684
