,id_seq1,target_seq1,id_seq2,target_seq2,distance
85,sequence_47787,5.0,sequence_47677,103.0,0.0015879823452012
99,sequence_47787,5.0,sequence_47690,63.0,0.001442861842383
98,sequence_47787,5.0,sequence_47693,64.0,0.001556961122219
96,sequence_47787,5.0,sequence_47699,62.0,0.0014367486007059
97,sequence_47787,5.0,sequence_47687,92.0,0.0020527846445143
86,sequence_47787,5.0,sequence_47692,87.5,0.0017185782369737
