,id_seq1,target_seq1,id_seq2,target_seq2,distance
130,sequence_47787,5.0,sequence_47674,38.0,0.0014598152610378
40,sequence_47787,5.0,sequence_47724,48.0,0.001132310027834
131,sequence_47787,5.0,sequence_47676,56.0,0.0015138449703319
132,sequence_47787,5.0,sequence_47711,57.0,0.0013194918381105
