,id_seq1,target_seq1,id_seq2,target_seq2,distance
133,sequence_47787,5.0,sequence_47739,35.0,0.0013826397373127
134,sequence_47787,5.0,sequence_47735,55.0,0.0011688306580874
30,sequence_47787,5.0,sequence_47681,44.0,0.0012235162383524
32,sequence_47787,5.0,sequence_47680,73.0,0.0013864855438802
39,sequence_47787,5.0,sequence_47682,53.0,0.001256144401566
