,id_seq1,target_seq1,id_seq2,target_seq2,distance
131,sequence_47787,5.0,sequence_47676,56.0,0.0015138449703319
30,sequence_47787,5.0,sequence_47681,44.0,0.0012235162383524
130,sequence_47787,5.0,sequence_47674,38.0,0.0014598152610378
