,id_seq1,target_seq1,id_seq2,target_seq2,distance
118,sequence_47787,5.0,sequence_47754,70.0,0.0012148061216524
117,sequence_47787,5.0,sequence_47746,94.0,0.0011936845383681
119,sequence_47787,5.0,sequence_47753,74.0,0.0011161977596729
