,id_seq1,target_seq1,id_seq2,target_seq2,distance
107,sequence_47787,5.0,sequence_47661,52.0,0.0012979084175184
105,sequence_47787,5.0,sequence_47670,97.0,0.0015416699003995
46,sequence_47787,5.0,sequence_47664,32.0,0.0010188422945148
22,sequence_47787,5.0,sequence_47757,36.0,0.0010855158106218
