,id_seq1,target_seq1,id_seq2,target_seq2,distance
145,sequence_47787,5.0,sequence_47729,34.0,0.0007548630102595
8,sequence_47787,5.0,sequence_47782,17.0,0.0005799719716549
146,sequence_47787,5.0,sequence_47809,10.0,0.000679810987663
137,sequence_47787,5.0,sequence_47805,22.0,0.0009244912942134
135,sequence_47787,5.0,sequence_47793,16.0,0.000708181344628
