,id_seq1,target_seq1,id_seq2,target_seq2,distance
36,sequence_47787,5.0,sequence_47683,75.0,0.0012784782673558
76,sequence_47787,5.0,sequence_47691,40.0,0.0016278975082963
