,id_seq1,target_seq1,id_seq2,target_seq2,distance
40,sequence_47787,5.0,sequence_47724,48.0,0.8842975206611571
120,sequence_47787,5.0,sequence_47740,158.0,0.8760330578512396
