,id_seq1,target_seq1,id_seq2,target_seq2,distance
23,sequence_47787,5.0,sequence_47783,24.5,0.859504132231405
13,sequence_47787,5.0,sequence_47679,44.0,0.8760330578512396
51,sequence_47787,5.0,sequence_47775,23.0,0.8677685950413223
8,sequence_47787,5.0,sequence_47782,17.0,0.8512396694214877
135,sequence_47787,5.0,sequence_47793,16.0,0.8512396694214877
6,sequence_47787,5.0,sequence_47784,21.0,0.8512396694214877
142,sequence_47787,5.0,sequence_47792,12.0,0.8429752066115702
