,id_seq1,target_seq1,id_seq2,target_seq2,distance
55,sequence_47787,5.0,sequence_47798,23.0,0.859504132231405
24,sequence_47787,5.0,sequence_47796,20.0,0.8677685950413223
