,id_seq1,target_seq1,id_seq2,target_seq2,distance
12,sequence_47787,5.0,sequence_47685,24.0,0.8760330578512396
16,sequence_47787,5.0,sequence_47686,22.0,0.8760330578512396
