,id_seq1,target_seq1,id_seq2,target_seq2,distance
24,sequence_47787,5.0,sequence_47796,20.0,0.0025366703048885
48,sequence_47787,5.0,sequence_47671,36.0,0.0036186925458905
107,sequence_47787,5.0,sequence_47661,52.0,0.0032614535667467
126,sequence_47787,5.0,sequence_47716,84.0,0.0019721868567869
106,sequence_47787,5.0,sequence_47665,50.0,0.0032847450786789
105,sequence_47787,5.0,sequence_47670,97.0,0.0032987859573122
46,sequence_47787,5.0,sequence_47664,32.0,0.0028802253299611
59,sequence_47787,5.0,sequence_47752,67.0,0.0014246357534908
