,id_seq1,target_seq1,id_seq2,target_seq2,distance
69,sequence_47787,5.0,sequence_47713,51.0,0.0021008967201937
28,sequence_47787,5.0,sequence_47768,17.0,0.0013448522285174
101,sequence_47787,5.0,sequence_47714,51.0,0.0018536192207962
70,sequence_47787,5.0,sequence_47738,55.0,0.0017937130762726
