,id_seq1,target_seq1,id_seq2,target_seq2,distance
72,sequence_47787,5.0,sequence_47702,69.0,0.0157551661298513
34,sequence_47787,5.0,sequence_47700,65.0,0.0157430417820632
91,sequence_47787,5.0,sequence_47767,105.0,0.0167472221759816
95,sequence_47787,5.0,sequence_47763,122.0,0.0157608682317051
87,sequence_47787,5.0,sequence_47703,95.0,0.015965676270954
