,id_seq1,target_seq1,id_seq2,target_seq2,distance
33,sequence_47787,5.0,sequence_47673,65.5,0.0023828521384969
132,sequence_47787,5.0,sequence_47711,57.0,0.0027848046162652
131,sequence_47787,5.0,sequence_47676,56.0,0.0026238897615348
