,id_seq1,target_seq1,id_seq2,target_seq2,distance
18,sequence_47787,5.0,sequence_47780,23.0,0.0012089213388275
43,sequence_47787,5.0,sequence_47804,23.0,0.0010975136987286
45,sequence_47787,5.0,sequence_47799,24.0,0.0012089897441742
3,sequence_47787,5.0,sequence_47781,12.0,0.0011001376091201
44,sequence_47787,5.0,sequence_47800,20.0,0.0013425756698702
19,sequence_47787,5.0,sequence_47785,25.0,0.000814476000188
17,sequence_47787,5.0,sequence_47778,26.0,0.0012089213388275
5,sequence_47787,5.0,sequence_47779,11.0,0.0009662049209331
4,sequence_47787,5.0,sequence_47777,11.0,0.0009662049209331
