,id_seq1,target_seq1,id_seq2,target_seq2,distance
12,sequence_47787,5.0,sequence_47685,24.0,0.0010450754787115
16,sequence_47787,5.0,sequence_47686,22.0,0.0012841689233923
37,sequence_47787,5.0,sequence_47697,55.5,0.0012843677261903
31,sequence_47787,5.0,sequence_47696,47.0,0.0010453281595923
14,sequence_47787,5.0,sequence_47695,52.0,0.0010366204538454
38,sequence_47787,5.0,sequence_47678,37.0,0.0016652230743262
0,sequence_47787,5.0,sequence_47684,23.0,0.0010363745013258
15,sequence_47787,5.0,sequence_47710,43.0,0.0014005623639101
