,id_seq1,target_seq1,id_seq2,target_seq2,distance
145,sequence_47787,5.0,sequence_47729,34.0,0.0011001616088291
137,sequence_47787,5.0,sequence_47805,22.0,0.0010228068920701
7,sequence_47787,5.0,sequence_47786,18.0,0.0009422102235178
139,sequence_47787,5.0,sequence_47794,18.0,0.0010314688322712
135,sequence_47787,5.0,sequence_47793,16.0,0.0010225493777871
142,sequence_47787,5.0,sequence_47792,12.0,0.0007151798522996
