,id_seq1,target_seq1,id_seq2,target_seq2,distance
144,sequence_47787,5.0,sequence_47788,5.0,8.759677152192502e-06
148,sequence_47787,5.0,sequence_47810,5.57,7.679427591722465e-05
143,sequence_47787,5.0,sequence_47791,4.0,0.0003049451839135
136,sequence_47787,5.0,sequence_47801,4.0,2.115057347040761e-07
2,sequence_47787,5.0,sequence_47790,9.0,0.0004420539711452
20,sequence_47787,5.0,sequence_47803,12.0,0.000247551078307
1,sequence_47787,5.0,sequence_47789,10.0,0.0002473868690721
138,sequence_47787,5.0,sequence_47802,4.0,8.977930993192551e-06
149,sequence_47787,5.0,sequence_47766,4.19,3.6956116224895474e-05
