,id_seq1,target_seq1,id_seq2,target_seq2,distance
55,sequence_47787,5.0,sequence_47798,23.0,0.0027207494618239
24,sequence_47787,5.0,sequence_47796,20.0,0.0025366703048885
114,sequence_47787,5.0,sequence_47733,25.0,0.0029283679617616
53,sequence_47787,5.0,sequence_47758,22.0,0.0029943715046015
52,sequence_47787,5.0,sequence_47730,35.0,0.0029193139335752
118,sequence_47787,5.0,sequence_47754,70.0,0.0023126831972606
22,sequence_47787,5.0,sequence_47757,36.0,0.0028112519165056
6,sequence_47787,5.0,sequence_47784,21.0,0.0023517058095773
