,id_seq1,target_seq1,id_seq2,target_seq2,distance
86,sequence_47787,5.0,sequence_47692,87.5,0.0021356245267417
73,sequence_47787,5.0,sequence_47672,76.0,0.0020231597326433
100,sequence_47787,5.0,sequence_47712,49.0,0.0022962905421668
30,sequence_47787,5.0,sequence_47681,44.0,0.0020131767781098
96,sequence_47787,5.0,sequence_47699,62.0,0.0021356245267417
39,sequence_47787,5.0,sequence_47682,53.0,0.0022469457669281
13,sequence_47787,5.0,sequence_47679,44.0,0.0020038086931749
76,sequence_47787,5.0,sequence_47691,40.0,0.0019015377541681
130,sequence_47787,5.0,sequence_47674,38.0,0.002392517393438
