,id_seq1,target_seq1,id_seq2,target_seq2,distance
124,sequence_47787,5.0,sequence_47717,66.0,616.5415320943999
122,sequence_47787,5.0,sequence_47715,101.0,627.7333502814711
