,id_seq1,target_seq1,id_seq2,target_seq2,distance
82,sequence_47787,5.0,sequence_47704,98.0,544.8227101898194
45,sequence_47787,5.0,sequence_47799,24.0,516.5980520461628
133,sequence_47787,5.0,sequence_47739,35.0,570.079444505553
98,sequence_47787,5.0,sequence_47693,64.0,534.0543845288137
