,id_seq1,target_seq1,id_seq2,target_seq2,distance
115,sequence_47787,5.0,sequence_47732,30.0,553.5724212510049
54,sequence_47787,5.0,sequence_47797,27.0,523.7832428102392
112,sequence_47787,5.0,sequence_47662,28.0,535.4938205986227
99,sequence_47787,5.0,sequence_47690,63.0,491.2320960765695
109,sequence_47787,5.0,sequence_47726,120.0,536.2668246010655
50,sequence_47787,5.0,sequence_47756,37.0,505.9297143349756
51,sequence_47787,5.0,sequence_47775,23.0,476.0758230137086
49,sequence_47787,5.0,sequence_47727,45.0,505.4587688890361
