,id_seq1,target_seq1,id_seq2,target_seq2,distance
65,sequence_47787,5.0,sequence_47721,40.0,465.2372869772048
16,sequence_47787,5.0,sequence_47686,22.0,339.10174676472843
20,sequence_47787,5.0,sequence_47803,12.0,298.7810595004309
37,sequence_47787,5.0,sequence_47697,55.5,348.62065060901085
2,sequence_47787,5.0,sequence_47790,9.0,241.94376292370092
66,sequence_47787,5.0,sequence_47759,36.0,424.6424745216027
38,sequence_47787,5.0,sequence_47678,37.0,383.514712598852
