,id_seq1,target_seq1,id_seq2,target_seq2,distance
27,sequence_47787,5.0,sequence_47773,19.0,338.8470130677413
1,sequence_47787,5.0,sequence_47789,10.0,287.6173815054299
