,id_seq1,target_seq1,id_seq2,target_seq2,distance
211,sequence_51016,-4.626935645431157,sequence_51142,-7.121316080640148,0.1393928016011572
120,sequence_51016,-4.626935645431157,sequence_51188,-7.477058965090089,0.1435711676435914
214,sequence_51016,-4.626935645431157,sequence_51197,-6.969794378455091,0.1545604744702968
221,sequence_51016,-4.626935645431157,sequence_51126,-6.8444229718282426,0.1620242155321621
24,sequence_51016,-4.626935645431157,sequence_51192,-5.696734269383801,0.1500581978559715
22,sequence_51016,-4.626935645431157,sequence_51196,-7.3141295128133885,0.1520989634102167
213,sequence_51016,-4.626935645431157,sequence_51132,-4.340049860624873,0.1545527406647783
23,sequence_51016,-4.626935645431157,sequence_51202,-6.673839708394163,0.1345243094529941
