,id_seq1,target_seq1,id_seq2,target_seq2,distance
48,sequence_40826,539,sequence_40825,532,0.3529005244115614
47,sequence_40826,539,sequence_40824,523,0.4318232083643421
44,sequence_40826,539,sequence_40839,538,0.3072425296570316
76,sequence_40826,539,sequence_40866,620,2.8716683393701143
77,sequence_40826,539,sequence_40799,597,2.8716683393701143
2,sequence_40826,539,sequence_40794,519,0.3467819269493267
46,sequence_40826,539,sequence_40819,532,0.3083839894350469
55,sequence_40826,539,sequence_40808,543,0.2909993524714008
74,sequence_40826,539,sequence_40796,567,2.8716683393701143
