,id_seq1,target_seq1,id_seq2,target_seq2,distance
41,sequence_47787,5.0,sequence_47806,73.0,0.0086999999999999
94,sequence_47787,5.0,sequence_47764,118.0,0.0112
90,sequence_47787,5.0,sequence_47765,118.0,0.0138999999999999
89,sequence_47787,5.0,sequence_47762,127.0,0.0121
93,sequence_47787,5.0,sequence_47761,120.0,0.01
92,sequence_47787,5.0,sequence_47812,121.0,0.0119
91,sequence_47787,5.0,sequence_47767,105.0,0.0107999999999999
95,sequence_47787,5.0,sequence_47763,122.0,0.0131
42,sequence_47787,5.0,sequence_47807,42.0,0.0072999999999999
