,id_seq1,target_seq1,id_seq2,target_seq2,distance
55,sequence_47787,5.0,sequence_47798,23.0,0.0058
26,sequence_47787,5.0,sequence_47760,26.0,0.0088999999999999
9,sequence_47787,5.0,sequence_47772,12.0,0.0060999999999999
