,id_seq1,target_seq1,id_seq2,target_seq2,distance
136,sequence_47787,5.0,sequence_47801,4.0,0.0085999999999999
52,sequence_47787,5.0,sequence_47730,35.0,0.0071999999999999
25,sequence_47787,5.0,sequence_47750,25.0,0.0106999999999999
