,id_seq1,target_seq1,id_seq2,target_seq2,distance
93,sequence_47787,5.0,sequence_47761,120.0,0.01
94,sequence_47787,5.0,sequence_47764,118.0,0.0112
89,sequence_47787,5.0,sequence_47762,127.0,0.0121
95,sequence_47787,5.0,sequence_47763,122.0,0.0131
41,sequence_47787,5.0,sequence_47806,73.0,0.0086999999999999
91,sequence_47787,5.0,sequence_47767,105.0,0.0107999999999999
