,id_seq1,target_seq1,id_seq2,target_seq2,distance
23,sequence_47787,5.0,sequence_47783,24.5,722.2927000000001
110,sequence_47787,5.0,sequence_47734,110.0,1239.9789
111,sequence_47787,5.0,sequence_47811,24.0,737.9850000000001
