,id_seq1,target_seq1,id_seq2,target_seq2,distance
51,sequence_47787,5.0,sequence_47775,23.0,834.8122000000001
50,sequence_47787,5.0,sequence_47756,37.0,860.1101000000001
