,id_seq1,target_seq1,id_seq2,target_seq2,distance
115,sequence_47787,5.0,sequence_47732,30.0,1185.0903000000003
114,sequence_47787,5.0,sequence_47733,25.0,1148.4282000000003
54,sequence_47787,5.0,sequence_47797,27.0,1062.9652
138,sequence_47787,5.0,sequence_47802,4.0,744.8327
