,id_seq1,target_seq1,id_seq2,target_seq2,distance
143,sequence_47787,5.0,sequence_47791,4.0,187.7647
29,sequence_47787,5.0,sequence_47771,18.0,526.2853
8,sequence_47787,5.0,sequence_47782,17.0,329.627
6,sequence_47787,5.0,sequence_47784,21.0,300.0838
60,sequence_47787,5.0,sequence_47745,83.0,542.9841000000001
22,sequence_47787,5.0,sequence_47757,36.0,437.9012
135,sequence_47787,5.0,sequence_47793,16.0,225.87
63,sequence_47787,5.0,sequence_47749,81.0,551.5832
62,sequence_47787,5.0,sequence_47748,79.0,569.6319000000001
