,id_seq1,target_seq1,id_seq2,target_seq2,distance
10,sequence_40826,539,sequence_40855,522,0.0001581383102617
35,sequence_40826,539,sequence_40812,464,0.0001765379751177
26,sequence_40826,539,sequence_40851,477,0.0001410157783424
