,id_seq1,target_seq1,id_seq2,target_seq2,distance
79,sequence_47787,5.0,sequence_47675,57.0,19.169916380950028
15,sequence_47787,5.0,sequence_47710,43.0,19.271361250389923
33,sequence_47787,5.0,sequence_47673,65.5,18.961382242491737
14,sequence_47787,5.0,sequence_47695,52.0,19.182878709428117
