,id_seq1,target_seq1,id_seq2,target_seq2,distance
132,sequence_47787,5.0,sequence_47711,57.0,27.11214464382835
134,sequence_47787,5.0,sequence_47735,55.0,27.0724819843725
