,id_seq1,target_seq1,id_seq2,target_seq2,distance
41,sequence_47787,5.0,sequence_47806,73.0,27.92813231424856
94,sequence_47787,5.0,sequence_47764,118.0,28.803584737269944
89,sequence_47787,5.0,sequence_47762,127.0,28.07381609818768
92,sequence_47787,5.0,sequence_47812,121.0,27.997536579384533
95,sequence_47787,5.0,sequence_47763,122.0,28.086030156719037
