,id_seq1,target_seq1,id_seq2,target_seq2,distance
127,sequence_47787,5.0,sequence_47719,66.0,28.885153971194818
65,sequence_47787,5.0,sequence_47721,40.0,28.960335502777703
122,sequence_47787,5.0,sequence_47715,101.0,30.06220724146282
37,sequence_47787,5.0,sequence_47697,55.5,29.026610637871805
38,sequence_47787,5.0,sequence_47678,37.0,28.523494125187025
124,sequence_47787,5.0,sequence_47717,66.0,30.19605397236885
