,id_seq1,target_seq1,id_seq2,target_seq2,distance
72,sequence_47787,5.0,sequence_47702,69.0,23.8164642628308
73,sequence_47787,5.0,sequence_47672,76.0,23.392967072967217
74,sequence_47787,5.0,sequence_47705,71.0,23.840149906730467
