,id_seq1,target_seq1,id_seq2,target_seq2,distance
112,sequence_47787,5.0,sequence_47662,28.0,25.51105039427775
46,sequence_47787,5.0,sequence_47664,32.0,25.201993287317475
