,id_seq1,target_seq1,id_seq2,target_seq2,distance
133,sequence_47787,5.0,sequence_47739,35.0,27.00284942253072
66,sequence_47787,5.0,sequence_47759,36.0,26.856407538365765
