,id_seq1,target_seq1,id_seq2,target_seq2,distance
85,sequence_47787,5.0,sequence_47677,103.0,29.275755252140403
131,sequence_47787,5.0,sequence_47676,56.0,29.23398202833154
84,sequence_47787,5.0,sequence_47709,119.0,30.163869940075344
125,sequence_47787,5.0,sequence_47720,80.0,31.230408762336346
98,sequence_47787,5.0,sequence_47693,64.0,29.65417590909168
