,id_seq1,target_seq1,id_seq2,target_seq2,distance
143,sequence_47787,5.0,sequence_47791,4.0,12.991291729145535
4,sequence_47787,5.0,sequence_47777,11.0,8.29254484444968
