,id_seq1,target_seq1,id_seq2,target_seq2,distance
137,sequence_47787,5.0,sequence_47805,22.0,19.500644611105976
24,sequence_47787,5.0,sequence_47796,20.0,22.1289401941825
113,sequence_47787,5.0,sequence_47731,32.0,24.5800271662319
53,sequence_47787,5.0,sequence_47758,22.0,24.538624110925703
52,sequence_47787,5.0,sequence_47730,35.0,24.409535133292323
