,id_seq1,target_seq1,id_seq2,target_seq2,distance
27,sequence_47787,5.0,sequence_47773,19.0,25.525742347293477
20,sequence_47787,5.0,sequence_47803,12.0,26.649637609388638
45,sequence_47787,5.0,sequence_47799,24.0,27.25348062925854
42,sequence_47787,5.0,sequence_47807,42.0,30.068481611471324
68,sequence_47787,5.0,sequence_47770,25.0,25.956738317646536
