,id_seq1,target_seq1,id_seq2,target_seq2,distance
90,sequence_47787,5.0,sequence_47765,118.0,29.269314445448188
82,sequence_47787,5.0,sequence_47704,98.0,30.58743199199814
93,sequence_47787,5.0,sequence_47761,120.0,29.167333018982276
91,sequence_47787,5.0,sequence_47767,105.0,29.21821644720759
87,sequence_47787,5.0,sequence_47703,95.0,30.471081441283253
