,id_seq1,target_seq1,id_seq2,target_seq2,distance
81,sequence_47787,5.0,sequence_47688,90.0,31.903424099849016
108,sequence_47787,5.0,sequence_47667,86.0,30.391725171610204
55,sequence_47787,5.0,sequence_47798,23.0,25.337961844758432
