,id_seq1,target_seq1,id_seq2,target_seq2,distance
16,sequence_47787,5.0,sequence_47686,22.0,27.494652972388725
39,sequence_47787,5.0,sequence_47682,53.0,29.522783257776045
36,sequence_47787,5.0,sequence_47683,75.0,29.728739687470323
83,sequence_47787,5.0,sequence_47708,111.0,29.73391628046216
40,sequence_47787,5.0,sequence_47724,48.0,30.12847289091249
88,sequence_47787,5.0,sequence_47707,79.0,29.633655885101117
