,id_seq1,target_seq1,id_seq2,target_seq2,distance
32,sequence_47787,5.0,sequence_47680,73.0,16.340407461251385
78,sequence_47787,5.0,sequence_47706,77.0,17.41308589717664
0,sequence_47787,5.0,sequence_47684,23.0,15.981992157505177
77,sequence_47787,5.0,sequence_47701,63.0,19.99447644363245
13,sequence_47787,5.0,sequence_47679,44.0,16.198911232845113
34,sequence_47787,5.0,sequence_47700,65.0,19.905818721067973
