,id_seq1,target_seq1,id_seq2,target_seq2,distance
60,sequence_47787,5.0,sequence_47745,83.0,24.96637895678648
70,sequence_47787,5.0,sequence_47738,55.0,18.1794812782567
69,sequence_47787,5.0,sequence_47713,51.0,21.14394500557513
63,sequence_47787,5.0,sequence_47749,81.0,19.71268959968629
62,sequence_47787,5.0,sequence_47748,79.0,21.006421084778484
