,id_seq1,target_seq1,id_seq2,target_seq2,distance
111,sequence_47787,5.0,sequence_47811,24.0,19.777743275031373
50,sequence_47787,5.0,sequence_47756,37.0,22.095943882114877
51,sequence_47787,5.0,sequence_47775,23.0,19.953816246285324
49,sequence_47787,5.0,sequence_47727,45.0,21.969954445544477
23,sequence_47787,5.0,sequence_47783,24.5,19.958583274728625
