,id_seq1,target_seq1,id_seq2,target_seq2,distance
69,sequence_40826,539,sequence_40798,579,0.0059977823897655
76,sequence_40826,539,sequence_40866,620,0.0071425881476594
77,sequence_40826,539,sequence_40799,597,0.0112040531207495
68,sequence_40826,539,sequence_40830,558,0.0032284180296505
78,sequence_40826,539,sequence_40788,510,0.006006088111764
18,sequence_40826,539,sequence_40817,528,0.0019668189116375
74,sequence_40826,539,sequence_40796,567,0.0068814414263126
70,sequence_40826,539,sequence_40865,580,0.0105397403606122
21,sequence_40826,539,sequence_40828,519,0.0007657055432701
