,id_seq1,target_seq1,id_seq2,target_seq2,distance
26,sequence_40826,539,sequence_40851,477,0.0045243631911134
22,sequence_40826,539,sequence_40829,528,0.0069921910867848
31,sequence_40826,539,sequence_40846,483,0.0065026242195229
