,id_seq1,target_seq1,id_seq2,target_seq2,distance
34,sequence_40826,539,sequence_40861,464,72.161
36,sequence_40826,539,sequence_40854,465,64.76409999999998
37,sequence_40826,539,sequence_40853,463,69.4191
40,sequence_40826,539,sequence_40850,462,64.0873
31,sequence_40826,539,sequence_40846,483,68.40440000000001
26,sequence_40826,539,sequence_40851,477,67.3939
38,sequence_40826,539,sequence_40848,461,75.951
