,id_seq1,target_seq1,id_seq2,target_seq2,distance
47,sequence_40826,539,sequence_40824,523,47.59190000000001
64,sequence_40826,539,sequence_40823,546,43.76240000000001
44,sequence_40826,539,sequence_40839,538,29.543199999999985
11,sequence_40826,539,sequence_40857,522,66.2053
7,sequence_40826,539,sequence_40813,528,26.5273
18,sequence_40826,539,sequence_40817,528,29.543199999999985
10,sequence_40826,539,sequence_40855,522,29.543199999999985
