,id_seq1,target_seq1,id_seq2,target_seq2,distance
24,sequence_47787,5.0,sequence_47796,20.0,0.36676414764805
8,sequence_47787,5.0,sequence_47782,17.0,0.4750762675613256
6,sequence_47787,5.0,sequence_47784,21.0,0.3396791721610264
55,sequence_47787,5.0,sequence_47798,23.0,0.427768255016662
