,id_seq1,target_seq1,id_seq2,target_seq2,distance
110,sequence_47787,5.0,sequence_47734,110.0,0.7199885137972701
109,sequence_47787,5.0,sequence_47726,120.0,0.7456724280808571
