,id_seq1,target_seq1,id_seq2,target_seq2,distance
75,sequence_47787,5.0,sequence_47694,51.0,0.9591385457794926
37,sequence_47787,5.0,sequence_47697,55.5,1.035935828128366
38,sequence_47787,5.0,sequence_47678,37.0,1.012806477072496
16,sequence_47787,5.0,sequence_47686,22.0,0.8775474574061524
