,id_seq1,target_seq1,id_seq2,target_seq2,distance
68,sequence_47787,5.0,sequence_47770,25.0,0.7166431957396925
2,sequence_47787,5.0,sequence_47790,9.0,0.6238842761281932
27,sequence_47787,5.0,sequence_47773,19.0,0.5992582081206732
20,sequence_47787,5.0,sequence_47803,12.0,0.7287835481128804
1,sequence_47787,5.0,sequence_47789,10.0,0.5407344912246667
