,id_seq1,target_seq1,id_seq2,target_seq2,distance
117,sequence_47787,5.0,sequence_47746,94.0,1.1540560038403689
118,sequence_47787,5.0,sequence_47754,70.0,1.2042099858413422
119,sequence_47787,5.0,sequence_47753,74.0,1.1470904497902512
56,sequence_47787,5.0,sequence_47751,34.0,1.05915716964009
116,sequence_47787,5.0,sequence_47755,100.0,1.3825605447863754
