,id_seq1,target_seq1,id_seq2,target_seq2,distance
88,sequence_47787,5.0,sequence_47707,79.0,0.9600721587464146
87,sequence_47787,5.0,sequence_47703,95.0,0.9277935061208394
