,id_seq1,target_seq1,id_seq2,target_seq2,distance
130,sequence_47787,5.0,sequence_47674,38.0,1.1267365574969184
69,sequence_47787,5.0,sequence_47713,51.0,1.1385849024117627
33,sequence_47787,5.0,sequence_47673,65.5,1.0634314693481677
