,id_seq1,target_seq1,id_seq2,target_seq2,distance
41,sequence_47787,5.0,sequence_47806,73.0,0.0456263082004231
45,sequence_47787,5.0,sequence_47799,24.0,0.0494415816899095
18,sequence_47787,5.0,sequence_47780,23.0,0.0423334383200797
