,id_seq1,target_seq1,id_seq2,target_seq2,distance
130,sequence_47787,5.0,sequence_47674,38.0,0.0678428330776361
40,sequence_47787,5.0,sequence_47724,48.0,0.0595766732874537
133,sequence_47787,5.0,sequence_47739,35.0,0.0657005327223455
131,sequence_47787,5.0,sequence_47676,56.0,0.0689994202874197
134,sequence_47787,5.0,sequence_47735,55.0,0.0603898170224086
30,sequence_47787,5.0,sequence_47681,44.0,0.0622442768453453
32,sequence_47787,5.0,sequence_47680,73.0,0.0659664308569138
132,sequence_47787,5.0,sequence_47711,57.0,0.0640895467295564
39,sequence_47787,5.0,sequence_47682,53.0,0.0630322933106514
