,id_seq1,target_seq1,id_seq2,target_seq2,distance
58,sequence_47787,5.0,sequence_47743,63.0,0.0732974078668543
63,sequence_47787,5.0,sequence_47749,81.0,0.0704535307844823
61,sequence_47787,5.0,sequence_47747,72.0,0.064733839682194
