,id_seq1,target_seq1,id_seq2,target_seq2,distance
29,sequence_47787,5.0,sequence_47771,18.0,0.0394918979032408
6,sequence_47787,5.0,sequence_47784,21.0,0.0331927702971595
7,sequence_47787,5.0,sequence_47786,18.0,0.0326150272113944
17,sequence_47787,5.0,sequence_47778,26.0,0.035666370715283
71,sequence_47787,5.0,sequence_47769,25.0,0.041788754468158
