,id_seq1,target_seq1,id_seq2,target_seq2,distance
147,sequence_47787,5.0,sequence_47737,27.0,0.0555673465265348
139,sequence_47787,5.0,sequence_47794,18.0,0.0677671749448064
142,sequence_47787,5.0,sequence_47792,12.0,0.0381204669436249
