,id_seq1,target_seq1,id_seq2,target_seq2,distance
148,sequence_47787,5.0,sequence_47810,5.57,0.0267237721888209
26,sequence_47787,5.0,sequence_47760,26.0,0.0399802451218098
141,sequence_47787,5.0,sequence_47808,4.0,0.0259273986354204
150,sequence_47787,5.0,sequence_47736,19.0,0.0321264688380158
149,sequence_47787,5.0,sequence_47766,4.19,0.03339236439667
