,id_seq1,target_seq1,id_seq2,target_seq2,distance
25,sequence_40826,539,sequence_40815,498,178.41180000000003
24,sequence_40826,539,sequence_40856,498,178.41180000000003
28,sequence_40826,539,sequence_40858,495,178.41180000000003
30,sequence_40826,539,sequence_40843,495,178.41180000000003
