,id_seq1,target_seq1,id_seq2,target_seq2,distance
66,sequence_53082,55.0,sequence_20056,56.9,0.0063999999999999
326,sequence_19402,43.0,sequence_20056,56.9,0.0083
586,sequence_20054,49.0,sequence_20056,56.9,0.0070999999999999
