,id_seq1,target_seq1,id_seq2,target_seq2,distance
171,sequence_53082,55.0,sequence_19524,46.4,0.0079
37,sequence_53082,55.0,sequence_19506,49.3,0.0079999999999999
154,sequence_53082,55.0,sequence_19491,48.8,0.0076
62,sequence_53082,55.0,sequence_19505,42.4,0.0088
176,sequence_53082,55.0,sequence_19484,52.0,0.0078999999999999
60,sequence_53082,55.0,sequence_19371,49.0,0.0075
120,sequence_53082,55.0,sequence_19508,49.5,0.0091
