,id_seq1,target_seq1,id_seq2,target_seq2,distance
49,sequence_53082,55.0,sequence_19490,52.9,0.0074999999999999
12,sequence_53082,55.0,sequence_19522,45.4,0.0065
309,sequence_19402,43.0,sequence_19490,52.9,0.0079
272,sequence_19402,43.0,sequence_19522,45.4,0.0071999999999999
569,sequence_20054,49.0,sequence_19490,52.9,0.0066999999999999
532,sequence_20054,49.0,sequence_19522,45.4,0.0057
