,id_seq1,target_seq1,id_seq2,target_seq2,distance
170,sequence_53082,55.0,sequence_20066,49.9,0.0073999999999999
1,sequence_53082,55.0,sequence_20054,49.0,0.0084999999999999
87,sequence_53082,55.0,sequence_20065,46.5,0.0068999999999999
127,sequence_53082,55.0,sequence_20055,46.3,0.0071
