,id_seq1,target_seq1,id_seq2,target_seq2,distance
0,sequence_53082,55.0,sequence_19402,43.0,0.0086
166,sequence_53082,55.0,sequence_19408,51.1,0.0074
165,sequence_53082,55.0,sequence_19440,48.5,0.0079
183,sequence_53082,55.0,sequence_19355,58.8,0.0083
88,sequence_53082,55.0,sequence_19383,50.5,0.0065999999999999
247,sequence_53082,55.0,sequence_19400,43.0,0.0081999999999999
53,sequence_53082,55.0,sequence_19382,52.0,0.0077
243,sequence_53082,55.0,sequence_19381,50.0,0.0085999999999999
83,sequence_53082,55.0,sequence_19441,49.0,0.0061999999999999
