,id_seq1,target_seq1,id_seq2,target_seq2,distance
62,sequence_40826,539,sequence_40821,549,114.9855
75,sequence_40826,539,sequence_40795,562,124.83567591494028
61,sequence_40826,539,sequence_40820,543,153.2706
71,sequence_40826,539,sequence_40863,566,116.72263331937812
74,sequence_40826,539,sequence_40796,567,129.11173300498294
