,id_seq1,target_seq1,id_seq2,target_seq2,distance
90,sequence_47787,5.0,sequence_47765,118.0,5.324019577392626
89,sequence_47787,5.0,sequence_47762,127.0,5.324019577392626
93,sequence_47787,5.0,sequence_47761,120.0,5.324019577392626
91,sequence_47787,5.0,sequence_47767,105.0,5.324019577392626
