,id_seq1,target_seq1,id_seq2,target_seq2,distance
69,sequence_47787,5.0,sequence_47713,51.0,2.7647800983996027
57,sequence_47787,5.0,sequence_47741,102.0,2.791192134515394
70,sequence_47787,5.0,sequence_47738,55.0,2.791192134515394
58,sequence_47787,5.0,sequence_47743,63.0,2.7606836957174723
61,sequence_47787,5.0,sequence_47747,72.0,2.8070422710619183
