,id_seq1,target_seq1,id_seq2,target_seq2,distance
117,sequence_47787,5.0,sequence_47746,94.0,3.841027358880895
109,sequence_47787,5.0,sequence_47726,120.0,3.9174197392637127
50,sequence_47787,5.0,sequence_47756,37.0,3.522134843949934
49,sequence_47787,5.0,sequence_47727,45.0,3.481334515515129
