,id_seq1,target_seq1,id_seq2,target_seq2,distance
83,sequence_47787,5.0,sequence_47708,111.0,6.672259492114098
88,sequence_47787,5.0,sequence_47707,79.0,6.702767930912019
