,id_seq1,target_seq1,id_seq2,target_seq2,distance
52,sequence_47787,5.0,sequence_47730,35.0,3.355741560585161
24,sequence_47787,5.0,sequence_47796,20.0,2.919656336836577
137,sequence_47787,5.0,sequence_47805,22.0,3.0
113,sequence_47787,5.0,sequence_47731,32.0,3.456399575957372
53,sequence_47787,5.0,sequence_47758,22.0,3.396541889019966
