,id_seq1,target_seq1,id_seq2,target_seq2,distance
145,sequence_47787,5.0,sequence_47729,34.0,1.4360852237485835
9,sequence_47787,5.0,sequence_47772,12.0,0.4360852237485838
146,sequence_47787,5.0,sequence_47809,10.0,1.0497770810555216
140,sequence_47787,5.0,sequence_47728,12.0,0.4360852237485838
150,sequence_47787,5.0,sequence_47736,19.0,0.4858623048041053
147,sequence_47787,5.0,sequence_47737,27.0,1.4858623048041053
11,sequence_47787,5.0,sequence_47776,9.0,0.3884613485800141
141,sequence_47787,5.0,sequence_47808,4.0,0.0497770810555216
142,sequence_47787,5.0,sequence_47792,12.0,1.0
