,id_seq1,target_seq1,id_seq2,target_seq2,distance
75,sequence_47787,5.0,sequence_47694,51.0,5.436085223748584
76,sequence_47787,5.0,sequence_47691,40.0,5.3557415605851615
103,sequence_47787,5.0,sequence_47669,32.0,5.771147441115534
80,sequence_47787,5.0,sequence_47698,56.0,5.3557415605851615
