,id_seq1,target_seq1,id_seq2,target_seq2,distance
33,sequence_47787,5.0,sequence_47673,65.5,3.750391806080589
32,sequence_47787,5.0,sequence_47680,73.0,3.5906575914013734
79,sequence_47787,5.0,sequence_47675,57.0,4.051997016748153
77,sequence_47787,5.0,sequence_47701,63.0,4.036455810210578
13,sequence_47787,5.0,sequence_47679,44.0,3.314306582332005
34,sequence_47787,5.0,sequence_47700,65.0,3.7601048011412095
