,id_seq1,target_seq1,id_seq2,target_seq2,distance
128,sequence_47787,5.0,sequence_47723,69.0,5.791826784333745
129,sequence_47787,5.0,sequence_47722,75.0,5.791826784333745
