,id_seq1,target_seq1,id_seq2,target_seq2,distance
30,sequence_47787,5.0,sequence_47681,44.0,4.314306582332005
72,sequence_47787,5.0,sequence_47702,69.0,4.7601048011412095
130,sequence_47787,5.0,sequence_47674,38.0,4.750391806080589
