,id_seq1,target_seq1,id_seq2,target_seq2,distance
35,sequence_47787,5.0,sequence_47689,52.0,4.3557415605851615
14,sequence_47787,5.0,sequence_47695,52.0,2.436085223748584
15,sequence_47787,5.0,sequence_47710,43.0,3.436085223748584
