,id_seq1,target_seq1,id_seq2,target_seq2,distance
78,sequence_40826,539,sequence_40788,510,0.0014175095042697
29,sequence_40826,539,sequence_40852,474,0.000489069998066
28,sequence_40826,539,sequence_40858,495,0.0004029742973176
32,sequence_40826,539,sequence_40791,454,0.0012832085049797
33,sequence_40826,539,sequence_40793,456,0.0013010060004248
