,id_seq1,target_seq1,id_seq2,target_seq2,distance
17,sequence_40826,539,sequence_40816,531,2.42826922994821e-05
7,sequence_40826,539,sequence_40813,528,2.2223134198862127e-05
