,id_seq1,target_seq1,id_seq2,target_seq2,distance
34,sequence_40826,539,sequence_40861,464,0.0009218623831084
37,sequence_40826,539,sequence_40853,463,0.0008451384917369
38,sequence_40826,539,sequence_40848,461,0.0009895356072083
26,sequence_40826,539,sequence_40851,477,0.0007821187642266
1,sequence_40826,539,sequence_40789,510,0.000823407624127
0,sequence_40826,539,sequence_40787,510,0.0007977884815354
