,id_seq1,target_seq1,id_seq2,target_seq2,distance
34,sequence_40826,539,sequence_40861,464,0.0009218623831084
37,sequence_40826,539,sequence_40853,463,0.0008451384917369
1,sequence_40826,539,sequence_40789,510,0.000823407624127
32,sequence_40826,539,sequence_40791,454,0.0012832085049797
33,sequence_40826,539,sequence_40793,456,0.0013010060004248
78,sequence_40826,539,sequence_40788,510,0.0014175095042697
0,sequence_40826,539,sequence_40787,510,0.0007977884815354
