,id_seq1,target_seq1,id_seq2,target_seq2,distance
77,sequence_40826,539,sequence_40799,597,0.000718456788601
74,sequence_40826,539,sequence_40796,567,0.0008567597722719
