,id_seq1,target_seq1,id_seq2,target_seq2,distance
2,sequence_40826,539,sequence_40794,519,0.0007926754707338
42,sequence_40826,539,sequence_40790,523,0.0005178379709523
