,id_seq1,target_seq1,id_seq2,target_seq2,distance
39,sequence_40826,539,sequence_40849,464,0.0006247806229803
31,sequence_40826,539,sequence_40846,483,0.0007891817566915
