,id_seq1,target_seq1,id_seq2,target_seq2,distance
30,sequence_47787,5.0,sequence_47681,44.0,0.0142944044996634
130,sequence_47787,5.0,sequence_47674,38.0,0.0155669521743981
