,id_seq1,target_seq1,id_seq2,target_seq2,distance
79,sequence_47787,5.0,sequence_47675,57.0,0.0171043854025802
87,sequence_47787,5.0,sequence_47703,95.0,0.0164642035944651
78,sequence_47787,5.0,sequence_47706,77.0,0.0161480648995475
74,sequence_47787,5.0,sequence_47705,71.0,0.0146731046476197
