,id_seq1,target_seq1,id_seq2,target_seq2,distance
47,sequence_47787,5.0,sequence_47666,69.0,0.0154938697554871
21,sequence_47787,5.0,sequence_47663,36.0,0.0137215159512351
48,sequence_47787,5.0,sequence_47671,36.0,0.0159188567428694
108,sequence_47787,5.0,sequence_47667,86.0,0.016749925372968
