,id_seq1,target_seq1,id_seq2,target_seq2,distance
64,sequence_47787,5.0,sequence_47744,69.0,0.0143310850949954
60,sequence_47787,5.0,sequence_47745,83.0,0.0143596657342711
63,sequence_47787,5.0,sequence_47749,81.0,0.0150093304314349
58,sequence_47787,5.0,sequence_47743,63.0,0.0146232691283447
59,sequence_47787,5.0,sequence_47752,67.0,0.0145849237228036
62,sequence_47787,5.0,sequence_47748,79.0,0.0136058810813559
61,sequence_47787,5.0,sequence_47747,72.0,0.0148956369450923
