,id_seq1,target_seq1,id_seq2,target_seq2,distance
104,sequence_47787,5.0,sequence_47668,48.0,0.0156547117507796
103,sequence_47787,5.0,sequence_47669,32.0,0.0161338154197945
105,sequence_47787,5.0,sequence_47670,97.0,0.0154932243254914
