,id_seq1,target_seq1,id_seq2,target_seq2,distance
15,sequence_47787,5.0,sequence_47710,43.0,0.0008879680268485
14,sequence_47787,5.0,sequence_47695,52.0,0.0007213341384763
