,id_seq1,target_seq1,id_seq2,target_seq2,distance
9,sequence_47787,5.0,sequence_47772,12.0,0.0001660626255661
136,sequence_47787,5.0,sequence_47801,4.0,0.00038883047591
26,sequence_47787,5.0,sequence_47760,26.0,0.0003768357897162
