,id_seq1,target_seq1,id_seq2,target_seq2,distance
127,sequence_47787,5.0,sequence_47719,66.0,0.0012741523652191
129,sequence_47787,5.0,sequence_47722,75.0,0.0012277103001152
126,sequence_47787,5.0,sequence_47716,84.0,0.0016278638268962
125,sequence_47787,5.0,sequence_47720,80.0,0.0011650209944001
123,sequence_47787,5.0,sequence_47718,81.0,0.0013570931597532
124,sequence_47787,5.0,sequence_47717,66.0,0.0013637881837267
