,id_seq1,target_seq1,id_seq2,target_seq2,distance
128,sequence_47787,5.0,sequence_47723,69.0,0.0010771262128547
85,sequence_47787,5.0,sequence_47677,103.0,0.0011157806985719
132,sequence_47787,5.0,sequence_47711,57.0,0.0010148766038129
131,sequence_47787,5.0,sequence_47676,56.0,0.0009997112490168
