,id_seq1,target_seq1,id_seq2,target_seq2,distance
21,sequence_47787,5.0,sequence_47663,36.0,0.0004020090409344
112,sequence_47787,5.0,sequence_47662,28.0,0.0005829613220952
111,sequence_47787,5.0,sequence_47811,24.0,0.0003633240006326
50,sequence_47787,5.0,sequence_47756,37.0,0.0006022092457785
