,id_seq1,target_seq1,id_seq2,target_seq2,distance
81,sequence_47787,5.0,sequence_47688,90.0,0.0013667005932169
75,sequence_47787,5.0,sequence_47694,51.0,0.0010018552529692
35,sequence_47787,5.0,sequence_47689,52.0,0.0009279620224
31,sequence_47787,5.0,sequence_47696,47.0,0.0010044581049055
