,id_seq1,target_seq1,id_seq2,target_seq2,distance
67,sequence_47787,5.0,sequence_47774,21.0,0.0007150268014751
71,sequence_47787,5.0,sequence_47769,25.0,0.0005386585334861
