,id_seq1,target_seq1,id_seq2,target_seq2,distance
107,sequence_47787,5.0,sequence_47661,52.0,0.000899928900051
56,sequence_47787,5.0,sequence_47751,34.0,0.0008048778255964
