,id_seq1,target_seq1,id_seq2,target_seq2,distance
52,sequence_47787,5.0,sequence_47730,35.0,0.0003883512607332
25,sequence_47787,5.0,sequence_47750,25.0,0.0005400177064656
