,id_seq1,target_seq1,id_seq2,target_seq2,distance
8,sequence_47787,5.0,sequence_47782,17.0,0.0002123235767971
7,sequence_47787,5.0,sequence_47786,18.0,0.0002841023060443
5,sequence_47787,5.0,sequence_47779,11.0,0.000208900058331
4,sequence_47787,5.0,sequence_47777,11.0,0.0002359677765053
