,id_seq1,target_seq1,id_seq2,target_seq2,distance
104,sequence_47787,5.0,sequence_47668,48.0,0.0006362269520318
106,sequence_47787,5.0,sequence_47665,50.0,0.0007055105721525
56,sequence_47787,5.0,sequence_47751,34.0,0.0008048778255964
103,sequence_47787,5.0,sequence_47669,32.0,0.0008617897771183
