,id_seq1,target_seq1,id_seq2,target_seq2,distance
40,sequence_47787,5.0,sequence_47724,48.0,0.0007333055491183
12,sequence_47787,5.0,sequence_47685,24.0,0.0005067667727376
16,sequence_47787,5.0,sequence_47686,22.0,0.0007287375053905
