,id_seq1,target_seq1,id_seq2,target_seq2,distance
144,sequence_47787,5.0,sequence_47788,5.0,0.0002271797649231
2,sequence_47787,5.0,sequence_47790,9.0,0.0003836623086869
