,id_seq1,target_seq1,id_seq2,target_seq2,distance
93,sequence_47787,5.0,sequence_47761,120.0,0.0008055806605278
94,sequence_47787,5.0,sequence_47764,118.0,0.0008641458529425
89,sequence_47787,5.0,sequence_47762,127.0,0.0009448999853974
92,sequence_47787,5.0,sequence_47812,121.0,0.0009808083413018
95,sequence_47787,5.0,sequence_47763,122.0,0.0010196126178484
90,sequence_47787,5.0,sequence_47765,118.0,0.0011522803111065
41,sequence_47787,5.0,sequence_47806,73.0,0.0006047519239115
91,sequence_47787,5.0,sequence_47767,105.0,0.000704087578834
