,id_seq1,target_seq1,id_seq2,target_seq2,distance
59,sequence_47787,5.0,sequence_47752,67.0,0.0007631170483699
53,sequence_47787,5.0,sequence_47758,22.0,0.0007247733650066
62,sequence_47787,5.0,sequence_47748,79.0,0.0006704879096761
61,sequence_47787,5.0,sequence_47747,72.0,0.0007158607661609
64,sequence_47787,5.0,sequence_47744,69.0,0.0007760466437801
