,id_seq1,target_seq1,id_seq2,target_seq2,distance
17,sequence_47787,5.0,sequence_47778,26.0,0.0003868392975153
18,sequence_47787,5.0,sequence_47780,23.0,0.0003791445772435
