,id_seq1,target_seq1,id_seq2,target_seq2,distance
27,sequence_47787,5.0,sequence_47773,19.0,0.0005961424630056
20,sequence_47787,5.0,sequence_47803,12.0,0.0009234006455622
138,sequence_47787,5.0,sequence_47802,4.0,0.0006500394732265
68,sequence_47787,5.0,sequence_47770,25.0,0.0009534486426481
