,id_seq1,target_seq1,id_seq2,target_seq2,distance
73,sequence_47787,5.0,sequence_47672,76.0,0.0006182710148532
30,sequence_47787,5.0,sequence_47681,44.0,0.0007080330191462
32,sequence_47787,5.0,sequence_47680,73.0,0.0007155635617344
78,sequence_47787,5.0,sequence_47706,77.0,0.0007543158407191
77,sequence_47787,5.0,sequence_47701,63.0,0.0008628904436213
74,sequence_47787,5.0,sequence_47705,71.0,0.0006589821325654
72,sequence_47787,5.0,sequence_47702,69.0,0.0007896374464567
34,sequence_47787,5.0,sequence_47700,65.0,0.000570415592221
