,id_seq1,target_seq1,id_seq2,target_seq2,distance
18,sequence_47787,5.0,sequence_47780,23.0,3.544125665442682
19,sequence_47787,5.0,sequence_47785,25.0,3.2586528397567007
17,sequence_47787,5.0,sequence_47778,26.0,3.544125665442682
