,id_seq1,target_seq1,id_seq2,target_seq2,distance
58,sequence_47787,5.0,sequence_47743,63.0,4.833940151484745
57,sequence_47787,5.0,sequence_47741,102.0,4.833940151484745
60,sequence_47787,5.0,sequence_47745,83.0,4.833940151484745
116,sequence_47787,5.0,sequence_47755,100.0,5.060959340203221
117,sequence_47787,5.0,sequence_47746,94.0,5.060959340203221
119,sequence_47787,5.0,sequence_47753,74.0,5.060959340203221
