,id_seq1,target_seq1,id_seq2,target_seq2,distance
47,sequence_47787,5.0,sequence_47666,69.0,4.38373410352377
107,sequence_47787,5.0,sequence_47661,52.0,4.515677578451933
114,sequence_47787,5.0,sequence_47733,25.0,3.767020556348122
106,sequence_47787,5.0,sequence_47665,50.0,4.574800518599635
52,sequence_47787,5.0,sequence_47730,35.0,3.540001367629646
