,id_seq1,target_seq1,id_seq2,target_seq2,distance
12,sequence_47787,5.0,sequence_47685,24.0,2.227019188718476
31,sequence_47787,5.0,sequence_47696,47.0,2.6385610535564363
0,sequence_47787,5.0,sequence_47684,23.0,2.0
