,id_seq1,target_seq1,id_seq2,target_seq2,distance
16,sequence_47787,5.0,sequence_47686,22.0,3.544125665442682
37,sequence_47787,5.0,sequence_47697,55.5,3.9556675302806426
15,sequence_47787,5.0,sequence_47710,43.0,3.4115418648379605
