,id_seq1,target_seq1,id_seq2,target_seq2,distance
54,sequence_47787,5.0,sequence_47797,27.0,3.540001367629646
23,sequence_47787,5.0,sequence_47783,24.5,3.540001367629646
