,id_seq1,target_seq1,id_seq2,target_seq2,distance
30,sequence_47787,5.0,sequence_47681,44.0,4.227019188718476
32,sequence_47787,5.0,sequence_47680,73.0,4.426362238797472
