,id_seq1,target_seq1,id_seq2,target_seq2,distance
86,sequence_47787,5.0,sequence_47692,87.5,5.9556675302806426
100,sequence_47787,5.0,sequence_47712,49.0,5.9556675302806426
96,sequence_47787,5.0,sequence_47699,62.0,5.9556675302806426
102,sequence_47787,5.0,sequence_47725,57.0,5.9556675302806426
36,sequence_47787,5.0,sequence_47683,75.0,5.544125665442682
98,sequence_47787,5.0,sequence_47693,64.0,5.9556675302806426
