,id_seq1,target_seq1,id_seq2,target_seq2,distance
41,sequence_47787,5.0,sequence_47806,73.0,4.639201379232995
94,sequence_47787,5.0,sequence_47764,118.0,5.557786156537258
90,sequence_47787,5.0,sequence_47765,118.0,5.529907926198387
89,sequence_47787,5.0,sequence_47762,127.0,5.548020676975987
93,sequence_47787,5.0,sequence_47761,120.0,5.387858401336806
92,sequence_47787,5.0,sequence_47812,121.0,5.473141530717741
42,sequence_47787,5.0,sequence_47807,42.0,4.639201379232995
