,id_seq1,target_seq1,id_seq2,target_seq2,distance
144,sequence_47787,5.0,sequence_47788,5.0,0.2270191887184759
148,sequence_47787,5.0,sequence_47810,5.57,1.0
136,sequence_47787,5.0,sequence_47801,4.0,0.4115418648379604
138,sequence_47787,5.0,sequence_47802,4.0,0.6385610535564364
142,sequence_47787,5.0,sequence_47792,12.0,0.4019148159586713
149,sequence_47787,5.0,sequence_47766,4.19,1.0
