,id_seq1,target_seq1,id_seq2,target_seq2,distance
108,sequence_47787,5.0,sequence_47667,86.0,5.38373410352377
48,sequence_47787,5.0,sequence_47671,36.0,5.288658389733457
105,sequence_47787,5.0,sequence_47670,97.0,4.824968885747896
125,sequence_47787,5.0,sequence_47720,80.0,6.084127033072328
47,sequence_47787,5.0,sequence_47666,69.0,4.38373410352377
