,id_seq1,target_seq1,id_seq2,target_seq2,distance
52,sequence_47787,5.0,sequence_47730,35.0,3.540001367629646
114,sequence_47787,5.0,sequence_47733,25.0,3.767020556348122
