,id_seq1,target_seq1,id_seq2,target_seq2,distance
115,sequence_47787,5.0,sequence_47732,30.0,4.540001367629646
112,sequence_47787,5.0,sequence_47662,28.0,5.288658389733457
50,sequence_47787,5.0,sequence_47756,37.0,5.373941519114391
49,sequence_47787,5.0,sequence_47727,45.0,4.540001367629646
113,sequence_47787,5.0,sequence_47731,32.0,4.540001367629646
