,id_seq1,target_seq1,id_seq2,target_seq2,distance
81,sequence_47787,5.0,sequence_47688,90.0,4.951543232467607
35,sequence_47787,5.0,sequence_47689,52.0,3.9515432324676074
