,id_seq1,target_seq1,id_seq2,target_seq2,distance
64,sequence_47787,5.0,sequence_47744,69.0,3.903476328241713
59,sequence_47787,5.0,sequence_47752,67.0,3.903476328241713
61,sequence_47787,5.0,sequence_47747,72.0,4.196893219788905
