,id_seq1,target_seq1,id_seq2,target_seq2,distance
20,sequence_47787,5.0,sequence_47803,12.0,1.9556675302806423
1,sequence_47787,5.0,sequence_47789,10.0,1.544125665442682
