,id_seq1,target_seq1,id_seq2,target_seq2,distance
41,sequence_47787,5.0,sequence_47806,73.0,4.639201379232995
67,sequence_47787,5.0,sequence_47774,21.0,4.544125665442682
42,sequence_47787,5.0,sequence_47807,42.0,4.639201379232995
71,sequence_47787,5.0,sequence_47769,25.0,4.544125665442682
