,id_seq1,target_seq1,id_seq2,target_seq2,distance
37,sequence_47787,5.0,sequence_47697,55.5,3.9556675302806426
12,sequence_47787,5.0,sequence_47685,24.0,2.227019188718476
31,sequence_47787,5.0,sequence_47696,47.0,2.6385610535564363
16,sequence_47787,5.0,sequence_47686,22.0,3.544125665442682
