,id_seq1,target_seq1,id_seq2,target_seq2,distance
130,sequence_47787,5.0,sequence_47674,38.0,5.227019188718476
72,sequence_47787,5.0,sequence_47702,69.0,5.322094902508789
33,sequence_47787,5.0,sequence_47673,65.5,5.0
