,id_seq1,target_seq1,id_seq2,target_seq2,distance
30,sequence_47787,5.0,sequence_47681,44.0,4.227019188718476
74,sequence_47787,5.0,sequence_47705,71.0,4.322094902508789
13,sequence_47787,5.0,sequence_47679,44.0,4.0
76,sequence_47787,5.0,sequence_47691,40.0,4.638561053556437
80,sequence_47787,5.0,sequence_47698,56.0,4.638561053556437
