,id_seq1,target_seq1,id_seq2,target_seq2,distance
45,sequence_47787,5.0,sequence_47799,24.0,3.9556675302806426
43,sequence_47787,5.0,sequence_47804,23.0,3.9556675302806426
17,sequence_47787,5.0,sequence_47778,26.0,3.544125665442682
18,sequence_47787,5.0,sequence_47780,23.0,3.544125665442682
44,sequence_47787,5.0,sequence_47800,20.0,3.9556675302806426
