,id_seq1,target_seq1,id_seq2,target_seq2,distance
47,sequence_47787,5.0,sequence_47666,69.0,461.528534911613
21,sequence_47787,5.0,sequence_47663,36.0,444.9739103995761
