,id_seq1,target_seq1,id_seq2,target_seq2,distance
27,sequence_47787,5.0,sequence_47773,19.0,535.2962793953363
66,sequence_47787,5.0,sequence_47759,36.0,549.0584482636707
