,id_seq1,target_seq1,id_seq2,target_seq2,distance
100,sequence_47787,5.0,sequence_47712,49.0,702.4376850530017
43,sequence_47787,5.0,sequence_47804,23.0,689.8931788064077
101,sequence_47787,5.0,sequence_47714,51.0,700.6421182726742
