,id_seq1,target_seq1,id_seq2,target_seq2,distance
18,sequence_47787,5.0,sequence_47780,23.0,548.3906852184125
132,sequence_47787,5.0,sequence_47711,57.0,577.1594120373851
95,sequence_47787,5.0,sequence_47763,122.0,562.1715149622311
68,sequence_47787,5.0,sequence_47770,25.0,588.4156593498682
