,id_seq1,target_seq1,id_seq2,target_seq2,distance
32,sequence_47787,5.0,sequence_47680,73.0,485.3625428796293
79,sequence_47787,5.0,sequence_47675,57.0,500.5891277700206
77,sequence_47787,5.0,sequence_47701,63.0,498.3269042126765
13,sequence_47787,5.0,sequence_47679,44.0,480.6255558618788
