,id_seq1,target_seq1,id_seq2,target_seq2,distance
130,sequence_47787,5.0,sequence_47674,38.0,601.6421006327599
72,sequence_47787,5.0,sequence_47702,69.0,599.842964979502
30,sequence_47787,5.0,sequence_47681,44.0,589.1168620942623
73,sequence_47787,5.0,sequence_47672,76.0,594.1602168644666
12,sequence_47787,5.0,sequence_47685,24.0,563.8740109758119
74,sequence_47787,5.0,sequence_47705,71.0,589.1951669482278
