,id_seq1,target_seq1,id_seq2,target_seq2,distance
93,sequence_47787,5.0,sequence_47761,120.0,663.6875166409038
91,sequence_47787,5.0,sequence_47767,105.0,683.1006742459124
