,id_seq1,target_seq1,id_seq2,target_seq2,distance
33,sequence_47787,5.0,sequence_47673,65.5,495.89864387548994
34,sequence_47787,5.0,sequence_47700,65.0,493.714320613804
