,id_seq1,target_seq1,id_seq2,target_seq2,distance
60,sequence_47787,5.0,sequence_47745,83.0,276.5168569528267
143,sequence_47787,5.0,sequence_47791,4.0,187.7647
63,sequence_47787,5.0,sequence_47749,81.0,282.7312495952296
62,sequence_47787,5.0,sequence_47748,79.0,296.1628401678881
8,sequence_47787,5.0,sequence_47782,17.0,264.999514242951
29,sequence_47787,5.0,sequence_47771,18.0,310.8443650607648
135,sequence_47787,5.0,sequence_47793,16.0,191.59226616484287
22,sequence_47787,5.0,sequence_47757,36.0,266.9309995795543
6,sequence_47787,5.0,sequence_47784,21.0,236.83616743909704
