,id_seq1,target_seq1,id_seq2,target_seq2,distance
94,sequence_47787,5.0,sequence_47764,118.0,559.9263243944957
92,sequence_47787,5.0,sequence_47812,121.0,560.1173960387412
121,sequence_47787,5.0,sequence_47742,108.0,575.158823294601
41,sequence_47787,5.0,sequence_47806,73.0,559.8975344345874
133,sequence_47787,5.0,sequence_47739,35.0,575.158823294601
17,sequence_47787,5.0,sequence_47778,26.0,548.3906852184125
71,sequence_47787,5.0,sequence_47769,25.0,561.8246022419542
134,sequence_47787,5.0,sequence_47735,55.0,575.3269994067548
