,id_seq1,target_seq1,id_seq2,target_seq2,distance
28,sequence_53082,55.0,sequence_19509,50.6,0.630901287553648
288,sequence_19402,43.0,sequence_19509,50.6,0.1845493562231759
548,sequence_20054,49.0,sequence_19509,50.6,0.1759656652360515
