,id_seq1,target_seq1,id_seq2,target_seq2,distance
43,sequence_47787,5.0,sequence_47804,23.0,0.0001427807761894
44,sequence_47787,5.0,sequence_47800,20.0,0.0001562135100088
19,sequence_47787,5.0,sequence_47785,25.0,0.0001131885017918
67,sequence_47787,5.0,sequence_47774,21.0,0.0001269979787544
