,id_seq1,target_seq1,id_seq2,target_seq2,distance
136,sequence_47787,5.0,sequence_47801,4.0,2.559187874795477e-05
10,sequence_47787,5.0,sequence_47795,7.0,2.727042538885893e-05
138,sequence_47787,5.0,sequence_47802,4.0,6.515457629074906e-05
11,sequence_47787,5.0,sequence_47776,9.0,2.943622652296085e-06
