,id_seq1,target_seq1,id_seq2,target_seq2,distance
143,sequence_47787,5.0,sequence_47791,4.0,1.466630021518256e-05
144,sequence_47787,5.0,sequence_47788,5.0,2.720300161274114e-05
