,id_seq1,target_seq1,id_seq2,target_seq2,distance
107,sequence_47787,5.0,sequence_47661,52.0,0.0001546775670825
106,sequence_47787,5.0,sequence_47665,50.0,0.0001354367851332
105,sequence_47787,5.0,sequence_47670,97.0,0.0001522635273362
46,sequence_47787,5.0,sequence_47664,32.0,0.0001332876431645
