,id_seq1,target_seq1,id_seq2,target_seq2,distance
35,sequence_47787,5.0,sequence_47689,52.0,0.0001697916589377
0,sequence_47787,5.0,sequence_47684,23.0,0.0001141712623232
12,sequence_47787,5.0,sequence_47685,24.0,0.0001610613682179
15,sequence_47787,5.0,sequence_47710,43.0,0.0001500502352469
31,sequence_47787,5.0,sequence_47696,47.0,0.000204112895083
14,sequence_47787,5.0,sequence_47695,52.0,0.000145009616432
