,id_seq1,target_seq1,id_seq2,target_seq2,distance
68,sequence_47787,5.0,sequence_47770,25.0,9.668594502210136e-05
2,sequence_47787,5.0,sequence_47790,9.0,6.305824087415868e-05
27,sequence_47787,5.0,sequence_47773,19.0,6.846914738689591e-05
20,sequence_47787,5.0,sequence_47803,12.0,9.776139466133316e-05
1,sequence_47787,5.0,sequence_47789,10.0,4.825860567891915e-05
