,id_seq1,target_seq1,id_seq2,target_seq2,distance
117,sequence_47787,5.0,sequence_47746,94.0,0.000208079060658
118,sequence_47787,5.0,sequence_47754,70.0,0.0002191249557379
119,sequence_47787,5.0,sequence_47753,74.0,0.0002084045418798
56,sequence_47787,5.0,sequence_47751,34.0,0.0001755575344501
116,sequence_47787,5.0,sequence_47755,100.0,0.0002782218675674
