,id_seq1,target_seq1,id_seq2,target_seq2,distance
104,sequence_47787,5.0,sequence_47668,48.0,0.0001463896859796
103,sequence_47787,5.0,sequence_47669,32.0,0.0001520335129974
