,id_seq1,target_seq1,id_seq2,target_seq2,distance
99,sequence_47787,5.0,sequence_47690,63.0,0.0002260460958946
97,sequence_47787,5.0,sequence_47687,92.0,0.000249438393269
