,id_seq1,target_seq1,id_seq2,target_seq2,distance
129,sequence_47787,5.0,sequence_47722,75.0,0.0002108829434941
123,sequence_47787,5.0,sequence_47718,81.0,0.0002059718128762
124,sequence_47787,5.0,sequence_47717,66.0,0.0001958304644753
