,id_seq1,target_seq1,id_seq2,target_seq2,distance
49,sequence_47787,5.0,sequence_47727,45.0,6.194709899720596e-05
110,sequence_47787,5.0,sequence_47734,110.0,8.697063332130384e-05
109,sequence_47787,5.0,sequence_47726,120.0,9.159667042890618e-05
