,id_seq1,target_seq1,id_seq2,target_seq2,distance
87,sequence_47787,5.0,sequence_47703,95.0,0.0001631172943581
88,sequence_47787,5.0,sequence_47707,79.0,0.0001744613306823
