,id_seq1,target_seq1,id_seq2,target_seq2,distance
115,sequence_47787,5.0,sequence_47732,30.0,0.0001360943676429
113,sequence_47787,5.0,sequence_47731,32.0,0.0001186530141501
114,sequence_47787,5.0,sequence_47733,25.0,0.00012821254405
140,sequence_47787,5.0,sequence_47728,12.0,4.01524201635306e-05
52,sequence_47787,5.0,sequence_47730,35.0,7.696951909830219e-05
