,id_seq1,target_seq1,id_seq2,target_seq2,distance
130,sequence_47787,5.0,sequence_47674,38.0,0.0001963690912709
69,sequence_47787,5.0,sequence_47713,51.0,0.0001758250754962
33,sequence_47787,5.0,sequence_47673,65.5,0.000177445334426
