,id_seq1,target_seq1,id_seq2,target_seq2,distance
120,sequence_51016,-4.626935645431157,sequence_51188,-7.477058965090089,184211.8606
3,sequence_51016,-4.626935645431157,sequence_51191,-4.187052068679792,166019.2342
99,sequence_51016,-4.626935645431157,sequence_51189,-4.558817450583756,169201.97340000002
246,sequence_51016,-4.626935645431157,sequence_51146,-3.958357370465748,171161.8534
28,sequence_51016,-4.626935645431157,sequence_51187,-6.886468446878718,184516.0677
131,sequence_51016,-4.626935645431157,sequence_51190,-8.743963500717465,176634.8627
213,sequence_51016,-4.626935645431157,sequence_51132,-4.340049860624873,185472.5014
