,id_seq1,target_seq1,id_seq2,target_seq2,distance
58,sequence_47787,5.0,sequence_47743,63.0,0.008146218389663
57,sequence_47787,5.0,sequence_47741,102.0,0.0079033974984038
59,sequence_47787,5.0,sequence_47752,67.0,0.0088375184708182
25,sequence_47787,5.0,sequence_47750,25.0,0.0054863703881507
