,id_seq1,target_seq1,id_seq2,target_seq2,distance
143,sequence_47787,5.0,sequence_47791,4.0,0.0028626636979283
8,sequence_47787,5.0,sequence_47782,17.0,0.0047964754885758
6,sequence_47787,5.0,sequence_47784,21.0,0.0047336200575866
7,sequence_47787,5.0,sequence_47786,18.0,0.0047964754885758
