,id_seq1,target_seq1,id_seq2,target_seq2,distance
101,sequence_47787,5.0,sequence_47714,51.0,0.0214835960204839
43,sequence_47787,5.0,sequence_47804,23.0,0.016802079370885
67,sequence_47787,5.0,sequence_47774,21.0,0.0161070814584813
100,sequence_47787,5.0,sequence_47712,49.0,0.0200154237411206
44,sequence_47787,5.0,sequence_47800,20.0,0.0156682680225244
