,id_seq1,target_seq1,id_seq2,target_seq2,distance
18,sequence_47787,5.0,sequence_47780,23.0,0.0112878706531347
2,sequence_47787,5.0,sequence_47790,9.0,0.0067497876959616
