,id_seq1,target_seq1,id_seq2,target_seq2,distance
54,sequence_47787,5.0,sequence_47797,27.0,0.0121175482245042
117,sequence_47787,5.0,sequence_47746,94.0,0.0145106491121488
114,sequence_47787,5.0,sequence_47733,25.0,0.0145673055422259
