,id_seq1,target_seq1,id_seq2,target_seq2,distance
136,sequence_47787,5.0,sequence_47801,4.0,0.0031966784430423
26,sequence_47787,5.0,sequence_47760,26.0,0.0032090770457987
10,sequence_47787,5.0,sequence_47795,7.0,0.0037685779056611
9,sequence_47787,5.0,sequence_47772,12.0,0.0025172155863305
