,id_seq1,target_seq1,id_seq2,target_seq2,distance
115,sequence_47787,5.0,sequence_47732,30.0,0.0146923442414738
116,sequence_47787,5.0,sequence_47755,100.0,0.0148656658289907
114,sequence_47787,5.0,sequence_47733,25.0,0.0145673055422259
109,sequence_47787,5.0,sequence_47726,120.0,0.0136579948926996
117,sequence_47787,5.0,sequence_47746,94.0,0.0145106491121488
119,sequence_47787,5.0,sequence_47753,74.0,0.0165222522273829
