,id_seq1,target_seq1,id_seq2,target_seq2,distance
149,sequence_47787,5.0,sequence_47766,4.19,0.0023240138305201
148,sequence_47787,5.0,sequence_47810,5.57,0.0024242393819366
