,id_seq1,target_seq1,id_seq2,target_seq2,distance
75,sequence_47787,5.0,sequence_47694,51.0,0.0183299312682693
107,sequence_47787,5.0,sequence_47661,52.0,0.0165665252500493
105,sequence_47787,5.0,sequence_47670,97.0,0.0176828182046673
76,sequence_47787,5.0,sequence_47691,40.0,0.0169482127560304
80,sequence_47787,5.0,sequence_47698,56.0,0.0169482127560304
