,id_seq1,target_seq1,id_seq2,target_seq2,distance
146,sequence_47787,5.0,sequence_47809,10.0,0.0018444666606884
11,sequence_47787,5.0,sequence_47776,9.0,0.0001299572708038
141,sequence_47787,5.0,sequence_47808,4.0,0.0005620558134669
142,sequence_47787,5.0,sequence_47792,12.0,0.0012824121766895
