,id_seq1,target_seq1,id_seq2,target_seq2,distance
140,sequence_47787,5.0,sequence_47728,12.0,0.0025172155863305
150,sequence_47787,5.0,sequence_47736,19.0,0.0030792670432022
