,id_seq1,target_seq1,id_seq2,target_seq2,distance
32,sequence_47787,5.0,sequence_47680,73.0,0.0080823908325626
78,sequence_47787,5.0,sequence_47706,77.0,0.0093282545708816
