,id_seq1,target_seq1,id_seq2,target_seq2,distance
68,sequence_47787,5.0,sequence_47770,25.0,0.0127829701338649
20,sequence_47787,5.0,sequence_47803,12.0,0.0121079741036324
42,sequence_47787,5.0,sequence_47807,42.0,0.0176629087850204
