,id_seq1,target_seq1,id_seq2,target_seq2,distance
113,sequence_47787,5.0,sequence_47731,32.0,0.0110910662816167
53,sequence_47787,5.0,sequence_47758,22.0,0.0114025378427404
52,sequence_47787,5.0,sequence_47730,35.0,0.0109639643876155
