,id_seq1,target_seq1,id_seq2,target_seq2,distance
138,sequence_47787,5.0,sequence_47802,4.0,0.0067497876959616
118,sequence_47787,5.0,sequence_47754,70.0,0.0127393579753955
120,sequence_47787,5.0,sequence_47740,158.0,0.0113407554923992
