,id_seq1,target_seq1,id_seq2,target_seq2,distance
94,sequence_47787,5.0,sequence_47764,118.0,0.016155893987948
89,sequence_47787,5.0,sequence_47762,127.0,0.0147678014933134
