,id_seq1,target_seq1,id_seq2,target_seq2,distance
69,sequence_47787,5.0,sequence_47713,51.0,0.0095619302891337
60,sequence_47787,5.0,sequence_47745,83.0,0.0109282791711384
63,sequence_47787,5.0,sequence_47749,81.0,0.0088290550078992
62,sequence_47787,5.0,sequence_47748,79.0,0.0093949478696364
