,id_seq1,target_seq1,id_seq2,target_seq2,distance
83,sequence_47787,5.0,sequence_47708,111.0,0.0182847826476135
88,sequence_47787,5.0,sequence_47707,79.0,0.0180433377301033
16,sequence_47787,5.0,sequence_47686,22.0,0.0143601932329064
