,id_seq1,target_seq1,id_seq2,target_seq2,distance
30,sequence_47787,5.0,sequence_47681,44.0,0.0114185733244568
12,sequence_47787,5.0,sequence_47685,24.0,0.0089887516424013
