,id_seq1,target_seq1,id_seq2,target_seq2,distance
93,sequence_47787,5.0,sequence_47761,120.0,0.0172058141893969
90,sequence_47787,5.0,sequence_47765,118.0,0.0174470200355862
91,sequence_47787,5.0,sequence_47767,105.0,0.0173319787019998
