,id_seq1,target_seq1,id_seq2,target_seq2,distance
47,sequence_47787,5.0,sequence_47666,69.0,0.015617429294575
35,sequence_47787,5.0,sequence_47689,52.0,0.0134520928882154
48,sequence_47787,5.0,sequence_47671,36.0,0.0136260920577304
