,id_seq1,target_seq1,id_seq2,target_seq2,distance
1,sequence_47787,5.0,sequence_47789,10.0,0.0088646059576206
17,sequence_47787,5.0,sequence_47778,26.0,0.0112878706531347
