,id_seq1,target_seq1,id_seq2,target_seq2,distance
32,sequence_47787,5.0,sequence_47680,73.0,0.0080823908325626
13,sequence_47787,5.0,sequence_47679,44.0,0.0078395139119489
