,id_seq1,target_seq1,id_seq2,target_seq2,distance
130,sequence_47787,5.0,sequence_47674,38.0,6434.732642127919
72,sequence_47787,5.0,sequence_47702,69.0,6424.979487512722
30,sequence_47787,5.0,sequence_47681,44.0,6348.238234424161
73,sequence_47787,5.0,sequence_47672,76.0,6462.5758816810485
12,sequence_47787,5.0,sequence_47685,24.0,6118.200612921501
74,sequence_47787,5.0,sequence_47705,71.0,6356.066748077717
