,id_seq1,target_seq1,id_seq2,target_seq2,distance
143,sequence_47787,5.0,sequence_47791,4.0,2198.129826917669
29,sequence_47787,5.0,sequence_47771,18.0,3501.896811895932
8,sequence_47787,5.0,sequence_47782,17.0,3090.373952809588
6,sequence_47787,5.0,sequence_47784,21.0,2767.994032127552
60,sequence_47787,5.0,sequence_47745,83.0,3059.042904891068
22,sequence_47787,5.0,sequence_47757,36.0,2986.5228074074803
135,sequence_47787,5.0,sequence_47793,16.0,2233.454782380973
63,sequence_47787,5.0,sequence_47749,81.0,3132.051910615779
62,sequence_47787,5.0,sequence_47748,79.0,3289.7445420488048
