,id_seq1,target_seq1,id_seq2,target_seq2,distance
35,sequence_47787,5.0,sequence_47689,52.0,7312.316120308063
15,sequence_47787,5.0,sequence_47710,43.0,7454.824975945648
14,sequence_47787,5.0,sequence_47695,52.0,6869.594586203739
