,id_seq1,target_seq1,id_seq2,target_seq2,distance
10,sequence_47787,5.0,sequence_47795,7.0,4794.997557879241
136,sequence_47787,5.0,sequence_47801,4.0,4590.402383960694
