,id_seq1,target_seq1,id_seq2,target_seq2,distance
33,sequence_47787,5.0,sequence_47673,65.5,5495.796001302576
13,sequence_47787,5.0,sequence_47679,44.0,5344.760465338148
34,sequence_47787,5.0,sequence_47700,65.0,5478.6355665179935
