,id_seq1,target_seq1,id_seq2,target_seq2,distance
144,sequence_47787,5.0,sequence_47788,5.0,3825.901607490464
120,sequence_47787,5.0,sequence_47740,158.0,4823.195630799476
56,sequence_47787,5.0,sequence_47751,34.0,4211.282957087444
