,id_seq1,target_seq1,id_seq2,target_seq2,distance
45,sequence_47787,5.0,sequence_47799,24.0,7368.78262068596
20,sequence_47787,5.0,sequence_47803,12.0,7253.247625700807
42,sequence_47787,5.0,sequence_47807,42.0,7217.122218055199
44,sequence_47787,5.0,sequence_47800,20.0,7253.237424966382
