,id_seq1,target_seq1,id_seq2,target_seq2,distance
111,sequence_47787,5.0,sequence_47811,24.0,5010.627466540294
50,sequence_47787,5.0,sequence_47756,37.0,5091.353157871981
51,sequence_47787,5.0,sequence_47775,23.0,5147.50861281587
49,sequence_47787,5.0,sequence_47727,45.0,5094.391983564368
23,sequence_47787,5.0,sequence_47783,24.5,5012.000004798472
110,sequence_47787,5.0,sequence_47734,110.0,5982.679025067636
