,id_seq1,target_seq1,id_seq2,target_seq2,distance
51,sequence_47787,5.0,sequence_47775,23.0,5147.50861281587
109,sequence_47787,5.0,sequence_47726,120.0,5240.083014292921
117,sequence_47787,5.0,sequence_47746,94.0,4772.603774002861
