,id_seq1,target_seq1,id_seq2,target_seq2,distance
9,sequence_47787,5.0,sequence_47772,12.0,1393.4360774696734
11,sequence_47787,5.0,sequence_47776,9.0,1283.8740285288934
