,id_seq1,target_seq1,id_seq2,target_seq2,distance
199,sequence_53082,55.0,sequence_19470,61.0,0.0027771359901442
145,sequence_53082,55.0,sequence_19469,50.5,0.0019480885617354
192,sequence_53082,55.0,sequence_19499,53.3,0.0025419295301316
