,id_seq1,target_seq1,id_seq2,target_seq2,distance
79,sequence_47787,5.0,sequence_47675,57.0,0.0012283115035565
76,sequence_47787,5.0,sequence_47691,40.0,0.0012706256648943
80,sequence_47787,5.0,sequence_47698,56.0,0.0011717967560656
