,id_seq1,target_seq1,id_seq2,target_seq2,distance
143,sequence_47787,5.0,sequence_47791,4.0,8.559140478980876e-05
149,sequence_47787,5.0,sequence_47766,4.19,0.0001666568175046
148,sequence_47787,5.0,sequence_47810,5.57,8.127829901916073e-05
11,sequence_47787,5.0,sequence_47776,9.0,5.017652735839207e-05
141,sequence_47787,5.0,sequence_47808,4.0,8.229063071096832e-05
