,id_seq1,target_seq1,id_seq2,target_seq2,distance
133,sequence_47787,5.0,sequence_47739,35.0,0.0011155019494807
122,sequence_47787,5.0,sequence_47715,101.0,0.0011386943255068
