,id_seq1,target_seq1,id_seq2,target_seq2,distance
104,sequence_47787,5.0,sequence_47668,48.0,0.0006362944894844
106,sequence_47787,5.0,sequence_47665,50.0,0.0007059361091804
103,sequence_47787,5.0,sequence_47669,32.0,0.000862267711767
