,id_seq1,target_seq1,id_seq2,target_seq2,distance
136,sequence_47787,5.0,sequence_47801,4.0,0.0003890693896522
26,sequence_47787,5.0,sequence_47760,26.0,0.0003770646494375
9,sequence_47787,5.0,sequence_47772,12.0,0.0001661796999103
