,id_seq1,target_seq1,id_seq2,target_seq2,distance
21,sequence_47787,5.0,sequence_47663,36.0,0.0004023727181501
111,sequence_47787,5.0,sequence_47811,24.0,0.0003636421198456
50,sequence_47787,5.0,sequence_47756,37.0,0.0006028183134958
22,sequence_47787,5.0,sequence_47757,36.0,0.000452996860456
