,id_seq1,target_seq1,id_seq2,target_seq2,distance
37,sequence_47787,5.0,sequence_47697,55.5,0.0013865311808179
66,sequence_47787,5.0,sequence_47759,36.0,0.0014311244656776
38,sequence_47787,5.0,sequence_47678,37.0,0.0010222463217773
99,sequence_47787,5.0,sequence_47690,63.0,0.0016652766792895
97,sequence_47787,5.0,sequence_47687,92.0,0.0019092048035761
