,id_seq1,target_seq1,id_seq2,target_seq2,distance
39,sequence_47787,5.0,sequence_47682,53.0,0.0008215323749374
36,sequence_47787,5.0,sequence_47683,75.0,0.000967901881424
