,id_seq1,target_seq1,id_seq2,target_seq2,distance
81,sequence_47787,5.0,sequence_47688,90.0,0.0013676079889975
75,sequence_47787,5.0,sequence_47694,51.0,0.0010028211880941
35,sequence_47787,5.0,sequence_47689,52.0,0.0009287612934618
31,sequence_47787,5.0,sequence_47696,47.0,0.0010053343074313
