,id_seq1,target_seq1,id_seq2,target_seq2,distance
93,sequence_47787,5.0,sequence_47761,120.0,0.0008061225359917
94,sequence_47787,5.0,sequence_47764,118.0,0.0008643942135581
89,sequence_47787,5.0,sequence_47762,127.0,0.0009451805609043
92,sequence_47787,5.0,sequence_47812,121.0,0.0009809683482243
95,sequence_47787,5.0,sequence_47763,122.0,0.0010197664179414
90,sequence_47787,5.0,sequence_47765,118.0,0.001152787974766
41,sequence_47787,5.0,sequence_47806,73.0,0.0006049110702122
91,sequence_47787,5.0,sequence_47767,105.0,0.0007042115181812
42,sequence_47787,5.0,sequence_47807,42.0,0.000560294250924
