,id_seq1,target_seq1,id_seq2,target_seq2,distance
49,sequence_47787,5.0,sequence_47727,45.0,0.0004500894017616
23,sequence_47787,5.0,sequence_47783,24.5,0.0001992547602646
150,sequence_47787,5.0,sequence_47736,19.0,0.0001706941683394
