,id_seq1,target_seq1,id_seq2,target_seq2,distance
73,sequence_47787,5.0,sequence_47672,76.0,0.0006173274011956
30,sequence_47787,5.0,sequence_47681,44.0,0.000707402561316
32,sequence_47787,5.0,sequence_47680,73.0,0.0007149925819136
78,sequence_47787,5.0,sequence_47706,77.0,0.0007529889480603
77,sequence_47787,5.0,sequence_47701,63.0,0.000861982855434
74,sequence_47787,5.0,sequence_47705,71.0,0.0006579926890395
72,sequence_47787,5.0,sequence_47702,69.0,0.0007886703486237
34,sequence_47787,5.0,sequence_47700,65.0,0.0005706433821863
