,id_seq1,target_seq1,id_seq2,target_seq2,distance
82,sequence_47787,5.0,sequence_47704,98.0,0.0011610399580531
87,sequence_47787,5.0,sequence_47703,95.0,0.0008576548060218
84,sequence_47787,5.0,sequence_47709,119.0,0.0010111674806202
83,sequence_47787,5.0,sequence_47708,111.0,0.0010533133635988
88,sequence_47787,5.0,sequence_47707,79.0,0.0007870846752919
