,id_seq1,target_seq1,id_seq2,target_seq2,distance
9,sequence_51016,-4.626935645431157,sequence_51174,-8.191804956045784,6690.518599999999
116,sequence_51016,-4.626935645431157,sequence_51180,-6.304185064160062,5002.3816
214,sequence_51016,-4.626935645431157,sequence_51197,-6.969794378455091,6411.9337
106,sequence_51016,-4.626935645431157,sequence_51176,-6.977819960699303,5472.436900000001
200,sequence_51016,-4.626935645431157,sequence_51193,-5.950238637114008,5440.3899
26,sequence_51016,-4.626935645431157,sequence_51151,-7.50501562302166,6545.6667
232,sequence_51016,-4.626935645431157,sequence_51201,-6.724658769791372,6056.2227
237,sequence_51016,-4.626935645431157,sequence_51139,-6.942655461209572,5323.7384
129,sequence_51016,-4.626935645431157,sequence_51134,-7.793345450173909,5661.5511
23,sequence_51016,-4.626935645431157,sequence_51202,-6.673839708394163,6438.1239000000005
