,id_seq1,target_seq1,id_seq2,target_seq2,distance
158,sequence_51016,-4.626935645431157,sequence_51005,-5.462621475453159,894.5756000000001
163,sequence_51016,-4.626935645431157,sequence_51009,-4.573850042256471,370.6314000000002
223,sequence_51016,-4.626935645431157,sequence_50981,-7.512823751591346,7018.06
60,sequence_51016,-4.626935645431157,sequence_50984,-4.153545460917198,1507.9468000000002
58,sequence_51016,-4.626935645431157,sequence_51017,-7.84298595409709,2080.2455
160,sequence_51016,-4.626935645431157,sequence_51013,-4.687136967133388,752.6847
54,sequence_51016,-4.626935645431157,sequence_51032,-8.147653535627581,1455.1834
71,sequence_51016,-4.626935645431157,sequence_50978,-8.571060179872774,6079.646100000001
164,sequence_51016,-4.626935645431157,sequence_51031,-4.656133116104559,1298.2661
67,sequence_51016,-4.626935645431157,sequence_51018,-7.920386157149045,1867.9469
63,sequence_51016,-4.626935645431157,sequence_51033,-7.601809103963952,705.7624999999998
68,sequence_51016,-4.626935645431157,sequence_51015,-5.194006961724645,1349.8257999999998
204,sequence_51016,-4.626935645431157,sequence_51030,-4.598021987750988,1549.5273999999995
168,sequence_51016,-4.626935645431157,sequence_51026,-5.036439269942528,744.5668000000001
405,sequence_51170,-5.599110392902725,sequence_51005,-5.462621475453159,5839.7822
410,sequence_51170,-5.599110392902725,sequence_51009,-4.573850042256471,5539.1628
470,sequence_51170,-5.599110392902725,sequence_50981,-7.512823751591346,5285.2469
307,sequence_51170,-5.599110392902725,sequence_50984,-4.153545460917198,5710.4267
305,sequence_51170,-5.599110392902725,sequence_51017,-7.84298595409709,5027.0377
407,sequence_51170,-5.599110392902725,sequence_51013,-4.687136967133388,5530.413599999999
301,sequence_51170,-5.599110392902725,sequence_51032,-8.147653535627581,4803.937400000001
318,sequence_51170,-5.599110392902725,sequence_50978,-8.571060179872774,4952.3082
411,sequence_51170,-5.599110392902725,sequence_51031,-4.656133116104559,5453.4451
314,sequence_51170,-5.599110392902725,sequence_51018,-7.920386157149045,5638.7696
310,sequence_51170,-5.599110392902725,sequence_51033,-7.601809103963952,5320.3302
315,sequence_51170,-5.599110392902725,sequence_51015,-5.194006961724645,5372.3151
247,sequence_51170,-5.599110392902725,sequence_51016,-4.626935645431157,5480.9582
451,sequence_51170,-5.599110392902725,sequence_51030,-4.598021987750988,5184.7627
415,sequence_51170,-5.599110392902725,sequence_51026,-5.036439269942528,5264.2768
