,id_seq1,target_seq1,id_seq2,target_seq2,distance
211,sequence_51016,-4.626935645431157,sequence_51142,-7.121316080640148,6977.9859
118,sequence_51016,-4.626935645431157,sequence_51194,-5.951019832085327,5130.0184
17,sequence_51016,-4.626935645431157,sequence_51168,-7.697662542801202,5718.5054
6,sequence_51016,-4.626935645431157,sequence_51181,-6.128408684508713,5167.7556
13,sequence_51016,-4.626935645431157,sequence_51183,-7.546017632580344,5082.8506
111,sequence_51016,-4.626935645431157,sequence_51152,-6.5750272986407685,6575.1756000000005
102,sequence_51016,-4.626935645431157,sequence_51186,-5.749568986531335,6663.141100000001
31,sequence_51016,-4.626935645431157,sequence_51137,-8.113936450186205,6134.0641
21,sequence_51016,-4.626935645431157,sequence_51138,-5.893746696133273,6129.5719
25,sequence_51016,-4.626935645431157,sequence_51147,-8.583544794452564,5601.0332
