,id_seq1,target_seq1,id_seq2,target_seq2,distance
8,sequence_40826,539,sequence_40814,510,0.962890625
30,sequence_40826,539,sequence_40843,495,0.9775390625
14,sequence_40826,539,sequence_40842,522,0.966796875
3,sequence_40826,539,sequence_40806,525,0.9736328125
12,sequence_40826,539,sequence_40840,528,0.958984375
58,sequence_40826,539,sequence_40859,543,0.9697265625
63,sequence_40826,539,sequence_40822,549,0.95703125
10,sequence_40826,539,sequence_40855,522,0.9521484375
