,id_seq1,target_seq1,id_seq2,target_seq2,distance
72,sequence_51016,-4.626935645431157,sequence_32162,-7.3445848975979535,0.6886949424595195
