,id_seq1,target_seq1,id_seq2,target_seq2,distance
27,sequence_51016,-4.626935645431157,sequence_51145,-7.832019468805971,0.7989359828698748
246,sequence_51016,-4.626935645431157,sequence_51146,-3.958357370465748,0.6479340952471035
30,sequence_51016,-4.626935645431157,sequence_51141,-6.2807344442384325,0.8625051520937816
221,sequence_51016,-4.626935645431157,sequence_51126,-6.8444229718282426,0.8337445570717396
110,sequence_51016,-4.626935645431157,sequence_51195,-4.719117050535875,0.8893669868227297
200,sequence_51016,-4.626935645431157,sequence_51193,-5.950238637114008,0.84637404074434
