,id_seq1,target_seq1,id_seq2,target_seq2,distance
216,sequence_51016,-4.626935645431157,sequence_50968,-6.107021603142809,0.310476752720369
463,sequence_51170,-5.599110392902725,sequence_50968,-6.107021603142809,0.8484902730491978
710,sequence_32130,-5.7157882520247325,sequence_50968,-6.107021603142809,0.767343304330669
