,id_seq1,target_seq1,id_seq2,target_seq2,distance
32,sequence_47787,5.0,sequence_47680,73.0,10.419280767397831
39,sequence_47787,5.0,sequence_47682,53.0,10.511395445194282
