,id_seq1,target_seq1,id_seq2,target_seq2,distance
2,sequence_47787,5.0,sequence_47790,9.0,0.0015
27,sequence_47787,5.0,sequence_47773,19.0,0.0015999999999999
1,sequence_47787,5.0,sequence_47789,10.0,0.0011999999999999
138,sequence_47787,5.0,sequence_47802,4.0,0.0015
