,id_seq1,target_seq1,id_seq2,target_seq2,distance
21,sequence_47787,5.0,sequence_47663,36.0,0.0020999999999999
108,sequence_47787,5.0,sequence_47667,86.0,0.0029999999999999
48,sequence_47787,5.0,sequence_47671,36.0,0.0025999999999999
47,sequence_47787,5.0,sequence_47666,69.0,0.0025999999999999
