,id_seq1,target_seq1,id_seq2,target_seq2,distance
148,sequence_47787,5.0,sequence_47810,5.57,0.0010999999999999
136,sequence_47787,5.0,sequence_47801,4.0,0.0009
141,sequence_47787,5.0,sequence_47808,4.0,0.0008999999999999
10,sequence_47787,5.0,sequence_47795,7.0,0.0008
9,sequence_47787,5.0,sequence_47772,12.0,0.0008999999999999
149,sequence_47787,5.0,sequence_47766,4.19,0.0013999999999999
