,id_seq1,target_seq1,id_seq2,target_seq2,distance
32,sequence_47787,5.0,sequence_47680,73.0,0.0023
78,sequence_47787,5.0,sequence_47706,77.0,0.0023999999999999
77,sequence_47787,5.0,sequence_47701,63.0,0.0023999999999999
74,sequence_47787,5.0,sequence_47705,71.0,0.0025
72,sequence_47787,5.0,sequence_47702,69.0,0.0023999999999999
