,id_seq1,target_seq1,id_seq2,target_seq2,distance
144,sequence_47787,5.0,sequence_47788,5.0,0.0011999999999999
20,sequence_47787,5.0,sequence_47803,12.0,0.0015999999999999
