,id_seq1,target_seq1,id_seq2,target_seq2,distance
90,sequence_47787,5.0,sequence_47765,118.0,0.0022999999999999
92,sequence_47787,5.0,sequence_47812,121.0,0.0021999999999999
91,sequence_47787,5.0,sequence_47767,105.0,0.0021999999999999
95,sequence_47787,5.0,sequence_47763,122.0,0.0023999999999999
42,sequence_47787,5.0,sequence_47807,42.0,0.0023
