,id_seq1,target_seq1,id_seq2,target_seq2,distance
75,sequence_47787,5.0,sequence_47694,51.0,15.408450396594844
118,sequence_47787,5.0,sequence_47754,70.0,10.184859899494322
