,id_seq1,target_seq1,id_seq2,target_seq2,distance
127,sequence_47787,5.0,sequence_47719,66.0,10.23039169704078
126,sequence_47787,5.0,sequence_47716,84.0,11.14255489739219
8,sequence_47787,5.0,sequence_47782,17.0,8.355176970661066
61,sequence_47787,5.0,sequence_47747,72.0,10.588111422165577
