,id_seq1,target_seq1,id_seq2,target_seq2,distance
30,sequence_40826,539,sequence_40843,495,0.0126253390284908
26,sequence_40826,539,sequence_40851,477,0.0098901346026508
24,sequence_40826,539,sequence_40856,498,0.0134372388213639
