,id_seq1,target_seq1,id_seq2,target_seq2,distance
54,sequence_40826,539,sequence_40864,549,0.0011618890525237
52,sequence_40826,539,sequence_40804,561,0.0010735241903555
55,sequence_40826,539,sequence_40808,543,0.0002649308815683
1,sequence_40826,539,sequence_40789,510,0.0008733557726789
7,sequence_40826,539,sequence_40813,528,0.0003532935218098
50,sequence_40826,539,sequence_40800,558,0.0007219635515636
