,id_seq1,target_seq1,id_seq2,target_seq2,distance
5,sequence_47787,5.0,sequence_47779,11.0,0.002474015327504
19,sequence_47787,5.0,sequence_47785,25.0,0.0027250312062601
45,sequence_47787,5.0,sequence_47799,24.0,0.0032043477961186
18,sequence_47787,5.0,sequence_47780,23.0,0.0031842196822854
