,id_seq1,target_seq1,id_seq2,target_seq2,distance
133,sequence_47787,5.0,sequence_47739,35.0,0.0051454937911288
129,sequence_47787,5.0,sequence_47722,75.0,0.0053598042965447
121,sequence_47787,5.0,sequence_47742,108.0,0.0051454937911288
123,sequence_47787,5.0,sequence_47718,81.0,0.0053598042965447
124,sequence_47787,5.0,sequence_47717,66.0,0.0058276949620706
122,sequence_47787,5.0,sequence_47715,101.0,0.0051035249765503
