,id_seq1,target_seq1,id_seq2,target_seq2,distance
12,sequence_47787,5.0,sequence_47685,24.0,0.0014778648949078
31,sequence_47787,5.0,sequence_47696,47.0,0.001497924690536
14,sequence_47787,5.0,sequence_47695,52.0,0.0014784311139519
0,sequence_47787,5.0,sequence_47684,23.0,0.0014583747135741
15,sequence_47787,5.0,sequence_47710,43.0,0.0021523373463996
