,id_seq1,target_seq1,id_seq2,target_seq2,distance
4,sequence_47787,5.0,sequence_47777,11.0,0.002474015327504
43,sequence_47787,5.0,sequence_47804,23.0,0.003461142028707
17,sequence_47787,5.0,sequence_47778,26.0,0.0031842196822854
44,sequence_47787,5.0,sequence_47800,20.0,0.0042447389166458
3,sequence_47787,5.0,sequence_47781,12.0,0.0035156943576379
