,id_seq1,target_seq1,id_seq2,target_seq2,distance
145,sequence_47787,5.0,sequence_47729,34.0,0.0015840263866769
140,sequence_47787,5.0,sequence_47728,12.0,0.000924336048467
56,sequence_47787,5.0,sequence_47751,34.0,0.0019856532027039
25,sequence_47787,5.0,sequence_47750,25.0,0.0019662193889525
