,id_seq1,target_seq1,id_seq2,target_seq2,distance
100,sequence_47787,5.0,sequence_47712,49.0,0.0053384748546062
96,sequence_47787,5.0,sequence_47699,62.0,0.0049149142999446
39,sequence_47787,5.0,sequence_47682,53.0,0.0046383442646099
102,sequence_47787,5.0,sequence_47725,57.0,0.0061427332276629
36,sequence_47787,5.0,sequence_47683,75.0,0.0053626833912259
40,sequence_47787,5.0,sequence_47724,48.0,0.0058665852549174
98,sequence_47787,5.0,sequence_47693,64.0,0.0053829515532203
