,id_seq1,target_seq1,id_seq2,target_seq2,distance
57,sequence_47787,5.0,sequence_47741,102.0,0.0044381013016392
70,sequence_47787,5.0,sequence_47738,55.0,0.0044381013016392
63,sequence_47787,5.0,sequence_47749,81.0,0.003664460132051
58,sequence_47787,5.0,sequence_47743,63.0,0.005163075893513
116,sequence_47787,5.0,sequence_47755,100.0,0.0039305857520235
