,id_seq1,target_seq1,id_seq2,target_seq2,distance
231,sequence_51016,-4.626935645431157,sequence_51006,-4.088195248253983,0.1463573715373166
215,sequence_51016,-4.626935645431157,sequence_51004,-4.72181656291134,0.220828613244725
177,sequence_51016,-4.626935645431157,sequence_50999,-5.527187128279114,0.2738410339678571
204,sequence_51016,-4.626935645431157,sequence_51030,-4.598021987750988,0.0733060257785278
89,sequence_51016,-4.626935645431157,sequence_50969,-7.993460215889013,0.2477764217535881
