,id_seq1,target_seq1,id_seq2,target_seq2,distance
89,sequence_53082,55.0,sequence_19422,46.6,0.0031068990209968
349,sequence_19402,43.0,sequence_19422,46.6,0.001002777002611
609,sequence_20054,49.0,sequence_19422,46.6,0.0035995495599878
