,id_seq1,target_seq1,id_seq2,target_seq2,distance
7,sequence_53082,55.0,sequence_19477,61.5,0.002155531408045
116,sequence_53082,55.0,sequence_19427,53.8,0.0021255144883608
26,sequence_53082,55.0,sequence_19450,46.0,0.0020191094788504
267,sequence_19402,43.0,sequence_19477,61.5,0.0021727676842988
376,sequence_19402,43.0,sequence_19427,53.8,0.0023768930228281
286,sequence_19402,43.0,sequence_19450,46.0,0.0021631223765766
