,id_seq1,target_seq1,id_seq2,target_seq2,distance
158,sequence_53082,55.0,sequence_19437,46.7,0.0029761583507559
30,sequence_53082,55.0,sequence_19430,45.7,0.0034692624700689
168,sequence_53082,55.0,sequence_19372,49.2,0.0034046225522756
75,sequence_53082,55.0,sequence_20041,48.5,0.0029622418834435
12,sequence_53082,55.0,sequence_19522,45.4,0.0030548466513948
20,sequence_53082,55.0,sequence_19391,46.8,0.0030031428965806
