,id_seq1,target_seq1,id_seq2,target_seq2,distance
144,sequence_47787,5.0,sequence_47788,5.0,0.0077840427629312
143,sequence_47787,5.0,sequence_47791,4.0,0.0093576168460459
2,sequence_47787,5.0,sequence_47790,9.0,0.0171786617280242
56,sequence_47787,5.0,sequence_47751,34.0,0.0182841360729315
138,sequence_47787,5.0,sequence_47802,4.0,0.0111546617732685
12,sequence_47787,5.0,sequence_47685,24.0,0.0139132182926254
31,sequence_47787,5.0,sequence_47696,47.0,0.0161238135906839
