,id_seq1,target_seq1,id_seq2,target_seq2,distance
23,sequence_40826,539,sequence_40831,525,604.6084000000001
26,sequence_40826,539,sequence_40851,477,424.1417999999999
22,sequence_40826,539,sequence_40829,528,394.9019000000003
