,id_seq1,target_seq1,id_seq2,target_seq2,distance
33,sequence_47787,5.0,sequence_47673,65.5,170.01760000000013
130,sequence_47787,5.0,sequence_47674,38.0,172.56010000000015
