,id_seq1,target_seq1,id_seq2,target_seq2,distance
83,sequence_47787,5.0,sequence_47708,111.0,195.84030000000007
131,sequence_47787,5.0,sequence_47676,56.0,191.98509999999987
128,sequence_47787,5.0,sequence_47723,69.0,200.5043000000001
84,sequence_47787,5.0,sequence_47709,119.0,193.43780000000012
88,sequence_47787,5.0,sequence_47707,79.0,181.20500000000013
87,sequence_47787,5.0,sequence_47703,95.0,181.45710000000008
132,sequence_47787,5.0,sequence_47711,57.0,183.19770000000003
