,id_seq1,target_seq1,id_seq2,target_seq2,distance
85,sequence_47787,5.0,sequence_47677,103.0,206.9614999999999
82,sequence_47787,5.0,sequence_47704,98.0,196.43349999999987
