,id_seq1,target_seq1,id_seq2,target_seq2,distance
95,sequence_47787,5.0,sequence_47763,122.0,173.75340000000006
91,sequence_47787,5.0,sequence_47767,105.0,187.83010000000013
134,sequence_47787,5.0,sequence_47735,55.0,224.7558000000001
