,id_seq1,target_seq1,id_seq2,target_seq2,distance
122,sequence_47787,5.0,sequence_47715,101.0,211.15879999999996
123,sequence_47787,5.0,sequence_47718,81.0,217.07659999999987
