,id_seq1,target_seq1,id_seq2,target_seq2,distance
129,sequence_47787,5.0,sequence_47722,75.0,217.07659999999987
123,sequence_47787,5.0,sequence_47718,81.0,217.07659999999987
124,sequence_47787,5.0,sequence_47717,66.0,226.13519999999997
