,id_seq1,target_seq1,id_seq2,target_seq2,distance
147,sequence_47787,5.0,sequence_47737,27.0,160.8985
141,sequence_47787,5.0,sequence_47808,4.0,87.02690000000007
146,sequence_47787,5.0,sequence_47809,10.0,121.38290000000006
150,sequence_47787,5.0,sequence_47736,19.0,127.35440000000006
