,id_seq1,target_seq1,id_seq2,target_seq2,distance
107,sequence_47787,5.0,sequence_47661,52.0,174.80839999999998
105,sequence_47787,5.0,sequence_47670,97.0,184.54780000000005
48,sequence_47787,5.0,sequence_47671,36.0,203.72040000000004
