,id_seq1,target_seq1,id_seq2,target_seq2,distance
100,sequence_47787,5.0,sequence_47712,49.0,192.7926000000001
39,sequence_47787,5.0,sequence_47682,53.0,182.95550000000003
102,sequence_47787,5.0,sequence_47725,57.0,200.45450000000005
36,sequence_47787,5.0,sequence_47683,75.0,195.52660000000003
40,sequence_47787,5.0,sequence_47724,48.0,196.10440000000008
98,sequence_47787,5.0,sequence_47693,64.0,194.8655000000001
