,id_seq1,target_seq1,id_seq2,target_seq2,distance
41,sequence_47787,5.0,sequence_47806,73.0,171.76369999999997
71,sequence_47787,5.0,sequence_47769,25.0,182.2917
90,sequence_47787,5.0,sequence_47765,118.0,195.3668
93,sequence_47787,5.0,sequence_47761,120.0,180.3904
67,sequence_47787,5.0,sequence_47774,21.0,188.20949999999996
92,sequence_47787,5.0,sequence_47812,121.0,186.30819999999997
