,id_seq1,target_seq1,id_seq2,target_seq2,distance
137,sequence_47787,5.0,sequence_47805,22.0,81.14150000000018
7,sequence_47787,5.0,sequence_47786,18.0,69.63300000000004
139,sequence_47787,5.0,sequence_47794,18.0,75.71589999999992
135,sequence_47787,5.0,sequence_47793,16.0,75.37279999999987
