,id_seq1,target_seq1,id_seq2,target_seq2,distance
108,sequence_47787,5.0,sequence_47667,86.0,174.8027000000002
48,sequence_47787,5.0,sequence_47671,36.0,203.72040000000004
105,sequence_47787,5.0,sequence_47670,97.0,184.54780000000005
