,id_seq1,target_seq1,id_seq2,target_seq2,distance
65,sequence_47787,5.0,sequence_47721,40.0,131.73719999999997
66,sequence_47787,5.0,sequence_47759,36.0,126.22799999999997
38,sequence_47787,5.0,sequence_47678,37.0,149.40859999999998
