,id_seq1,target_seq1,id_seq2,target_seq2,distance
87,sequence_47787,5.0,sequence_47703,95.0,181.45710000000008
88,sequence_47787,5.0,sequence_47707,79.0,181.20500000000013
