,id_seq1,target_seq1,id_seq2,target_seq2,distance
144,sequence_47787,5.0,sequence_47788,5.0,0.0025125628140703
56,sequence_47787,5.0,sequence_47751,34.0,0.0100502512562814
118,sequence_47787,5.0,sequence_47754,70.0,0.0150753768844221
138,sequence_47787,5.0,sequence_47802,4.0,0.0050251256281407
