,id_seq1,target_seq1,id_seq2,target_seq2,distance
3,sequence_47787,5.0,sequence_47781,12.0,0.0050251256281407
22,sequence_47787,5.0,sequence_47757,36.0,0.0100502512562814
7,sequence_47787,5.0,sequence_47786,18.0,0.0050251256281407
