,id_seq1,target_seq1,id_seq2,target_seq2,distance
2,sequence_47787,5.0,sequence_47790,9.0,0.0050251256281407
17,sequence_47787,5.0,sequence_47778,26.0,0.0100502512562814
1,sequence_47787,5.0,sequence_47789,10.0,0.0050251256281407
18,sequence_47787,5.0,sequence_47780,23.0,0.0100502512562814
