,id_seq1,target_seq1,id_seq2,target_seq2,distance
82,sequence_47787,5.0,sequence_47704,98.0,0.0201005025125628
93,sequence_47787,5.0,sequence_47761,120.0,0.0175879396984924
87,sequence_47787,5.0,sequence_47703,95.0,0.0201005025125628
90,sequence_47787,5.0,sequence_47765,118.0,0.0175879396984924
91,sequence_47787,5.0,sequence_47767,105.0,0.0175879396984924
