,id_seq1,target_seq1,id_seq2,target_seq2,distance
27,sequence_47787,5.0,sequence_47773,19.0,0.007537688442211
71,sequence_47787,5.0,sequence_47769,25.0,0.0125628140703517
68,sequence_47787,5.0,sequence_47770,25.0,0.0125628140703517
