,id_seq1,target_seq1,id_seq2,target_seq2,distance
81,sequence_47787,5.0,sequence_47688,90.0,0.0150753768844221
55,sequence_47787,5.0,sequence_47798,23.0,0.0100502512562814
