,id_seq1,target_seq1,id_seq2,target_seq2,distance
9,sequence_47787,5.0,sequence_47772,12.0,0.0025125628140703
29,sequence_47787,5.0,sequence_47771,18.0,0.007537688442211
