,id_seq1,target_seq1,id_seq2,target_seq2,distance
41,sequence_47787,5.0,sequence_47806,73.0,0.0150753768844221
94,sequence_47787,5.0,sequence_47764,118.0,0.0175879396984924
89,sequence_47787,5.0,sequence_47762,127.0,0.0175879396984924
92,sequence_47787,5.0,sequence_47812,121.0,0.0175879396984924
95,sequence_47787,5.0,sequence_47763,122.0,0.0175879396984924
