,id_seq1,target_seq1,id_seq2,target_seq2,distance
69,sequence_47787,5.0,sequence_47713,51.0,0.0125628140703517
70,sequence_47787,5.0,sequence_47738,55.0,0.0125628140703517
