,id_seq1,target_seq1,id_seq2,target_seq2,distance
107,sequence_47787,5.0,sequence_47661,52.0,0.0150753768844221
80,sequence_47787,5.0,sequence_47698,56.0,0.0150753768844221
