,id_seq1,target_seq1,id_seq2,target_seq2,distance
69,sequence_40826,539,sequence_40798,579,0.0028529225472098
76,sequence_40826,539,sequence_40866,620,0.0034127947274259
78,sequence_40826,539,sequence_40788,510,0.0028544595597704
21,sequence_40826,539,sequence_40828,519,0.0003890930055279
74,sequence_40826,539,sequence_40796,567,0.0034440731879283
18,sequence_40826,539,sequence_40817,528,0.0009379361863189
70,sequence_40826,539,sequence_40865,580,0.0049790613162842
