,id_seq1,target_seq1,id_seq2,target_seq2,distance
35,sequence_40826,539,sequence_40812,464,0.0086773860019354
29,sequence_40826,539,sequence_40852,474,0.0085381769853818
23,sequence_40826,539,sequence_40831,525,0.0081882037093045
32,sequence_40826,539,sequence_40791,454,0.0085341303918671
33,sequence_40826,539,sequence_40793,456,0.0088505339835084
39,sequence_40826,539,sequence_40849,464,0.0088448900114647
