,id_seq1,target_seq1,id_seq2,target_seq2,distance
41,sequence_47787,5.0,sequence_47806,73.0,143126.46050000002
94,sequence_47787,5.0,sequence_47764,118.0,147566.5866
89,sequence_47787,5.0,sequence_47762,127.0,143650.75430000003
92,sequence_47787,5.0,sequence_47812,121.0,143415.0825
95,sequence_47787,5.0,sequence_47763,122.0,143641.54859999998
