,id_seq1,target_seq1,id_seq2,target_seq2,distance
7,sequence_47787,5.0,sequence_47786,18.0,72996.7904
8,sequence_47787,5.0,sequence_47782,17.0,73011.24300000002
135,sequence_47787,5.0,sequence_47793,16.0,66666.3925
22,sequence_47787,5.0,sequence_47757,36.0,84805.4537
6,sequence_47787,5.0,sequence_47784,21.0,71738.5869
3,sequence_47787,5.0,sequence_47781,12.0,49462.31030000001
