,id_seq1,target_seq1,id_seq2,target_seq2,distance
146,sequence_47787,5.0,sequence_47809,10.0,28966.551800000005
149,sequence_47787,5.0,sequence_47766,4.19,49970.5922
148,sequence_47787,5.0,sequence_47810,5.57,52112.12
11,sequence_47787,5.0,sequence_47776,9.0,2942.4278000000004
141,sequence_47787,5.0,sequence_47808,4.0,12153.050300000006
142,sequence_47787,5.0,sequence_47792,12.0,27830.724
5,sequence_47787,5.0,sequence_47779,11.0,39088.9781
