,id_seq1,target_seq1,id_seq2,target_seq2,distance
16,sequence_47787,5.0,sequence_47686,22.0,142082.3795
39,sequence_47787,5.0,sequence_47682,53.0,149060.9797
36,sequence_47787,5.0,sequence_47683,75.0,149865.98369999998
83,sequence_47787,5.0,sequence_47708,111.0,150150.8984
40,sequence_47787,5.0,sequence_47724,48.0,151672.7669
88,sequence_47787,5.0,sequence_47707,79.0,149690.18850000002
