,id_seq1,target_seq1,id_seq2,target_seq2,distance
32,sequence_47787,5.0,sequence_47680,73.0,85548.7186
78,sequence_47787,5.0,sequence_47706,77.0,87791.555
0,sequence_47787,5.0,sequence_47684,23.0,77080.32280000001
77,sequence_47787,5.0,sequence_47701,63.0,101441.9409
13,sequence_47787,5.0,sequence_47679,44.0,85193.22260000001
34,sequence_47787,5.0,sequence_47700,65.0,101262.6494
