,id_seq1,target_seq1,id_seq2,target_seq2,distance
27,sequence_47787,5.0,sequence_47773,19.0,0.0299335385942157
65,sequence_47787,5.0,sequence_47721,40.0,0.0392442331274914
16,sequence_47787,5.0,sequence_47686,22.0,0.0283156597856768
20,sequence_47787,5.0,sequence_47803,12.0,0.0262972658047259
2,sequence_47787,5.0,sequence_47790,9.0,0.0231285403097028
66,sequence_47787,5.0,sequence_47759,36.0,0.0360798848854296
38,sequence_47787,5.0,sequence_47678,37.0,0.032798830621183
1,sequence_47787,5.0,sequence_47789,10.0,0.0252238759215681
