,id_seq1,target_seq1,id_seq2,target_seq2,distance
99,sequence_47787,5.0,sequence_47690,63.0,0.0423806510996175
109,sequence_47787,5.0,sequence_47726,120.0,0.0469995880342167
