,id_seq1,target_seq1,id_seq2,target_seq2,distance
115,sequence_47787,5.0,sequence_47732,30.0,0.049424797515365
54,sequence_47787,5.0,sequence_47797,27.0,0.0470579032921104
112,sequence_47787,5.0,sequence_47662,28.0,0.0472277250441704
111,sequence_47787,5.0,sequence_47811,24.0,0.0414005667278216
50,sequence_47787,5.0,sequence_47756,37.0,0.0438491668972587
51,sequence_47787,5.0,sequence_47775,23.0,0.0417703041298805
49,sequence_47787,5.0,sequence_47727,45.0,0.043687118973433
23,sequence_47787,5.0,sequence_47783,24.5,0.0410684952065204
110,sequence_47787,5.0,sequence_47734,110.0,0.0515572489800838
