,id_seq1,target_seq1,id_seq2,target_seq2,distance
12,sequence_47787,5.0,sequence_47685,24.0,584.0016422985727
31,sequence_47787,5.0,sequence_47696,47.0,589.0422665985948
15,sequence_47787,5.0,sequence_47710,43.0,698.3961744147515
