,id_seq1,target_seq1,id_seq2,target_seq2,distance
57,sequence_47787,5.0,sequence_47741,102.0,1008.101115699477
63,sequence_47787,5.0,sequence_47749,81.0,921.2659437775771
58,sequence_47787,5.0,sequence_47743,63.0,1081.2262034753553
116,sequence_47787,5.0,sequence_47755,100.0,943.8289356588832
