,id_seq1,target_seq1,id_seq2,target_seq2,distance
104,sequence_47787,5.0,sequence_47668,48.0,1478.061229164208
103,sequence_47787,5.0,sequence_47669,32.0,1415.1740086758307
