,id_seq1,target_seq1,id_seq2,target_seq2,distance
69,sequence_47787,5.0,sequence_47713,51.0,1047.237174877716
70,sequence_47787,5.0,sequence_47738,55.0,1002.8689225950818
117,sequence_47787,5.0,sequence_47746,94.0,1102.1115023331806
60,sequence_47787,5.0,sequence_47745,83.0,1103.6757499199118
119,sequence_47787,5.0,sequence_47753,74.0,1054.1714473462894
120,sequence_47787,5.0,sequence_47740,158.0,1060.5153947644935
