,id_seq1,target_seq1,id_seq2,target_seq2,distance
9,sequence_47787,5.0,sequence_47772,12.0,463.5482495916147
11,sequence_47787,5.0,sequence_47776,9.0,403.2809067633751
