,id_seq1,target_seq1,id_seq2,target_seq2,distance
55,sequence_47787,5.0,sequence_47798,23.0,1035.850217447349
24,sequence_47787,5.0,sequence_47796,20.0,994.7757720380456
6,sequence_47787,5.0,sequence_47784,21.0,959.2343882375465
