,id_seq1,target_seq1,id_seq2,target_seq2,distance
147,sequence_47787,5.0,sequence_47737,27.0,1151.5126324882935
26,sequence_47787,5.0,sequence_47760,26.0,1145.50264450102
141,sequence_47787,5.0,sequence_47808,4.0,958.8447293492986
146,sequence_47787,5.0,sequence_47809,10.0,1043.8485019772936
150,sequence_47787,5.0,sequence_47736,19.0,1072.81817552466
