,id_seq1,target_seq1,id_seq2,target_seq2,distance
19,sequence_47787,5.0,sequence_47785,25.0,797.8952998855302
43,sequence_47787,5.0,sequence_47804,23.0,867.7276343231845
17,sequence_47787,5.0,sequence_47778,26.0,830.8436041220815
44,sequence_47787,5.0,sequence_47800,20.0,966.9960772656062
