,id_seq1,target_seq1,id_seq2,target_seq2,distance
130,sequence_47787,5.0,sequence_47674,38.0,1060.6125656464098
72,sequence_47787,5.0,sequence_47702,69.0,1034.900236200379
34,sequence_47787,5.0,sequence_47700,65.0,1037.788122524969
79,sequence_47787,5.0,sequence_47675,57.0,1188.3761865696567
33,sequence_47787,5.0,sequence_47673,65.5,1063.4114023587483
78,sequence_47787,5.0,sequence_47706,77.0,1044.9725858198722
77,sequence_47787,5.0,sequence_47701,63.0,1038.594548718055
