,id_seq1,target_seq1,id_seq2,target_seq2,distance
145,sequence_47787,5.0,sequence_47729,34.0,630.3738841200991
16,sequence_47787,5.0,sequence_47686,22.0,681.8851601205441
37,sequence_47787,5.0,sequence_47697,55.5,685.7850397614766
140,sequence_47787,5.0,sequence_47728,12.0,477.71159423402105
14,sequence_47787,5.0,sequence_47695,52.0,592.5807299855524
0,sequence_47787,5.0,sequence_47684,23.0,587.7083983626914
