,id_seq1,target_seq1,id_seq2,target_seq2,distance
23,sequence_47787,5.0,sequence_47783,24.5,1413.4701539015248
111,sequence_47787,5.0,sequence_47811,24.0,1429.025554096105
54,sequence_47787,5.0,sequence_47797,27.0,1413.5537619752315
51,sequence_47787,5.0,sequence_47775,23.0,1455.772970539795
