,id_seq1,target_seq1,id_seq2,target_seq2,distance
21,sequence_47787,5.0,sequence_47663,36.0,1059.4095595643453
46,sequence_47787,5.0,sequence_47664,32.0,1060.4171769361103
22,sequence_47787,5.0,sequence_47757,36.0,1070.4118923847493
