,id_seq1,target_seq1,id_seq2,target_seq2,distance
66,sequence_47787,5.0,sequence_47759,36.0,749.7495453263645
38,sequence_47787,5.0,sequence_47678,37.0,825.991442357843
