,id_seq1,target_seq1,id_seq2,target_seq2,distance
27,sequence_47787,5.0,sequence_47773,19.0,77650.93280000001
2,sequence_47787,5.0,sequence_47790,9.0,75515.4076
139,sequence_47787,5.0,sequence_47794,18.0,80732.0904
1,sequence_47787,5.0,sequence_47789,10.0,74804.4516
19,sequence_47787,5.0,sequence_47785,25.0,84192.5343
67,sequence_47787,5.0,sequence_47774,21.0,82993.19589999999
