,id_seq1,target_seq1,id_seq2,target_seq2,distance
137,sequence_47787,5.0,sequence_47805,22.0,71167.01000000001
24,sequence_47787,5.0,sequence_47796,20.0,69181.55320000001
