,id_seq1,target_seq1,id_seq2,target_seq2,distance
115,sequence_47787,5.0,sequence_47732,30.0,84087.8341
114,sequence_47787,5.0,sequence_47733,25.0,81076.58309999999
54,sequence_47787,5.0,sequence_47797,27.0,83980.8778
138,sequence_47787,5.0,sequence_47802,4.0,77623.29860000001
