,id_seq1,target_seq1,id_seq2,target_seq2,distance
111,sequence_47787,5.0,sequence_47811,24.0,66290.93449999999
50,sequence_47787,5.0,sequence_47756,37.0,68109.7742
49,sequence_47787,5.0,sequence_47727,45.0,67996.0594
23,sequence_47787,5.0,sequence_47783,24.5,66365.7286
110,sequence_47787,5.0,sequence_47734,110.0,77271.62520000001
