,id_seq1,target_seq1,id_seq2,target_seq2,distance
34,sequence_47787,5.0,sequence_47700,65.0,74647.98199999999
13,sequence_47787,5.0,sequence_47679,44.0,73281.18039999998
32,sequence_47787,5.0,sequence_47680,73.0,73334.5529
33,sequence_47787,5.0,sequence_47673,65.5,74888.2877
