,id_seq1,target_seq1,id_seq2,target_seq2,distance
73,sequence_47787,5.0,sequence_47672,76.0,84157.864
30,sequence_47787,5.0,sequence_47681,44.0,82892.8504
74,sequence_47787,5.0,sequence_47705,71.0,82996.82679999998
72,sequence_47787,5.0,sequence_47702,69.0,83617.57830000001
