,id_seq1,target_seq1,id_seq2,target_seq2,distance
79,sequence_47787,5.0,sequence_47675,57.0,74099.15839999999
77,sequence_47787,5.0,sequence_47701,63.0,73948.03719999999
