,id_seq1,target_seq1,id_seq2,target_seq2,distance
52,sequence_47787,5.0,sequence_47730,35.0,70543.51770000001
24,sequence_47787,5.0,sequence_47796,20.0,69181.55320000001
137,sequence_47787,5.0,sequence_47805,22.0,71167.01000000001
113,sequence_47787,5.0,sequence_47731,32.0,71456.8184
53,sequence_47787,5.0,sequence_47758,22.0,70668.5144
