,id_seq1,target_seq1,id_seq2,target_seq2,distance
112,sequence_47787,5.0,sequence_47662,28.0,83044.82010000001
46,sequence_47787,5.0,sequence_47664,32.0,79293.30309999999
104,sequence_47787,5.0,sequence_47668,48.0,82726.7531
