,id_seq1,target_seq1,id_seq2,target_seq2,distance
66,sequence_40826,539,sequence_40832,555,61.812699999999495
13,sequence_40826,539,sequence_40841,528,57.16539999999986
12,sequence_40826,539,sequence_40840,528,30.63810000000012
60,sequence_40826,539,sequence_40837,543,113.7622999999994
46,sequence_40826,539,sequence_40819,532,123.61319999999978
63,sequence_40826,539,sequence_40822,549,158.42190000000028
56,sequence_40826,539,sequence_40810,549,82.24359999999979
59,sequence_40826,539,sequence_40836,543,75.65700000000015
