,id_seq1,target_seq1,id_seq2,target_seq2,distance
59,sequence_40826,539,sequence_40836,543,75.65700000000015
0,sequence_40826,539,sequence_40787,510,9.85089999999991
