,id_seq1,target_seq1,id_seq2,target_seq2,distance
31,sequence_40826,539,sequence_40846,483,842.3118999999997
26,sequence_40826,539,sequence_40851,477,813.6655999999998
