,id_seq1,target_seq1,id_seq2,target_seq2,distance
41,sequence_40826,539,sequence_40792,517,262.41470000000027
42,sequence_40826,539,sequence_40790,523,235.88740000000053
