,id_seq1,target_seq1,id_seq2,target_seq2,distance
51,sequence_40826,539,sequence_40803,549,253.97000000000023
54,sequence_40826,539,sequence_40864,549,187.7646999999997
