,id_seq1,target_seq1,id_seq2,target_seq2,distance
20,sequence_40826,539,sequence_40827,525,200.8640000000005
68,sequence_40826,539,sequence_40830,558,272.26560000000063
70,sequence_40826,539,sequence_40865,580,456.4643000000001
21,sequence_40826,539,sequence_40828,519,276.91290000000026
