,id_seq1,target_seq1,id_seq2,target_seq2,distance
62,sequence_40826,539,sequence_40821,549,262.41470000000027
61,sequence_40826,539,sequence_40820,543,235.88740000000053
75,sequence_40826,539,sequence_40795,562,415.3225000000002
