,id_seq1,target_seq1,id_seq2,target_seq2,distance
120,sequence_51016,-4.626935645431157,sequence_51188,-7.477058965090089,0.9645043300865738
221,sequence_51016,-4.626935645431157,sequence_51126,-6.8444229718282426,0.9298039636405034
28,sequence_51016,-4.626935645431157,sequence_51187,-6.886468446878718,0.9457353673641372
98,sequence_51016,-4.626935645431157,sequence_51133,-5.587718813645618,0.9354923612413042
131,sequence_51016,-4.626935645431157,sequence_51190,-8.743963500717465,0.9762015194146298
123,sequence_51016,-4.626935645431157,sequence_51198,-7.041057436612152,0.9538972034257104
213,sequence_51016,-4.626935645431157,sequence_51132,-4.340049860624873,0.9707053951817776
