,id_seq1,target_seq1,id_seq2,target_seq2,distance
58,sequence_40826,539,sequence_40859,543,0.0530723103463909
6,sequence_40826,539,sequence_40811,534,0.0163607180818359
