,id_seq1,target_seq1,id_seq2,target_seq2,distance
23,sequence_40826,539,sequence_40831,525,0.861328125
68,sequence_40826,539,sequence_40830,558,0.888671875
52,sequence_40826,539,sequence_40804,561,0.892578125
11,sequence_40826,539,sequence_40857,522,0.912109375
60,sequence_40826,539,sequence_40837,543,0.8984375
9,sequence_40826,539,sequence_40845,495,0.900390625
7,sequence_40826,539,sequence_40813,528,0.8671875
