,id_seq1,target_seq1,id_seq2,target_seq2,distance
241,sequence_53082,55.0,sequence_53083,51.0,0.0808716884948001
252,sequence_53082,55.0,sequence_53084,39.0,0.1152880306016197
249,sequence_53082,55.0,sequence_53072,47.0,0.074178366118431
501,sequence_19402,43.0,sequence_53083,51.0,0.3080256645151504
512,sequence_19402,43.0,sequence_53084,39.0,0.2831791129303148
509,sequence_19402,43.0,sequence_53072,47.0,0.2990255340267784
260,sequence_19402,43.0,sequence_53082,55.0,0.3295794896531032
