,id_seq1,target_seq1,id_seq2,target_seq2,distance
43,sequence_47787,5.0,sequence_47804,23.0,13940.038800000002
17,sequence_47787,5.0,sequence_47778,26.0,15619.155200000005
59,sequence_47787,5.0,sequence_47752,67.0,13052.4651
