,id_seq1,target_seq1,id_seq2,target_seq2,distance
127,sequence_47787,5.0,sequence_47719,66.0,6418.134902432948
126,sequence_47787,5.0,sequence_47716,84.0,6811.761499513403
