,id_seq1,target_seq1,id_seq2,target_seq2,distance
29,sequence_53082,55.0,sequence_53059,47.1,0.0005048646612563
167,sequence_53082,55.0,sequence_53076,46.3,0.0005470493305085
14,sequence_53082,55.0,sequence_53078,43.3,0.0004713380067161
