,id_seq1,target_seq1,id_seq2,target_seq2,distance
160,sequence_53082,55.0,sequence_19501,57.2,0.0002697751627573
420,sequence_19402,43.0,sequence_19501,57.2,0.0005481977818495
680,sequence_20054,49.0,sequence_19501,57.2,0.0006076448384255
