,id_seq1,target_seq1,id_seq2,target_seq2,distance
48,sequence_53082,55.0,sequence_19497,54.9,0.0006092841649906
233,sequence_53082,55.0,sequence_19356,59.0,0.0006428822249366
308,sequence_19402,43.0,sequence_19497,54.9,0.0006423490355835
493,sequence_19402,43.0,sequence_19356,59.0,0.0005685695978071
568,sequence_20054,49.0,sequence_19497,54.9,0.0007432477474288
753,sequence_20054,49.0,sequence_19356,59.0,0.000794075452427
