,id_seq1,target_seq1,id_seq2,target_seq2,distance
48,sequence_53082,55.0,sequence_19497,54.9,0.0006092841649906
233,sequence_53082,55.0,sequence_19356,59.0,0.0006428822249366
