,id_seq1,target_seq1,id_seq2,target_seq2,distance
152,sequence_53082,55.0,sequence_19529,48.8,0.000455225541118
186,sequence_53082,55.0,sequence_19528,47.1,0.0004277389677473
163,sequence_53082,55.0,sequence_19510,47.8,0.0005054488932236
175,sequence_53082,55.0,sequence_19493,50.4,0.0005194713030943
412,sequence_19402,43.0,sequence_19529,48.8,0.0004373849737454
446,sequence_19402,43.0,sequence_19528,47.1,0.000552103896616
423,sequence_19402,43.0,sequence_19510,47.8,0.0004166727210628
435,sequence_19402,43.0,sequence_19493,50.4,0.0006039680836692
