,id_seq1,target_seq1,id_seq2,target_seq2,distance
181,sequence_53082,55.0,sequence_19502,59.9,0.000528881429738
441,sequence_19402,43.0,sequence_19502,59.9,0.0005288978202553
701,sequence_20054,49.0,sequence_19502,59.9,0.0007254392170717
