,id_seq1,target_seq1,id_seq2,target_seq2,distance
148,sequence_53082,55.0,sequence_19457,43.6,0.0005619855051484
28,sequence_53082,55.0,sequence_19509,50.6,0.0005959412024326
79,sequence_53082,55.0,sequence_19397,49.6,0.0006017055045399
408,sequence_19402,43.0,sequence_19457,43.6,0.0006096519885313
288,sequence_19402,43.0,sequence_19509,50.6,0.000614996713382
339,sequence_19402,43.0,sequence_19397,49.6,0.0004813826286357
