,id_seq1,target_seq1,id_seq2,target_seq2,distance
70,sequence_53082,55.0,sequence_19410,49.9,0.000606623548558
119,sequence_53082,55.0,sequence_19412,55.3,0.0006561293997174
225,sequence_53082,55.0,sequence_19362,61.0,0.0006275902493121
44,sequence_53082,55.0,sequence_19404,51.3,0.0006068600678476
174,sequence_53082,55.0,sequence_19384,50.8,0.0006524677605854
