,id_seq1,target_seq1,id_seq2,target_seq2,distance
182,sequence_53082,55.0,sequence_20053,54.7,0.0004703597298296
442,sequence_19402,43.0,sequence_20053,54.7,0.0006208449938603
702,sequence_20054,49.0,sequence_20053,54.7,0.000206710189368
