,id_seq1,target_seq1,id_seq2,target_seq2,distance
238,sequence_53082,55.0,sequence_19411,58.0,0.0005644461633995
142,sequence_53082,55.0,sequence_19387,47.7,0.0005099535417656
76,sequence_53082,55.0,sequence_19415,52.8,0.0006127961329041
