,id_seq1,target_seq1,id_seq2,target_seq2,distance
240,sequence_53082,55.0,sequence_19413,58.7,0.000547167773421
500,sequence_19402,43.0,sequence_19413,58.7,0.0004458956037054
