,id_seq1,target_seq1,id_seq2,target_seq2,distance
23,sequence_53082,55.0,sequence_20042,49.4,0.0004716175549666
77,sequence_53082,55.0,sequence_20035,52.5,0.0004856888468548
138,sequence_53082,55.0,sequence_20075,54.9,0.0003488091468345
36,sequence_53082,55.0,sequence_20039,52.6,0.0004625861066485
129,sequence_53082,55.0,sequence_20049,43.9,0.0004562867483969
68,sequence_53082,55.0,sequence_20046,47.4,0.0004701430605952
