,id_seq1,target_seq1,id_seq2,target_seq2,distance
184,sequence_53082,55.0,sequence_19365,53.0,0.0003345197917957
172,sequence_53082,55.0,sequence_19414,54.7,0.000405318764128
191,sequence_53082,55.0,sequence_19444,50.7,0.0003948232841338
