,id_seq1,target_seq1,id_seq2,target_seq2,distance
145,sequence_53082,55.0,sequence_19469,50.5,0.0005460841466791
405,sequence_19402,43.0,sequence_19469,50.5,0.0003445081994519
665,sequence_20054,49.0,sequence_19469,50.5,0.0005516377137098
