,id_seq1,target_seq1,id_seq2,target_seq2,distance
183,sequence_53082,55.0,sequence_19355,58.8,0.0006439982929242
443,sequence_19402,43.0,sequence_19355,58.8,0.0002903378164544
