,id_seq1,target_seq1,id_seq2,target_seq2,distance
60,sequence_53082,55.0,sequence_19371,49.0,0.0006517419384226
320,sequence_19402,43.0,sequence_19371,49.0,0.0004360282247233
580,sequence_20054,49.0,sequence_19371,49.0,0.0003084057025735
