,id_seq1,target_seq1,id_seq2,target_seq2,distance
99,sequence_53082,55.0,sequence_19515,50.4,0.0005580588910798
203,sequence_53082,55.0,sequence_19358,59.1,0.0006287688940174
