,id_seq1,target_seq1,id_seq2,target_seq2,distance
22,sequence_51016,-4.626935645431157,sequence_51196,-7.3141295128133885,96865.4204
269,sequence_51170,-5.599110392902725,sequence_51196,-7.3141295128133885,76936.18370000001
516,sequence_32130,-5.7157882520247325,sequence_51196,-7.3141295128133885,92345.0501
