,id_seq1,target_seq1,id_seq2,target_seq2,distance
4,sequence_47787,5.0,sequence_47777,11.0,0.0060272368644157
58,sequence_47787,5.0,sequence_47743,63.0,0.0077523172619293
57,sequence_47787,5.0,sequence_47741,102.0,0.0082258217687507
70,sequence_47787,5.0,sequence_47738,55.0,0.0082258217687507
34,sequence_47787,5.0,sequence_47700,65.0,0.0077431569955365
29,sequence_47787,5.0,sequence_47771,18.0,0.0039626825858847
79,sequence_47787,5.0,sequence_47675,57.0,0.0083407208125181
33,sequence_47787,5.0,sequence_47673,65.5,0.0082151405579335
3,sequence_47787,5.0,sequence_47781,12.0,0.0078724970376079
