,id_seq1,target_seq1,id_seq2,target_seq2,distance
112,sequence_47787,5.0,sequence_47662,28.0,0.0096915314846843
111,sequence_47787,5.0,sequence_47811,24.0,0.0075588032270873
51,sequence_47787,5.0,sequence_47775,23.0,0.0076526162584346
23,sequence_47787,5.0,sequence_47783,24.5,0.0075403939922771
