,id_seq1,target_seq1,id_seq2,target_seq2,distance
27,sequence_47787,5.0,sequence_47773,19.0,0.0038799419392697
16,sequence_47787,5.0,sequence_47686,22.0,0.00388653701035
20,sequence_47787,5.0,sequence_47803,12.0,0.0030175358362282
37,sequence_47787,5.0,sequence_47697,55.5,0.004109264459687
38,sequence_47787,5.0,sequence_47678,37.0,0.0049715745867339
1,sequence_47787,5.0,sequence_47789,10.0,0.0027951017326334
