,id_seq1,target_seq1,id_seq2,target_seq2,distance
93,sequence_47787,5.0,sequence_47761,120.0,0.0105189736050472
94,sequence_47787,5.0,sequence_47764,118.0,0.0132046081620941
95,sequence_47787,5.0,sequence_47763,122.0,0.0120625322193878
90,sequence_47787,5.0,sequence_47765,118.0,0.0109076105285143
91,sequence_47787,5.0,sequence_47767,105.0,0.0109685193551057
