,id_seq1,target_seq1,id_seq2,target_seq2,distance
81,sequence_47787,5.0,sequence_47688,90.0,0.0055303539655023
24,sequence_47787,5.0,sequence_47796,20.0,0.0060350229570688
113,sequence_47787,5.0,sequence_47731,32.0,0.0071607096707705
53,sequence_47787,5.0,sequence_47758,22.0,0.0071393488015305
48,sequence_47787,5.0,sequence_47671,36.0,0.0076242762041736
52,sequence_47787,5.0,sequence_47730,35.0,0.0071216046711062
62,sequence_47787,5.0,sequence_47748,79.0,0.0039361737506077
22,sequence_47787,5.0,sequence_47757,36.0,0.0051605829037149
