,id_seq1,target_seq1,id_seq2,target_seq2,distance
54,sequence_47787,5.0,sequence_47797,27.0,0.0092517366231064
109,sequence_47787,5.0,sequence_47726,120.0,0.0097081779714557
50,sequence_47787,5.0,sequence_47756,37.0,0.0086429288849592
49,sequence_47787,5.0,sequence_47727,45.0,0.0086242659547557
