,id_seq1,target_seq1,id_seq2,target_seq2,distance
79,sequence_47787,5.0,sequence_47675,57.0,0.279200000000003
39,sequence_47787,5.0,sequence_47682,53.0,0.1363000000000056
