,id_seq1,target_seq1,id_seq2,target_seq2,distance
59,sequence_47787,5.0,sequence_47752,67.0,0.3980000000000032
53,sequence_47787,5.0,sequence_47758,22.0,0.3137000000000043
64,sequence_47787,5.0,sequence_47744,69.0,0.3704000000000036
22,sequence_47787,5.0,sequence_47757,36.0,0.3024000000000058
