,id_seq1,target_seq1,id_seq2,target_seq2,distance
128,sequence_47787,5.0,sequence_47723,69.0,0.8054000000000059
101,sequence_47787,5.0,sequence_47714,51.0,0.7053000000000011
102,sequence_47787,5.0,sequence_47725,57.0,0.7090000000000032
