,id_seq1,target_seq1,id_seq2,target_seq2,distance
83,sequence_47787,5.0,sequence_47708,111.0,0.3836000000000013
36,sequence_47787,5.0,sequence_47683,75.0,0.4159000000000006
82,sequence_47787,5.0,sequence_47704,98.0,0.3890000000000029
84,sequence_47787,5.0,sequence_47709,119.0,0.3974000000000046
