,id_seq1,target_seq1,id_seq2,target_seq2,distance
41,sequence_47787,5.0,sequence_47806,73.0,0.272199999999998
45,sequence_47787,5.0,sequence_47799,24.0,0.305899999999994
17,sequence_47787,5.0,sequence_47778,26.0,0.2277999999999949
18,sequence_47787,5.0,sequence_47780,23.0,0.4069000000000002
42,sequence_47787,5.0,sequence_47807,42.0,0.2631999999999976
