,id_seq1,target_seq1,id_seq2,target_seq2,distance
29,sequence_47787,5.0,sequence_47771,18.0,0.4167000000000058
137,sequence_47787,5.0,sequence_47805,22.0,0.4620000000000033
135,sequence_47787,5.0,sequence_47793,16.0,0.3471000000000046
