,id_seq1,target_seq1,id_seq2,target_seq2,distance
49,sequence_47787,5.0,sequence_47727,45.0,0.1573000000000064
110,sequence_47787,5.0,sequence_47734,110.0,0.2176000000000044
