,id_seq1,target_seq1,id_seq2,target_seq2,distance
116,sequence_47787,5.0,sequence_47755,100.0,0.8293999999999997
118,sequence_47787,5.0,sequence_47754,70.0,0.6891000000000034
