,id_seq1,target_seq1,id_seq2,target_seq2,distance
130,sequence_47787,5.0,sequence_47674,38.0,0.6166000000000054
33,sequence_47787,5.0,sequence_47673,65.5,0.5448000000000022
