,id_seq1,target_seq1,id_seq2,target_seq2,distance
37,sequence_47787,5.0,sequence_47697,55.5,0.2979000000000056
38,sequence_47787,5.0,sequence_47678,37.0,0.4085999999999998
