,id_seq1,target_seq1,id_seq2,target_seq2,distance
89,sequence_47787,5.0,sequence_47762,127.0,0.6061999999999941
92,sequence_47787,5.0,sequence_47812,121.0,0.4227999999999952
90,sequence_47787,5.0,sequence_47765,118.0,0.5346999999999937
