,id_seq1,target_seq1,id_seq2,target_seq2,distance
28,sequence_47787,5.0,sequence_47768,17.0,0.1739000000000032
7,sequence_47787,5.0,sequence_47786,18.0,0.1169000000000002
