,id_seq1,target_seq1,id_seq2,target_seq2,distance
60,sequence_47787,5.0,sequence_47745,83.0,0.4825000000000017
58,sequence_47787,5.0,sequence_47743,63.0,0.6005000000000038
62,sequence_47787,5.0,sequence_47748,79.0,0.491500000000002
61,sequence_47787,5.0,sequence_47747,72.0,0.5590000000000046
