,id_seq1,target_seq1,id_seq2,target_seq2,distance
43,sequence_47787,5.0,sequence_47804,23.0,0.1903000000000005
44,sequence_47787,5.0,sequence_47800,20.0,0.1420000000000003
19,sequence_47787,5.0,sequence_47785,25.0,0.1509
