,id_seq1,target_seq1,id_seq2,target_seq2,distance
107,sequence_47787,5.0,sequence_47661,52.0,0.4224000000000032
106,sequence_47787,5.0,sequence_47665,50.0,0.2916000000000025
105,sequence_47787,5.0,sequence_47670,97.0,0.3706000000000031
