,id_seq1,target_seq1,id_seq2,target_seq2,distance
30,sequence_47787,5.0,sequence_47681,44.0,0.4256000000000028
32,sequence_47787,5.0,sequence_47680,73.0,0.3228000000000008
77,sequence_47787,5.0,sequence_47701,63.0,0.2910000000000039
74,sequence_47787,5.0,sequence_47705,71.0,0.3927000000000049
13,sequence_47787,5.0,sequence_47679,44.0,0.3497000000000057
72,sequence_47787,5.0,sequence_47702,69.0,0.4055000000000035
34,sequence_47787,5.0,sequence_47700,65.0,0.3262
