,id_seq1,target_seq1,id_seq2,target_seq2,distance
130,sequence_51016,-4.626935645431157,sequence_51135,-7.603076627631569,359681.9166
377,sequence_51170,-5.599110392902725,sequence_51135,-7.603076627631569,240958.12860000003
624,sequence_32130,-5.7157882520247325,sequence_51135,-7.603076627631569,344419.2083
