,id_seq1,target_seq1,id_seq2,target_seq2,distance
16,sequence_47787,5.0,sequence_47686,22.0,10909.248112583413
39,sequence_47787,5.0,sequence_47682,53.0,11319.725834055604
36,sequence_47787,5.0,sequence_47683,75.0,11357.495841641869
83,sequence_47787,5.0,sequence_47708,111.0,11373.791442250817
40,sequence_47787,5.0,sequence_47724,48.0,11515.845195139167
88,sequence_47787,5.0,sequence_47707,79.0,11333.75098738304
