,id_seq1,target_seq1,id_seq2,target_seq2,distance
56,sequence_47787,5.0,sequence_47751,34.0,7417.472933244442
138,sequence_47787,5.0,sequence_47802,4.0,6858.697459008789
