,id_seq1,target_seq1,id_seq2,target_seq2,distance
56,sequence_40826,539,sequence_40810,549,0.0152118543796938
43,sequence_40826,539,sequence_40860,535,0.010272866549586
50,sequence_40826,539,sequence_40800,558,0.0100639890382403
4,sequence_40826,539,sequence_40807,528,0.0146457729899352
53,sequence_40826,539,sequence_40805,564,0.0102074777841723
73,sequence_40826,539,sequence_40802,560,0.0125104889177147
72,sequence_40826,539,sequence_40801,561,0.011595686420232
2,sequence_40826,539,sequence_40794,519,0.011235499516017
