,id_seq1,target_seq1,id_seq2,target_seq2,distance
24,sequence_40826,539,sequence_40856,498,273.8882055644784
28,sequence_40826,539,sequence_40858,495,280.2232863792372
30,sequence_40826,539,sequence_40843,495,272.29019167257934
