,id_seq1,target_seq1,id_seq2,target_seq2,distance
13,sequence_40826,539,sequence_40841,528,0.0004733762682359
12,sequence_40826,539,sequence_40840,528,0.0001359918909088
60,sequence_40826,539,sequence_40837,543,0.001841119030507
46,sequence_40826,539,sequence_40819,532,0.0021757876696048
63,sequence_40826,539,sequence_40822,549,0.0037238842752941
56,sequence_40826,539,sequence_40810,549,0.0009483171869052
