,id_seq1,target_seq1,id_seq2,target_seq2,distance
49,sequence_40826,539,sequence_40797,558,0.003286580195697
52,sequence_40826,539,sequence_40804,561,0.0054956167718774
50,sequence_40826,539,sequence_40800,558,0.0073589517172334
53,sequence_40826,539,sequence_40805,564,0.0049597740067495
