,id_seq1,target_seq1,id_seq2,target_seq2,distance
68,sequence_40826,539,sequence_40830,558,0.0097433238522692
21,sequence_40826,539,sequence_40828,519,0.0100730622656917
20,sequence_40826,539,sequence_40827,525,0.0053485463794575
70,sequence_40826,539,sequence_40865,580,0.0134803294343877
