,id_seq1,target_seq1,id_seq2,target_seq2,distance
34,sequence_40826,539,sequence_40861,464,0.0361763614688732
36,sequence_40826,539,sequence_40854,465,0.0345283614982647
29,sequence_40826,539,sequence_40852,474,0.0344223435235746
25,sequence_40826,539,sequence_40815,498,0.0296725833276079
38,sequence_40826,539,sequence_40848,461,0.0354841288060131
39,sequence_40826,539,sequence_40849,464,0.0353321458948486
27,sequence_40826,539,sequence_40847,486,0.0344216062104543
