,id_seq1,target_seq1,id_seq2,target_seq2,distance
127,sequence_47787,5.0,sequence_47719,66.0,0.0029785141236645
126,sequence_47787,5.0,sequence_47716,84.0,0.0035574535014845
97,sequence_47787,5.0,sequence_47687,92.0,0.0027152221750916
8,sequence_47787,5.0,sequence_47782,17.0,0.0017989896250139
61,sequence_47787,5.0,sequence_47747,72.0,0.0032391874383421
