,id_seq1,target_seq1,id_seq2,target_seq2,distance
145,sequence_53082,55.0,sequence_19469,50.5,0.0674312160671077
149,sequence_53082,55.0,sequence_19466,56.9,0.0734468288800861
