,id_seq1,target_seq1,id_seq2,target_seq2,distance
83,sequence_47787,5.0,sequence_47708,111.0,13.240456284728904
36,sequence_47787,5.0,sequence_47683,75.0,12.67150544232106
85,sequence_47787,5.0,sequence_47677,103.0,12.919147823284668
82,sequence_47787,5.0,sequence_47704,98.0,14.620642474693522
84,sequence_47787,5.0,sequence_47709,119.0,12.923537820129182
