,id_seq1,target_seq1,id_seq2,target_seq2,distance
4,sequence_47787,5.0,sequence_47777,11.0,11.40891741255552
5,sequence_47787,5.0,sequence_47779,11.0,10.302451099893457
7,sequence_47787,5.0,sequence_47786,18.0,10.42400473658485
143,sequence_47787,5.0,sequence_47791,4.0,6.940294982512584
8,sequence_47787,5.0,sequence_47782,17.0,10.094499440542007
29,sequence_47787,5.0,sequence_47771,18.0,8.523376728539564
3,sequence_47787,5.0,sequence_47781,12.0,9.625707126249836
