,id_seq1,target_seq1,id_seq2,target_seq2,distance
145,sequence_47787,5.0,sequence_47729,34.0,9.13937206192642
146,sequence_47787,5.0,sequence_47809,10.0,9.165135037546424
147,sequence_47787,5.0,sequence_47737,27.0,9.457314056077644
142,sequence_47787,5.0,sequence_47792,12.0,8.724324083525957
