,id_seq1,target_seq1,id_seq2,target_seq2,distance
32,sequence_47787,5.0,sequence_47680,73.0,11.072232148596465
78,sequence_47787,5.0,sequence_47706,77.0,11.582999554309106
74,sequence_47787,5.0,sequence_47705,71.0,10.56677204964902
