,id_seq1,target_seq1,id_seq2,target_seq2,distance
19,sequence_47787,5.0,sequence_47785,25.0,10.41179486105992
68,sequence_47787,5.0,sequence_47770,25.0,9.993425455305957
67,sequence_47787,5.0,sequence_47774,21.0,11.3700339540212
44,sequence_47787,5.0,sequence_47800,20.0,12.111938685444333
