,id_seq1,target_seq1,id_seq2,target_seq2,distance
69,sequence_47787,5.0,sequence_47713,51.0,12.50225657286525
33,sequence_47787,5.0,sequence_47673,65.5,10.683089962128715
57,sequence_47787,5.0,sequence_47741,102.0,13.247139812755224
70,sequence_47787,5.0,sequence_47738,55.0,11.52573275436814
13,sequence_47787,5.0,sequence_47679,44.0,10.524382230500157
