,id_seq1,target_seq1,id_seq2,target_seq2,distance
122,sequence_47787,5.0,sequence_47715,101.0,11.2258420887787
121,sequence_47787,5.0,sequence_47742,108.0,11.322184107863103
