,id_seq1,target_seq1,id_seq2,target_seq2,distance
49,sequence_47787,5.0,sequence_47727,45.0,10.206592520077711
23,sequence_47787,5.0,sequence_47783,24.5,9.758796955195448
110,sequence_47787,5.0,sequence_47734,110.0,11.741073354923993
111,sequence_47787,5.0,sequence_47811,24.0,9.995382293446676
51,sequence_47787,5.0,sequence_47775,23.0,11.297411227051306
109,sequence_47787,5.0,sequence_47726,120.0,11.427034308928016
