,id_seq1,target_seq1,id_seq2,target_seq2,distance
93,sequence_47787,5.0,sequence_47761,120.0,10.453155410183395
94,sequence_47787,5.0,sequence_47764,118.0,10.79086812522243
89,sequence_47787,5.0,sequence_47762,127.0,11.409908211410816
92,sequence_47787,5.0,sequence_47812,121.0,10.50952652085333
95,sequence_47787,5.0,sequence_47763,122.0,10.377573602751584
41,sequence_47787,5.0,sequence_47806,73.0,10.59424438444633
42,sequence_47787,5.0,sequence_47807,42.0,9.699211505333556
