,id_seq1,target_seq1,id_seq2,target_seq2,distance
64,sequence_47787,5.0,sequence_47744,69.0,10.599618618730997
60,sequence_47787,5.0,sequence_47745,83.0,10.531000414448634
63,sequence_47787,5.0,sequence_47749,81.0,10.088910085041558
59,sequence_47787,5.0,sequence_47752,67.0,11.505873100892051
62,sequence_47787,5.0,sequence_47748,79.0,9.901480457768962
