,id_seq1,target_seq1,id_seq2,target_seq2,distance
115,sequence_47787,5.0,sequence_47732,30.0,11.452659503830803
54,sequence_47787,5.0,sequence_47797,27.0,9.845453951203393
114,sequence_47787,5.0,sequence_47733,25.0,12.153143700913384
113,sequence_47787,5.0,sequence_47731,32.0,12.356602423594389
