,id_seq1,target_seq1,id_seq2,target_seq2,distance
86,sequence_47787,5.0,sequence_47692,87.5,13.2047626871539
75,sequence_47787,5.0,sequence_47694,51.0,12.281794508000376
96,sequence_47787,5.0,sequence_47699,62.0,12.369941628855685
99,sequence_47787,5.0,sequence_47690,63.0,13.509262471970196
98,sequence_47787,5.0,sequence_47693,64.0,13.622659039660324
76,sequence_47787,5.0,sequence_47691,40.0,12.94666455981192
80,sequence_47787,5.0,sequence_47698,56.0,12.225759076320436
97,sequence_47787,5.0,sequence_47687,92.0,14.272983383861508
