,id_seq1,target_seq1,id_seq2,target_seq2,distance
58,sequence_47787,5.0,sequence_47743,63.0,11.900885656113282
61,sequence_47787,5.0,sequence_47747,72.0,11.55530972250317
