,id_seq1,target_seq1,id_seq2,target_seq2,distance
18,sequence_47787,5.0,sequence_47780,23.0,0.0068243710870834
45,sequence_47787,5.0,sequence_47799,24.0,0.0068446926161307
19,sequence_47787,5.0,sequence_47785,25.0,0.005987100097844
