,id_seq1,target_seq1,id_seq2,target_seq2,distance
54,sequence_47787,5.0,sequence_47797,27.0,0.0185038189783635
111,sequence_47787,5.0,sequence_47811,24.0,0.0189124202223209
51,sequence_47787,5.0,sequence_47775,23.0,0.0196374525912134
23,sequence_47787,5.0,sequence_47783,24.5,0.0185224494458704
