,id_seq1,target_seq1,id_seq2,target_seq2,distance
137,sequence_47787,5.0,sequence_47805,22.0,0.0037870326520939
7,sequence_47787,5.0,sequence_47786,18.0,0.0039215584276982
143,sequence_47787,5.0,sequence_47791,4.0,0.0019486461604065
139,sequence_47787,5.0,sequence_47794,18.0,0.0037873554910272
135,sequence_47787,5.0,sequence_47793,16.0,0.0037155745086768
