,id_seq1,target_seq1,id_seq2,target_seq2,distance
13,sequence_47787,5.0,sequence_47679,44.0,0.0086428371124388
30,sequence_47787,5.0,sequence_47681,44.0,0.0085751554577621
73,sequence_47787,5.0,sequence_47672,76.0,0.0088682557199819
32,sequence_47787,5.0,sequence_47680,73.0,0.0086288278721431
80,sequence_47787,5.0,sequence_47698,56.0,0.0091501967905257
74,sequence_47787,5.0,sequence_47705,71.0,0.0085602671966827
