,id_seq1,target_seq1,id_seq2,target_seq2,distance
146,sequence_47787,5.0,sequence_47809,10.0,0.0102050921562386
26,sequence_47787,5.0,sequence_47760,26.0,0.0122814880987462
150,sequence_47787,5.0,sequence_47736,19.0,0.0107790619013738
147,sequence_47787,5.0,sequence_47737,27.0,0.0123992206005294
141,sequence_47787,5.0,sequence_47808,4.0,0.0086322710855948
