,id_seq1,target_seq1,id_seq2,target_seq2,distance
19,sequence_47787,5.0,sequence_47785,25.0,0.005987100097844
43,sequence_47787,5.0,sequence_47804,23.0,0.0071099400179319
17,sequence_47787,5.0,sequence_47778,26.0,0.0065155483192375
44,sequence_47787,5.0,sequence_47800,20.0,0.0088278192858849
