,id_seq1,target_seq1,id_seq2,target_seq2,distance
115,sequence_47787,5.0,sequence_47732,30.0,0.0211109360950297
109,sequence_47787,5.0,sequence_47726,120.0,0.0225025509606978
113,sequence_47787,5.0,sequence_47731,32.0,0.0155983242789506
110,sequence_47787,5.0,sequence_47734,110.0,0.0224945687721296
