,id_seq1,target_seq1,id_seq2,target_seq2,distance
16,sequence_47787,5.0,sequence_47686,22.0,0.004371231954815
0,sequence_47787,5.0,sequence_47684,23.0,0.003248793020807
