,id_seq1,target_seq1,id_seq2,target_seq2,distance
60,sequence_47787,5.0,sequence_47745,83.0,0.0115023632611891
69,sequence_47787,5.0,sequence_47713,51.0,0.0103494924762126
117,sequence_47787,5.0,sequence_47746,94.0,0.0114656374868675
119,sequence_47787,5.0,sequence_47753,74.0,0.0104927280397004
