,id_seq1,target_seq1,id_seq2,target_seq2,distance
93,sequence_47787,5.0,sequence_47761,120.0,0.0080375686933172
94,sequence_47787,5.0,sequence_47764,118.0,0.0089542036002403
89,sequence_47787,5.0,sequence_47762,127.0,0.0087207532215118
92,sequence_47787,5.0,sequence_47812,121.0,0.0081401336776182
90,sequence_47787,5.0,sequence_47765,118.0,0.0084527623230061
41,sequence_47787,5.0,sequence_47806,73.0,0.0080321245649089
67,sequence_47787,5.0,sequence_47774,21.0,0.0090439118372388
42,sequence_47787,5.0,sequence_47807,42.0,0.0073497063417818
71,sequence_47787,5.0,sequence_47769,25.0,0.0085116602328277
