,id_seq1,target_seq1,id_seq2,target_seq2,distance
145,sequence_47787,5.0,sequence_47729,34.0,0.0037357930168608
140,sequence_47787,5.0,sequence_47728,12.0,0.0021488213347762
