,id_seq1,target_seq1,id_seq2,target_seq2,distance
40,sequence_47787,5.0,sequence_47724,48.0,0.0124848841938204
36,sequence_47787,5.0,sequence_47683,75.0,0.0112063955147262
102,sequence_47787,5.0,sequence_47725,57.0,0.0130371488391555
98,sequence_47787,5.0,sequence_47693,64.0,0.01124704311536
96,sequence_47787,5.0,sequence_47699,62.0,0.0102755201936283
100,sequence_47787,5.0,sequence_47712,49.0,0.0112449915999951
39,sequence_47787,5.0,sequence_47682,53.0,0.0097064807719108
