,id_seq1,target_seq1,id_seq2,target_seq2,distance
122,sequence_47787,5.0,sequence_47715,101.0,0.0106526382529174
123,sequence_47787,5.0,sequence_47718,81.0,0.0111741360514576
124,sequence_47787,5.0,sequence_47717,66.0,0.0121277391599544
