,id_seq1,target_seq1,id_seq2,target_seq2,distance
8,sequence_47787,5.0,sequence_47782,17.0,0.0207606992462096
126,sequence_47787,5.0,sequence_47716,84.0,0.0282378969264449
61,sequence_47787,5.0,sequence_47747,72.0,0.0269120943193533
