,id_seq1,target_seq1,id_seq2,target_seq2,distance
48,sequence_40826,539,sequence_40825,532,2.569794270412817e-05
8,sequence_40826,539,sequence_40814,510,0.0021681324349456
79,sequence_40826,539,sequence_40867,622,0.0064020287154292
11,sequence_40826,539,sequence_40857,522,0.0018602233378599
52,sequence_40826,539,sequence_40804,561,2.0584181972038703e-05
43,sequence_40826,539,sequence_40860,535,2.0579171115531203e-05
1,sequence_40826,539,sequence_40789,510,6.645708403840711e-05
7,sequence_40826,539,sequence_40813,528,2.032884232949783e-06
