,id_seq1,target_seq1,id_seq2,target_seq2,distance
69,sequence_40826,539,sequence_40798,579,0.0060112805150955
76,sequence_40826,539,sequence_40866,620,0.0071539213974961
77,sequence_40826,539,sequence_40799,597,0.0112076966468549
68,sequence_40826,539,sequence_40830,558,0.0032249112933304
78,sequence_40826,539,sequence_40788,510,0.0060196538607514
18,sequence_40826,539,sequence_40817,528,0.0019642338398606
74,sequence_40826,539,sequence_40796,567,0.0068947749490674
70,sequence_40826,539,sequence_40865,580,0.0105613917551253
21,sequence_40826,539,sequence_40828,519,0.0007650330616927
