,id_seq1,target_seq1,id_seq2,target_seq2,distance
22,sequence_40826,539,sequence_40829,528,0.0069832796793134
31,sequence_40826,539,sequence_40846,483,0.0065119646456912
26,sequence_40826,539,sequence_40851,477,0.0045100764235606
