,id_seq1,target_seq1,id_seq2,target_seq2,distance
58,sequence_47787,5.0,sequence_47743,63.0,0.0330070629826649
57,sequence_47787,5.0,sequence_47741,102.0,0.0308430787826087
120,sequence_47787,5.0,sequence_47740,158.0,0.0323879287767453
116,sequence_47787,5.0,sequence_47755,100.0,0.0286810250389987
63,sequence_47787,5.0,sequence_47749,81.0,0.028319424624832
