,id_seq1,target_seq1,id_seq2,target_seq2,distance
140,sequence_47787,5.0,sequence_47728,12.0,0.0165046484638652
0,sequence_47787,5.0,sequence_47684,23.0,0.0184118163862032
14,sequence_47787,5.0,sequence_47695,52.0,0.018503506438775
