,id_seq1,target_seq1,id_seq2,target_seq2,distance
64,sequence_47787,5.0,sequence_47744,69.0,0.0279932829367858
59,sequence_47787,5.0,sequence_47752,67.0,0.0262609873429182
