,id_seq1,target_seq1,id_seq2,target_seq2,distance
115,sequence_47787,5.0,sequence_47732,30.0,0.0468256564105661
109,sequence_47787,5.0,sequence_47726,120.0,0.0474367539659483
113,sequence_47787,5.0,sequence_47731,32.0,0.0398400229425848
110,sequence_47787,5.0,sequence_47734,110.0,0.047534992895278
