,id_seq1,target_seq1,id_seq2,target_seq2,distance
29,sequence_47787,5.0,sequence_47771,18.0,0.0168827626083517
11,sequence_47787,5.0,sequence_47776,9.0,0.0137696471819516
