,id_seq1,target_seq1,id_seq2,target_seq2,distance
13,sequence_47787,5.0,sequence_47679,44.0,0.029867191284464
30,sequence_47787,5.0,sequence_47681,44.0,0.0296945273765201
73,sequence_47787,5.0,sequence_47672,76.0,0.0301503921331924
32,sequence_47787,5.0,sequence_47680,73.0,0.029679021157437
80,sequence_47787,5.0,sequence_47698,56.0,0.030621490854836
74,sequence_47787,5.0,sequence_47705,71.0,0.0296951357386305
