,id_seq1,target_seq1,id_seq2,target_seq2,distance
19,sequence_47787,5.0,sequence_47785,25.0,0.0244751231952234
43,sequence_47787,5.0,sequence_47804,23.0,0.025359504059914
17,sequence_47787,5.0,sequence_47778,26.0,0.0245096171183759
44,sequence_47787,5.0,sequence_47800,20.0,0.0279902283838413
