,id_seq1,target_seq1,id_seq2,target_seq2,distance
82,sequence_47787,5.0,sequence_47704,98.0,0.0354892822074026
128,sequence_47787,5.0,sequence_47723,69.0,0.0381264410705649
87,sequence_47787,5.0,sequence_47703,95.0,0.0332555410278472
85,sequence_47787,5.0,sequence_47677,103.0,0.0359808087951349
132,sequence_47787,5.0,sequence_47711,57.0,0.035161469883178
131,sequence_47787,5.0,sequence_47676,56.0,0.0338130891527691
84,sequence_47787,5.0,sequence_47709,119.0,0.0348734442808454
83,sequence_47787,5.0,sequence_47708,111.0,0.0358666540907986
88,sequence_47787,5.0,sequence_47707,79.0,0.033675343763178
