,id_seq1,target_seq1,id_seq2,target_seq2,distance
29,sequence_40826,539,sequence_40852,474,736.1124000000001
23,sequence_40826,539,sequence_40831,525,604.6084000000001
32,sequence_40826,539,sequence_40791,454,763.1497
