,id_seq1,target_seq1,id_seq2,target_seq2,distance
107,sequence_47787,5.0,sequence_47661,52.0,1.4210999999999998
105,sequence_47787,5.0,sequence_47670,97.0,1.507
22,sequence_47787,5.0,sequence_47757,36.0,1.2862
46,sequence_47787,5.0,sequence_47664,32.0,1.2585000000000002
50,sequence_47787,5.0,sequence_47756,37.0,1.4913
53,sequence_47787,5.0,sequence_47758,22.0,1.2574
