,id_seq1,target_seq1,id_seq2,target_seq2,distance
136,sequence_47787,5.0,sequence_47801,4.0,0.4528999999999999
140,sequence_47787,5.0,sequence_47728,12.0,0.5145000000000002
10,sequence_47787,5.0,sequence_47795,7.0,0.6126
9,sequence_47787,5.0,sequence_47772,12.0,0.3776
11,sequence_47787,5.0,sequence_47776,9.0,0.2976000000000001
