,id_seq1,target_seq1,id_seq2,target_seq2,distance
40,sequence_47787,5.0,sequence_47724,48.0,1.32
133,sequence_47787,5.0,sequence_47739,35.0,1.4682
131,sequence_47787,5.0,sequence_47676,56.0,1.5022
134,sequence_47787,5.0,sequence_47735,55.0,1.3647
30,sequence_47787,5.0,sequence_47681,44.0,1.3591000000000002
32,sequence_47787,5.0,sequence_47680,73.0,1.4297000000000002
132,sequence_47787,5.0,sequence_47711,57.0,1.3967000000000005
39,sequence_47787,5.0,sequence_47682,53.0,1.3607
