,id_seq1,target_seq1,id_seq2,target_seq2,distance
75,sequence_47787,5.0,sequence_47694,51.0,1.1562
12,sequence_47787,5.0,sequence_47685,24.0,1.0226000000000002
16,sequence_47787,5.0,sequence_47686,22.0,1.0943
37,sequence_47787,5.0,sequence_47697,55.5,1.2756000000000003
31,sequence_47787,5.0,sequence_47696,47.0,1.2011
38,sequence_47787,5.0,sequence_47678,37.0,1.2487
