,id_seq1,target_seq1,id_seq2,target_seq2,distance
69,sequence_47787,5.0,sequence_47713,51.0,1.5984
48,sequence_47787,5.0,sequence_47671,36.0,1.4644
57,sequence_47787,5.0,sequence_47741,102.0,1.7977000000000003
70,sequence_47787,5.0,sequence_47738,55.0,1.6465999999999998
