,id_seq1,target_seq1,id_seq2,target_seq2,distance
148,sequence_47787,5.0,sequence_47810,5.57,0.6244000000000001
26,sequence_47787,5.0,sequence_47760,26.0,0.927
141,sequence_47787,5.0,sequence_47808,4.0,0.6033000000000002
150,sequence_47787,5.0,sequence_47736,19.0,0.7449000000000001
149,sequence_47787,5.0,sequence_47766,4.19,0.7639000000000001
