,id_seq1,target_seq1,id_seq2,target_seq2,distance
3,sequence_40826,539,sequence_40806,525,0.0033557046979865
5,sequence_40826,539,sequence_40809,528,0.0033557046979865
