,id_seq1,target_seq1,id_seq2,target_seq2,distance
79,sequence_40826,539,sequence_40867,622,0.0134228187919463
69,sequence_40826,539,sequence_40798,579,0.0067114093959731
76,sequence_40826,539,sequence_40866,620,0.0100671140939597
77,sequence_40826,539,sequence_40799,597,0.0100671140939597
72,sequence_40826,539,sequence_40801,561,0.0067114093959731
