,id_seq1,target_seq1,id_seq2,target_seq2,distance
62,sequence_40826,539,sequence_40821,549,0.0033557046979865
75,sequence_40826,539,sequence_40795,562,0.0067114093959731
61,sequence_40826,539,sequence_40820,543,0.0033557046979865
