,id_seq1,target_seq1,id_seq2,target_seq2,distance
68,sequence_40826,539,sequence_40830,558,0.0033557046979865
21,sequence_40826,539,sequence_40828,519,0.0033557046979865
20,sequence_40826,539,sequence_40827,525,0.0033557046979865
