,id_seq1,target_seq1,id_seq2,target_seq2,distance
145,sequence_47787,5.0,sequence_47729,34.0,0.0043298105413897
147,sequence_47787,5.0,sequence_47737,27.0,0.0046520773531087
7,sequence_47787,5.0,sequence_47786,18.0,0.0016318263499988
146,sequence_47787,5.0,sequence_47809,10.0,0.0035424372171671
135,sequence_47787,5.0,sequence_47793,16.0,0.0034464656109854
142,sequence_47787,5.0,sequence_47792,12.0,0.0032217825212301
