,id_seq1,target_seq1,id_seq2,target_seq2,distance
49,sequence_47787,5.0,sequence_47727,45.0,0.0090589049302018
23,sequence_47787,5.0,sequence_47783,24.5,0.0079513333994842
110,sequence_47787,5.0,sequence_47734,110.0,0.0115263961358583
111,sequence_47787,5.0,sequence_47811,24.0,0.009482196046509
51,sequence_47787,5.0,sequence_47775,23.0,0.0080138285593928
109,sequence_47787,5.0,sequence_47726,120.0,0.0101611648152288
50,sequence_47787,5.0,sequence_47756,37.0,0.0105958637558043
