,id_seq1,target_seq1,id_seq2,target_seq2,distance
83,sequence_47787,5.0,sequence_47708,111.0,0.0204102818393908
36,sequence_47787,5.0,sequence_47683,75.0,0.0185384033006003
127,sequence_47787,5.0,sequence_47719,66.0,0.0252198127034415
88,sequence_47787,5.0,sequence_47707,79.0,0.0190509741362088
124,sequence_47787,5.0,sequence_47717,66.0,0.0252091178856225
122,sequence_47787,5.0,sequence_47715,101.0,0.0238579204299623
