,id_seq1,target_seq1,id_seq2,target_seq2,distance
45,sequence_47787,5.0,sequence_47799,24.0,0.0150792756761172
42,sequence_47787,5.0,sequence_47807,42.0,0.0148754644002334
100,sequence_47787,5.0,sequence_47712,49.0,0.0156306216181025
44,sequence_47787,5.0,sequence_47800,20.0,0.0144230677132189
