,id_seq1,target_seq1,id_seq2,target_seq2,distance
137,sequence_47787,5.0,sequence_47805,22.0,0.0099445519926927
136,sequence_47787,5.0,sequence_47801,4.0,0.0065499452768259
10,sequence_47787,5.0,sequence_47795,7.0,0.0093163055439599
