,id_seq1,target_seq1,id_seq2,target_seq2,distance
57,sequence_47787,5.0,sequence_47741,102.0,0.005820239689144
70,sequence_47787,5.0,sequence_47738,55.0,0.005820239689144
61,sequence_47787,5.0,sequence_47747,72.0,0.0072074924472927
64,sequence_47787,5.0,sequence_47744,69.0,0.0075385878483893
