,id_seq1,target_seq1,id_seq2,target_seq2,distance
85,sequence_47787,5.0,sequence_47677,103.0,0.0196939409976768
131,sequence_47787,5.0,sequence_47676,56.0,0.0183305530224635
39,sequence_47787,5.0,sequence_47682,53.0,0.0171813820357705
40,sequence_47787,5.0,sequence_47724,48.0,0.0162539950111764
