,id_seq1,target_seq1,id_seq2,target_seq2,distance
24,sequence_47787,5.0,sequence_47796,20.0,0.007738895387403
113,sequence_47787,5.0,sequence_47731,32.0,0.008946175530253
52,sequence_47787,5.0,sequence_47730,35.0,0.0088479313689795
