,id_seq1,target_seq1,id_seq2,target_seq2,distance
133,sequence_47787,5.0,sequence_47739,35.0,0.0122874257891094
134,sequence_47787,5.0,sequence_47735,55.0,0.0110903585516077
121,sequence_47787,5.0,sequence_47742,108.0,0.0122874257891094
132,sequence_47787,5.0,sequence_47711,57.0,0.0113520989898793
