,id_seq1,target_seq1,id_seq2,target_seq2,distance
32,sequence_47787,5.0,sequence_47680,73.0,0.010928203856851
77,sequence_47787,5.0,sequence_47701,63.0,0.0116260636087202
