,id_seq1,target_seq1,id_seq2,target_seq2,distance
21,sequence_47787,5.0,sequence_47663,36.0,0.0114764025078472
0,sequence_47787,5.0,sequence_47684,23.0,0.0086187644202422
