,id_seq1,target_seq1,id_seq2,target_seq2,distance
25,sequence_40826,539,sequence_40815,498,4.847060694898228
37,sequence_40826,539,sequence_40853,463,4.76753324605534
38,sequence_40826,539,sequence_40848,461,3.9076967340906537
26,sequence_40826,539,sequence_40851,477,4.349365774574896
36,sequence_40826,539,sequence_40854,465,3.5040161228372435
33,sequence_40826,539,sequence_40793,456,3.9140773471232895
8,sequence_40826,539,sequence_40814,510,3.686044821552656
31,sequence_40826,539,sequence_40846,483,5.009946702445888
