,id_seq1,target_seq1,id_seq2,target_seq2,distance
73,sequence_40826,539,sequence_40802,560,4.237390234940295
4,sequence_40826,539,sequence_40807,528,4.922739967080865
53,sequence_40826,539,sequence_40805,564,3.626455976302488
43,sequence_40826,539,sequence_40860,535,3.5911115274303587
2,sequence_40826,539,sequence_40794,519,4.30270163783096
50,sequence_40826,539,sequence_40800,558,3.581041732083065
72,sequence_40826,539,sequence_40801,561,4.428560983884721
