,id_seq1,target_seq1,id_seq2,target_seq2,distance
69,sequence_47787,5.0,sequence_47713,51.0,5.0
28,sequence_47787,5.0,sequence_47768,17.0,3.0
70,sequence_47787,5.0,sequence_47738,55.0,5.0
121,sequence_47787,5.0,sequence_47742,108.0,6.332146302918519
123,sequence_47787,5.0,sequence_47718,81.0,5.7356283253182445
133,sequence_47787,5.0,sequence_47739,35.0,6.332146302918519
