,id_seq1,target_seq1,id_seq2,target_seq2,distance
141,sequence_47787,5.0,sequence_47808,4.0,0.8773150207575607
146,sequence_47787,5.0,sequence_47809,10.0,1.3975736983344382
