,id_seq1,target_seq1,id_seq2,target_seq2,distance
144,sequence_47787,5.0,sequence_47788,5.0,0.2245192833377591
148,sequence_47787,5.0,sequence_47810,5.57,0.5500615411453438
143,sequence_47787,5.0,sequence_47791,4.0,1.0
136,sequence_47787,5.0,sequence_47801,4.0,0.0280307569716115
10,sequence_47787,5.0,sequence_47795,7.0,0.7334658580705612
138,sequence_47787,5.0,sequence_47802,4.0,0.2525500403093707
149,sequence_47787,5.0,sequence_47766,4.19,0.4588813041738381
