,id_seq1,target_seq1,id_seq2,target_seq2,distance
27,sequence_47787,5.0,sequence_47773,19.0,2.3321463029185185
66,sequence_47787,5.0,sequence_47759,36.0,3.7118924619031546
