,id_seq1,target_seq1,id_seq2,target_seq2,distance
81,sequence_47787,5.0,sequence_47688,90.0,4.441334112362524
97,sequence_47787,5.0,sequence_47687,92.0,4.585217180854308
