,id_seq1,target_seq1,id_seq2,target_seq2,distance
79,sequence_47787,5.0,sequence_47675,57.0,6.299341487403746
32,sequence_47787,5.0,sequence_47680,73.0,4.60694656803354
