,id_seq1,target_seq1,id_seq2,target_seq2,distance
24,sequence_47787,5.0,sequence_47796,20.0,2.6324682884980697
8,sequence_47787,5.0,sequence_47782,17.0,1.4442050540713351
48,sequence_47787,5.0,sequence_47671,36.0,5.632468288498069
126,sequence_47787,5.0,sequence_47716,84.0,5.17983337938958
106,sequence_47787,5.0,sequence_47665,50.0,5.0395009809572455
6,sequence_47787,5.0,sequence_47784,21.0,1.6324682884980697
105,sequence_47787,5.0,sequence_47670,97.0,5.227543662717257
118,sequence_47787,5.0,sequence_47754,70.0,4.804127909850751
