,id_seq1,target_seq1,id_seq2,target_seq2,distance
21,sequence_47787,5.0,sequence_47663,36.0,3.6324682884980697
52,sequence_47787,5.0,sequence_47730,35.0,3.6324682884980697
107,sequence_47787,5.0,sequence_47661,52.0,4.856987571835829
55,sequence_47787,5.0,sequence_47798,23.0,3.6324682884980697
22,sequence_47787,5.0,sequence_47757,36.0,3.6324682884980697
114,sequence_47787,5.0,sequence_47733,25.0,3.8569875718358286
46,sequence_47787,5.0,sequence_47664,32.0,3.8569875718358286
59,sequence_47787,5.0,sequence_47752,67.0,4.40451620509702
53,sequence_47787,5.0,sequence_47758,22.0,4.632468288498069
