,id_seq1,target_seq1,id_seq2,target_seq2,distance
93,sequence_47787,5.0,sequence_47761,120.0,6.1000126298621815
94,sequence_47787,5.0,sequence_47764,118.0,6.1000126298621815
89,sequence_47787,5.0,sequence_47762,127.0,6.1000126298621815
92,sequence_47787,5.0,sequence_47812,121.0,6.1000126298621815
41,sequence_47787,5.0,sequence_47806,73.0,5.1000126298621815
