,id_seq1,target_seq1,id_seq2,target_seq2,distance
60,sequence_47787,5.0,sequence_47745,83.0,5.0
85,sequence_47787,5.0,sequence_47677,103.0,6.112981369811361
117,sequence_47787,5.0,sequence_47746,94.0,5.224519283337759
