,id_seq1,target_seq1,id_seq2,target_seq2,distance
36,sequence_47787,5.0,sequence_47683,75.0,5.112981369811361
98,sequence_47787,5.0,sequence_47693,64.0,5.1410121267829725
84,sequence_47787,5.0,sequence_47709,119.0,6.483537460692789
