,id_seq1,target_seq1,id_seq2,target_seq2,distance
65,sequence_47787,5.0,sequence_47721,40.0,3.735628325318245
29,sequence_47787,5.0,sequence_47771,18.0,1.403675909689886
9,sequence_47787,5.0,sequence_47772,12.0,1.0
66,sequence_47787,5.0,sequence_47759,36.0,3.7118924619031546
