,id_seq1,target_seq1,id_seq2,target_seq2,distance
127,sequence_47787,5.0,sequence_47719,66.0,5.315236951831236
64,sequence_47787,5.0,sequence_47744,69.0,4.40451620509702
125,sequence_47787,5.0,sequence_47720,80.0,5.368096613816315
63,sequence_47787,5.0,sequence_47749,81.0,4.215284901259052
62,sequence_47787,5.0,sequence_47748,79.0,4.632468288498069
61,sequence_47787,5.0,sequence_47747,72.0,4.579608626512991
