,id_seq1,target_seq1,id_seq2,target_seq2,distance
129,sequence_47787,5.0,sequence_47722,75.0,5.7356283253182445
122,sequence_47787,5.0,sequence_47715,101.0,5.7356283253182445
101,sequence_47787,5.0,sequence_47714,51.0,5.36017705989013
119,sequence_47787,5.0,sequence_47753,74.0,5.224519283337759
120,sequence_47787,5.0,sequence_47740,158.0,6.550922912261323
116,sequence_47787,5.0,sequence_47755,100.0,5.224519283337759
