,id_seq1,target_seq1,id_seq2,target_seq2,distance
20,sequence_51016,-4.626935645431157,sequence_51131,-7.774340977997347,0.9473262545009062
221,sequence_51016,-4.626935645431157,sequence_51126,-6.8444229718282426,0.9885395281006488
213,sequence_51016,-4.626935645431157,sequence_51132,-4.340049860624873,0.9731098761804025
