,id_seq1,target_seq1,id_seq2,target_seq2,distance
180,sequence_51016,-4.626935645431157,sequence_32178,-7.97958130655809,0.928410137502843
95,sequence_51016,-4.626935645431157,sequence_32116,-7.723165366142718,0.9625754617471436
