,id_seq1,target_seq1,id_seq2,target_seq2,distance
103,sequence_47787,5.0,sequence_47669,32.0,0.010689177329703
76,sequence_47787,5.0,sequence_47691,40.0,0.0112024480349643
