,id_seq1,target_seq1,id_seq2,target_seq2,distance
49,sequence_47787,5.0,sequence_47727,45.0,0.0047179943065569
111,sequence_47787,5.0,sequence_47811,24.0,0.0045541865078964
50,sequence_47787,5.0,sequence_47756,37.0,0.0047140504772632
