,id_seq1,target_seq1,id_seq2,target_seq2,distance
145,sequence_47787,5.0,sequence_47729,34.0,0.0003822240527392
146,sequence_47787,5.0,sequence_47809,10.0,4.309771528210327e-05
26,sequence_47787,5.0,sequence_47760,26.0,0.0006198946293082
140,sequence_47787,5.0,sequence_47728,12.0,0.0003527392395689
150,sequence_47787,5.0,sequence_47736,19.0,0.0003689932660356
147,sequence_47787,5.0,sequence_47737,27.0,0.0003971673308765
141,sequence_47787,5.0,sequence_47808,4.0,1.0285346023763964e-05
142,sequence_47787,5.0,sequence_47792,12.0,3.4426301782297664e-05
