,id_seq1,target_seq1,id_seq2,target_seq2,distance
34,sequence_47787,5.0,sequence_47700,65.0,0.0054709071286047
13,sequence_47787,5.0,sequence_47679,44.0,0.0051984325791475
33,sequence_47787,5.0,sequence_47673,65.5,0.0055059746213743
