,id_seq1,target_seq1,id_seq2,target_seq2,distance
79,sequence_47787,5.0,sequence_47675,57.0,0.005509510516626
32,sequence_47787,5.0,sequence_47680,73.0,0.0052331572174371
77,sequence_47787,5.0,sequence_47701,63.0,0.0054872344233759
