,id_seq1,target_seq1,id_seq2,target_seq2,distance
24,sequence_47787,5.0,sequence_47796,20.0,0.0048542872169193
113,sequence_47787,5.0,sequence_47731,32.0,0.0050790669903649
