,id_seq1,target_seq1,id_seq2,target_seq2,distance
144,sequence_47787,5.0,sequence_47788,5.0,0.0026642864815004
120,sequence_47787,5.0,sequence_47740,158.0,0.0042399428011874
56,sequence_47787,5.0,sequence_47751,34.0,0.0032357536019842
