,id_seq1,target_seq1,id_seq2,target_seq2,distance
65,sequence_47787,5.0,sequence_47721,40.0,0.0096234363192792
38,sequence_47787,5.0,sequence_47678,37.0,0.0101783706098698
