,id_seq1,target_seq1,id_seq2,target_seq2,distance
57,sequence_47787,5.0,sequence_47741,102.0,0.0013777434777237
70,sequence_47787,5.0,sequence_47738,55.0,0.0013074301796576
