,id_seq1,target_seq1,id_seq2,target_seq2,distance
18,sequence_47787,5.0,sequence_47780,23.0,0.008504413934101
92,sequence_47787,5.0,sequence_47812,121.0,0.0107214854922356
41,sequence_47787,5.0,sequence_47806,73.0,0.0092070101607862
17,sequence_47787,5.0,sequence_47778,26.0,0.008504413934101
