,id_seq1,target_seq1,id_seq2,target_seq2,distance
89,sequence_47787,5.0,sequence_47762,127.0,0.0157690151683416
93,sequence_47787,5.0,sequence_47761,120.0,0.0175266877548111
91,sequence_47787,5.0,sequence_47767,105.0,0.0158014234369955
