,id_seq1,target_seq1,id_seq2,target_seq2,distance
72,sequence_47787,5.0,sequence_47702,69.0,0.0142030654007643
30,sequence_47787,5.0,sequence_47681,44.0,0.0134951596240361
73,sequence_47787,5.0,sequence_47672,76.0,0.0135970685200839
74,sequence_47787,5.0,sequence_47705,71.0,0.0141355854513364
