,id_seq1,target_seq1,id_seq2,target_seq2,distance
101,sequence_47787,5.0,sequence_47714,51.0,0.0289524852747198
102,sequence_47787,5.0,sequence_47725,57.0,0.0216904073355557
37,sequence_47787,5.0,sequence_47697,55.5,0.0216641332811021
96,sequence_47787,5.0,sequence_47699,62.0,0.022618298239623
