,id_seq1,target_seq1,id_seq2,target_seq2,distance
32,sequence_47787,5.0,sequence_47680,73.0,0.0109521701206978
77,sequence_47787,5.0,sequence_47701,63.0,0.0116604409593261
13,sequence_47787,5.0,sequence_47679,44.0,0.0107245562047495
34,sequence_47787,5.0,sequence_47700,65.0,0.011434576691458
