,id_seq1,target_seq1,id_seq2,target_seq2,distance
85,sequence_47787,5.0,sequence_47677,103.0,0.0196666832952754
131,sequence_47787,5.0,sequence_47676,56.0,0.0183030631659498
39,sequence_47787,5.0,sequence_47682,53.0,0.017163077188951
40,sequence_47787,5.0,sequence_47724,48.0,0.0162357768875025
