,id_seq1,target_seq1,id_seq2,target_seq2,distance
145,sequence_47787,5.0,sequence_47729,34.0,0.0043449202507269
147,sequence_47787,5.0,sequence_47737,27.0,0.0046589670496309
7,sequence_47787,5.0,sequence_47786,18.0,0.0016292857822879
146,sequence_47787,5.0,sequence_47809,10.0,0.0035413888078593
135,sequence_47787,5.0,sequence_47793,16.0,0.0034557190407265
142,sequence_47787,5.0,sequence_47792,12.0,0.0032259845399087
