,id_seq1,target_seq1,id_seq2,target_seq2,distance
33,sequence_47787,5.0,sequence_47673,65.5,0.0118498439412423
78,sequence_47787,5.0,sequence_47706,77.0,0.0128065458793003
