,id_seq1,target_seq1,id_seq2,target_seq2,distance
75,sequence_47787,5.0,sequence_47694,51.0,0.0205923978845163
76,sequence_47787,5.0,sequence_47691,40.0,0.0189461391301377
80,sequence_47787,5.0,sequence_47698,56.0,0.0189461391301377
31,sequence_47787,5.0,sequence_47696,47.0,0.0179886812871064
