,id_seq1,target_seq1,id_seq2,target_seq2,distance
137,sequence_47787,5.0,sequence_47805,22.0,0.0099926424408495
136,sequence_47787,5.0,sequence_47801,4.0,0.0065570553597011
10,sequence_47787,5.0,sequence_47795,7.0,0.0093271603770623
