,id_seq1,target_seq1,id_seq2,target_seq2,distance
43,sequence_47787,5.0,sequence_47804,23.0,0.0139232279141664
20,sequence_47787,5.0,sequence_47803,12.0,0.0129725675822077
