,id_seq1,target_seq1,id_seq2,target_seq2,distance
180,sequence_51016,-4.626935645431157,sequence_32178,-7.97958130655809,0.9517649437634887
72,sequence_51016,-4.626935645431157,sequence_32162,-7.3445848975979535,1.0038238607612655
142,sequence_51016,-4.626935645431157,sequence_32176,-7.495966273349671,0.9378393656945032
185,sequence_51016,-4.626935645431157,sequence_32165,-6.872613250606912,0.9622202339722432
187,sequence_51016,-4.626935645431157,sequence_32177,-8.394682697575568,0.94828287722044
174,sequence_51016,-4.626935645431157,sequence_32179,-7.381695972507586,0.9671173976670496
95,sequence_51016,-4.626935645431157,sequence_32116,-7.723165366142718,0.9972511566759232
50,sequence_51016,-4.626935645431157,sequence_32167,-8.28781536491833,0.9573709630537512
