,id_seq1,target_seq1,id_seq2,target_seq2,distance
100,sequence_51016,-4.626935645431157,sequence_51167,-6.709785800218548,73.22739107616425
30,sequence_51016,-4.626935645431157,sequence_51141,-6.2807344442384325,70.26322774204101
31,sequence_51016,-4.626935645431157,sequence_51137,-8.113936450186205,65.94081024345236
347,sequence_51170,-5.599110392902725,sequence_51167,-6.709785800218548,24.46280378105916
277,sequence_51170,-5.599110392902725,sequence_51141,-6.2807344442384325,52.20055650577143
278,sequence_51170,-5.599110392902725,sequence_51137,-8.113936450186205,60.51937972806813
594,sequence_32130,-5.7157882520247325,sequence_51167,-6.709785800218548,71.12086893276194
524,sequence_32130,-5.7157882520247325,sequence_51141,-6.2807344442384325,72.62687578118445
525,sequence_32130,-5.7157882520247325,sequence_51137,-8.113936450186205,67.82886852032352
