,id_seq1,target_seq1,id_seq2,target_seq2,distance
217,sequence_51016,-4.626935645431157,sequence_51200,-4.040097249792159,70.05186842313947
19,sequence_51016,-4.626935645431157,sequence_51182,-5.384437728556348,67.31378490681064
22,sequence_51016,-4.626935645431157,sequence_51196,-7.3141295128133885,65.7062759211064
129,sequence_51016,-4.626935645431157,sequence_51134,-7.793345450173909,66.72426940307112
464,sequence_51170,-5.599110392902725,sequence_51200,-4.040097249792159,57.457091309132274
266,sequence_51170,-5.599110392902725,sequence_51182,-5.384437728556348,57.47246963557133
269,sequence_51170,-5.599110392902725,sequence_51196,-7.3141295128133885,66.62115078892909
376,sequence_51170,-5.599110392902725,sequence_51134,-7.793345450173909,63.12267706214089
711,sequence_32130,-5.7157882520247325,sequence_51200,-4.040097249792159,68.34911990427014
513,sequence_32130,-5.7157882520247325,sequence_51182,-5.384437728556348,72.51344871708184
516,sequence_32130,-5.7157882520247325,sequence_51196,-7.3141295128133885,69.19705684576043
623,sequence_32130,-5.7157882520247325,sequence_51134,-7.793345450173909,69.49184427599693
