,id_seq1,target_seq1,id_seq2,target_seq2,distance
228,sequence_51016,-4.626935645431157,sequence_32173,-7.412850678006673,69.00843447022905
185,sequence_51016,-4.626935645431157,sequence_32165,-6.872613250606912,69.1118683086977
241,sequence_51016,-4.626935645431157,sequence_32153,-7.7527305527290675,68.5539040101891
84,sequence_51016,-4.626935645431157,sequence_32180,-7.4665305235863535,68.51582019941685
38,sequence_51016,-4.626935645431157,sequence_32127,-5.3072183078974415,73.37799687996882
193,sequence_51016,-4.626935645431157,sequence_32111,-7.720394486348803,68.68681749471395
49,sequence_51016,-4.626935645431157,sequence_32132,-7.1048508816280265,72.34515956120393
