,id_seq1,target_seq1,id_seq2,target_seq2,distance
217,sequence_51016,-4.626935645431157,sequence_51200,-4.040097249792159,70.05186842313947
19,sequence_51016,-4.626935645431157,sequence_51182,-5.384437728556348,67.31378490681064
22,sequence_51016,-4.626935645431157,sequence_51196,-7.3141295128133885,65.7062759211064
129,sequence_51016,-4.626935645431157,sequence_51134,-7.793345450173909,66.72426940307112
