,id_seq1,target_seq1,id_seq2,target_seq2,distance
20,sequence_40826,539,sequence_40827,525,3347.25719706215
68,sequence_40826,539,sequence_40830,558,3051.1654895233987
