,id_seq1,target_seq1,id_seq2,target_seq2,distance
27,sequence_47787,5.0,sequence_47773,19.0,0.0156912704982398
1,sequence_47787,5.0,sequence_47789,10.0,0.0136483368486657
19,sequence_47787,5.0,sequence_47785,25.0,0.0157045416700426
67,sequence_47787,5.0,sequence_47774,21.0,0.0179869851153674
