,id_seq1,target_seq1,id_seq2,target_seq2,distance
81,sequence_47787,5.0,sequence_47688,90.0,0.0348623306201837
35,sequence_47787,5.0,sequence_47689,52.0,0.0348373690197264
15,sequence_47787,5.0,sequence_47710,43.0,0.0353877204376031
14,sequence_47787,5.0,sequence_47695,52.0,0.0319001189805548
