,id_seq1,target_seq1,id_seq2,target_seq2,distance
63,sequence_47787,5.0,sequence_47749,81.0,0.0140684052671039
62,sequence_47787,5.0,sequence_47748,79.0,0.0156000163269974
