,id_seq1,target_seq1,id_seq2,target_seq2,distance
145,sequence_47787,5.0,sequence_47729,34.0,0.0093384937487649
146,sequence_47787,5.0,sequence_47809,10.0,0.0074746859364236
147,sequence_47787,5.0,sequence_47737,27.0,0.0098478945742962
7,sequence_47787,5.0,sequence_47786,18.0,0.0035679981859392
135,sequence_47787,5.0,sequence_47793,16.0,0.0071579876930254
142,sequence_47787,5.0,sequence_47792,12.0,0.0068972038448734
