,id_seq1,target_seq1,id_seq2,target_seq2,distance
98,sequence_47787,5.0,sequence_47693,64.0,0.05124115056373
84,sequence_47787,5.0,sequence_47709,119.0,0.0530162514152189
