,id_seq1,target_seq1,id_seq2,target_seq2,distance
128,sequence_47787,5.0,sequence_47723,69.0,0.0340496732173192
16,sequence_47787,5.0,sequence_47686,22.0,0.0305607753060654
38,sequence_47787,5.0,sequence_47678,37.0,0.033251266900682
