,id_seq1,target_seq1,id_seq2,target_seq2,distance
111,sequence_47787,5.0,sequence_47811,24.0,0.0188112015164194
109,sequence_47787,5.0,sequence_47726,120.0,0.0195312434004568
50,sequence_47787,5.0,sequence_47756,37.0,0.019698180644016
51,sequence_47787,5.0,sequence_47775,23.0,0.0160799609921507
49,sequence_47787,5.0,sequence_47727,45.0,0.0170365861491038
23,sequence_47787,5.0,sequence_47783,24.5,0.0158780870397395
110,sequence_47787,5.0,sequence_47734,110.0,0.0230553673227119
