,id_seq1,target_seq1,id_seq2,target_seq2,distance
83,sequence_47787,5.0,sequence_47708,111.0,0.04297677773741
36,sequence_47787,5.0,sequence_47683,75.0,0.0390389288452375
127,sequence_47787,5.0,sequence_47719,66.0,0.0526161990172654
88,sequence_47787,5.0,sequence_47707,79.0,0.04027582096023
124,sequence_47787,5.0,sequence_47717,66.0,0.0535428390657916
122,sequence_47787,5.0,sequence_47715,101.0,0.0503662505671158
