,id_seq1,target_seq1,id_seq2,target_seq2,distance
69,sequence_47787,5.0,sequence_47713,51.0,0.03823595681207
78,sequence_47787,5.0,sequence_47706,77.0,0.0271493287279392
