,id_seq1,target_seq1,id_seq2,target_seq2,distance
40,sequence_47787,5.0,sequence_47724,48.0,0.0342112718405986
131,sequence_47787,5.0,sequence_47676,56.0,0.0383081771965448
85,sequence_47787,5.0,sequence_47677,103.0,0.0410101357927311
39,sequence_47787,5.0,sequence_47682,53.0,0.03617969344534
