,id_seq1,target_seq1,id_seq2,target_seq2,distance
107,sequence_47787,5.0,sequence_47661,52.0,0.0300774966433687
112,sequence_47787,5.0,sequence_47662,28.0,0.032825447192852
46,sequence_47787,5.0,sequence_47664,32.0,0.0270816785373966
104,sequence_47787,5.0,sequence_47668,48.0,0.0300810818700731
106,sequence_47787,5.0,sequence_47665,50.0,0.0333587702245107
