,id_seq1,target_seq1,id_seq2,target_seq2,distance
85,sequence_47787,5.0,sequence_47677,103.0,0.0410101357927311
131,sequence_47787,5.0,sequence_47676,56.0,0.0383081771965448
40,sequence_47787,5.0,sequence_47724,48.0,0.0342112718405986
