,id_seq1,target_seq1,id_seq2,target_seq2,distance
132,sequence_47787,5.0,sequence_47711,57.0,0.0231147173883489
121,sequence_47787,5.0,sequence_47742,108.0,0.0253506863024561
66,sequence_47787,5.0,sequence_47759,36.0,0.0197338697247287
133,sequence_47787,5.0,sequence_47739,35.0,0.0252311811337115
134,sequence_47787,5.0,sequence_47735,55.0,0.0224941599076059
