,id_seq1,target_seq1,id_seq2,target_seq2,distance
3,sequence_47787,5.0,sequence_47781,12.0,0.002947996461497
5,sequence_47787,5.0,sequence_47779,11.0,0.0042822681909709
4,sequence_47787,5.0,sequence_47777,11.0,0.0043148874214196
