,id_seq1,target_seq1,id_seq2,target_seq2,distance
126,sequence_47787,5.0,sequence_47716,84.0,0.0464293183458287
125,sequence_47787,5.0,sequence_47720,80.0,0.0508744961180547
123,sequence_47787,5.0,sequence_47718,81.0,0.0459305087188469
108,sequence_47787,5.0,sequence_47667,86.0,0.037507821126074
