,id_seq1,target_seq1,id_seq2,target_seq2,distance
13,sequence_47787,5.0,sequence_47679,44.0,0.023157567092486
32,sequence_47787,5.0,sequence_47680,73.0,0.0237909632924543
77,sequence_47787,5.0,sequence_47701,63.0,0.025018778169991
