,id_seq1,target_seq1,id_seq2,target_seq2,distance
180,sequence_51016,-4.626935645431157,sequence_32178,-7.97958130655809,1258.5722999999998
87,sequence_51016,-4.626935645431157,sequence_32163,-6.436780987668787,1160.2058000000002
84,sequence_51016,-4.626935645431157,sequence_32180,-7.4665305235863535,1324.7032999999997
427,sequence_51170,-5.599110392902725,sequence_32178,-7.97958130655809,1351.9743999999998
334,sequence_51170,-5.599110392902725,sequence_32163,-6.436780987668787,1281.8714
331,sequence_51170,-5.599110392902725,sequence_32180,-7.4665305235863535,1183.9507
674,sequence_32130,-5.7157882520247325,sequence_32178,-7.97958130655809,995.7712
581,sequence_32130,-5.7157882520247325,sequence_32163,-6.436780987668787,1107.9341
578,sequence_32130,-5.7157882520247325,sequence_32180,-7.4665305235863535,1019.8024
