,id_seq1,target_seq1,id_seq2,target_seq2,distance
60,sequence_51016,-4.626935645431157,sequence_50984,-4.153545460917198,325.74220000000014
152,sequence_51016,-4.626935645431157,sequence_51050,-4.353862895527104,445.9282
170,sequence_51016,-4.626935645431157,sequence_51000,-7.071213324987105,1087.8910999999998
307,sequence_51170,-5.599110392902725,sequence_50984,-4.153545460917198,1335.1614
399,sequence_51170,-5.599110392902725,sequence_51050,-4.353862895527104,1270.4821
417,sequence_51170,-5.599110392902725,sequence_51000,-7.071213324987105,1218.8581
554,sequence_32130,-5.7157882520247325,sequence_50984,-4.153545460917198,1322.1005
646,sequence_32130,-5.7157882520247325,sequence_51050,-4.353862895527104,1381.9141000000002
664,sequence_32130,-5.7157882520247325,sequence_51000,-7.071213324987105,1039.6883
