,id_seq1,target_seq1,id_seq2,target_seq2,distance
4,sequence_47787,5.0,sequence_47777,11.0,1190.08854252295
19,sequence_47787,5.0,sequence_47785,25.0,914.9495482104958
129,sequence_47787,5.0,sequence_47722,75.0,1302.472360816812
17,sequence_47787,5.0,sequence_47778,26.0,1189.6784822283794
42,sequence_47787,5.0,sequence_47807,42.0,1195.5554108466238
119,sequence_47787,5.0,sequence_47753,74.0,1356.2606318625635
