,id_seq1,target_seq1,id_seq2,target_seq2,distance
4,sequence_40826,539,sequence_40807,528,0.0008683730698272
3,sequence_40826,539,sequence_40806,525,3.449224521534511e-05
11,sequence_40826,539,sequence_40857,522,9.822204148635104e-05
7,sequence_40826,539,sequence_40813,528,5.346000537254092e-05
56,sequence_40826,539,sequence_40810,549,0.0012175027962494
