,id_seq1,target_seq1,id_seq2,target_seq2,distance
238,sequence_51016,-4.626935645431157,sequence_51153,-7.196744445638808,6823.6566
17,sequence_51016,-4.626935645431157,sequence_51168,-7.697662542801202,6186.7425
100,sequence_51016,-4.626935645431157,sequence_51167,-6.709785800218548,6924.4616
232,sequence_51016,-4.626935645431157,sequence_51201,-6.724658769791372,7039.626499999999
485,sequence_51170,-5.599110392902725,sequence_51153,-7.196744445638808,3520.7068000000004
264,sequence_51170,-5.599110392902725,sequence_51168,-7.697662542801202,2286.2
347,sequence_51170,-5.599110392902725,sequence_51167,-6.709785800218548,1607.3121
479,sequence_51170,-5.599110392902725,sequence_51201,-6.724658769791372,3721.7859
