,id_seq1,target_seq1,id_seq2,target_seq2,distance
201,sequence_51016,-4.626935645431157,sequence_51038,-5.012320997946479,4070.9376
184,sequence_51016,-4.626935645431157,sequence_50992,-7.440072608002367,4196.759099999999
71,sequence_51016,-4.626935645431157,sequence_50978,-8.571060179872774,4885.5196000000005
67,sequence_51016,-4.626935645431157,sequence_51018,-7.920386157149045,2434.5715
204,sequence_51016,-4.626935645431157,sequence_51030,-4.598021987750988,2682.4884
152,sequence_51016,-4.626935645431157,sequence_51050,-4.353862895527104,2122.5137000000004
195,sequence_51016,-4.626935645431157,sequence_50975,-8.356998357359751,5607.2844000000005
