,id_seq1,target_seq1,id_seq2,target_seq2,distance
35,sequence_47787,5.0,sequence_47689,52.0,135.85335488982227
99,sequence_47787,5.0,sequence_47690,63.0,135.9259769085733
