,id_seq1,target_seq1,id_seq2,target_seq2,distance
49,sequence_40826,539,sequence_40797,558,0.0014099499044815
52,sequence_40826,539,sequence_40804,561,0.0023549931660755
50,sequence_40826,539,sequence_40800,558,0.0031515500465675
53,sequence_40826,539,sequence_40805,564,0.0021258432512666
