,id_seq1,target_seq1,id_seq2,target_seq2,distance
27,sequence_40826,539,sequence_40847,486,0.0168727956791548
34,sequence_40826,539,sequence_40861,464,0.0192567147980153
25,sequence_40826,539,sequence_40815,498,0.0145523298746113
38,sequence_40826,539,sequence_40848,461,0.017770131115923
39,sequence_40826,539,sequence_40849,464,0.0169499460971584
29,sequence_40826,539,sequence_40852,474,0.016832482713477
36,sequence_40826,539,sequence_40854,465,0.0168971980822161
