,id_seq1,target_seq1,id_seq2,target_seq2,distance
60,sequence_40826,539,sequence_40837,543,0.000783123537198
46,sequence_40826,539,sequence_40819,532,0.0009246433026012
