,id_seq1,target_seq1,id_seq2,target_seq2,distance
20,sequence_40826,539,sequence_40827,525,0.0024343008076046
68,sequence_40826,539,sequence_40830,558,0.0044608064909947
21,sequence_40826,539,sequence_40828,519,0.0046134537929658
