,id_seq1,target_seq1,id_seq2,target_seq2,distance
23,sequence_40826,539,sequence_40831,525,0.0018763383958373
22,sequence_40826,539,sequence_40829,528,0.0025541161788719
