,id_seq1,target_seq1,id_seq2,target_seq2,distance
47,sequence_47787,5.0,sequence_47666,69.0,0.0069532739564029
105,sequence_47787,5.0,sequence_47670,97.0,0.0074479651185946
53,sequence_47787,5.0,sequence_47758,22.0,0.0065031523690647
106,sequence_47787,5.0,sequence_47665,50.0,0.0070969772703995
48,sequence_47787,5.0,sequence_47671,36.0,0.0079274904558915
62,sequence_47787,5.0,sequence_47748,79.0,0.0067996738180276
108,sequence_47787,5.0,sequence_47667,86.0,0.0078211875603734
