,id_seq1,target_seq1,id_seq2,target_seq2,distance
57,sequence_47787,5.0,sequence_47741,102.0,0.0061880525246214
60,sequence_47787,5.0,sequence_47745,83.0,0.006811868672457
70,sequence_47787,5.0,sequence_47738,55.0,0.0061880525246214
120,sequence_47787,5.0,sequence_47740,158.0,0.0072949516578326
69,sequence_47787,5.0,sequence_47713,51.0,0.0067836625716116
63,sequence_47787,5.0,sequence_47749,81.0,0.0055381587081193
117,sequence_47787,5.0,sequence_47746,94.0,0.007006282733569
