,id_seq1,target_seq1,id_seq2,target_seq2,distance
6,sequence_47787,5.0,sequence_47784,21.0,0.0038225136973297
55,sequence_47787,5.0,sequence_47798,23.0,0.0055563109689808
