,id_seq1,target_seq1,id_seq2,target_seq2,distance
73,sequence_47787,5.0,sequence_47672,76.0,0.0062522875668865
74,sequence_47787,5.0,sequence_47705,71.0,0.0057540801353491
13,sequence_47787,5.0,sequence_47679,44.0,0.0053845321339838
76,sequence_47787,5.0,sequence_47691,40.0,0.0059738088778752
80,sequence_47787,5.0,sequence_47698,56.0,0.0059738088778753
