,id_seq1,target_seq1,id_seq2,target_seq2,distance
0,sequence_47787,5.0,sequence_47684,23.0,0.0023526573173366
12,sequence_47787,5.0,sequence_47685,24.0,0.0025472748662522
15,sequence_47787,5.0,sequence_47710,43.0,0.0036937208033923
