,id_seq1,target_seq1,id_seq2,target_seq2,distance
33,sequence_47787,5.0,sequence_47673,65.5,0.0067243524813138
77,sequence_47787,5.0,sequence_47701,63.0,0.007218418569229
72,sequence_47787,5.0,sequence_47702,69.0,0.0069210529441355
34,sequence_47787,5.0,sequence_47700,65.0,0.006726693782607
