,id_seq1,target_seq1,id_seq2,target_seq2,distance
131,sequence_47787,5.0,sequence_47676,56.0,0.0083831107127014
128,sequence_47787,5.0,sequence_47723,69.0,0.0094090781598683
85,sequence_47787,5.0,sequence_47677,103.0,0.0088824809184763
82,sequence_47787,5.0,sequence_47704,98.0,0.0088855742111129
84,sequence_47787,5.0,sequence_47709,119.0,0.0088909023773796
88,sequence_47787,5.0,sequence_47707,79.0,0.0086881238013615
87,sequence_47787,5.0,sequence_47703,95.0,0.0083860286559027
132,sequence_47787,5.0,sequence_47711,57.0,0.0087273651373018
