,id_seq1,target_seq1,id_seq2,target_seq2,distance
48,sequence_47787,5.0,sequence_47671,36.0,0.0079274904558915
105,sequence_47787,5.0,sequence_47670,97.0,0.0074479651185946
53,sequence_47787,5.0,sequence_47758,22.0,0.0065031523690647
