,id_seq1,target_seq1,id_seq2,target_seq2,distance
18,sequence_47787,5.0,sequence_47780,23.0,0.0046892201501324
43,sequence_47787,5.0,sequence_47804,23.0,0.005083872575784
17,sequence_47787,5.0,sequence_47778,26.0,0.0046892201501324
