,id_seq1,target_seq1,id_seq2,target_seq2,distance
69,sequence_47787,5.0,sequence_47713,51.0,0.0067836625716116
117,sequence_47787,5.0,sequence_47746,94.0,0.007006282733569
60,sequence_47787,5.0,sequence_47745,83.0,0.006811868672457
119,sequence_47787,5.0,sequence_47753,74.0,0.0067046357274791
120,sequence_47787,5.0,sequence_47740,158.0,0.0072949516578326
