,id_seq1,target_seq1,id_seq2,target_seq2,distance
101,sequence_47787,5.0,sequence_47714,51.0,0.0074980778712776
133,sequence_47787,5.0,sequence_47739,35.0,0.0078475532098583
124,sequence_47787,5.0,sequence_47717,66.0,0.0082537046415038
