,id_seq1,target_seq1,id_seq2,target_seq2,distance
118,sequence_47787,5.0,sequence_47754,70.0,0.0056806325233362
61,sequence_47787,5.0,sequence_47747,72.0,0.0057871055587338
