,id_seq1,target_seq1,id_seq2,target_seq2,distance
57,sequence_47787,5.0,sequence_47741,102.0,0.0061880525246214
70,sequence_47787,5.0,sequence_47738,55.0,0.0061880525246214
63,sequence_47787,5.0,sequence_47749,81.0,0.0055381587081193
116,sequence_47787,5.0,sequence_47755,100.0,0.006104829910593
