,id_seq1,target_seq1,id_seq2,target_seq2,distance
93,sequence_47787,5.0,sequence_47761,120.0,0.0063154567163079
92,sequence_47787,5.0,sequence_47812,121.0,0.0065099393320414
28,sequence_47787,5.0,sequence_47768,17.0,0.004368863454397
67,sequence_47787,5.0,sequence_47774,21.0,0.0062266753591784
42,sequence_47787,5.0,sequence_47807,42.0,0.0057337928480768
71,sequence_47787,5.0,sequence_47769,25.0,0.0060297118499721
