,id_seq1,target_seq1,id_seq2,target_seq2,distance
100,sequence_47787,5.0,sequence_47712,49.0,0.007783657836203
96,sequence_47787,5.0,sequence_47699,62.0,0.0074389439970698
39,sequence_47787,5.0,sequence_47682,53.0,0.0070436900977829
102,sequence_47787,5.0,sequence_47725,57.0,0.0082687572257541
36,sequence_47787,5.0,sequence_47683,75.0,0.0075423918358916
40,sequence_47787,5.0,sequence_47724,48.0,0.0078735083490291
98,sequence_47787,5.0,sequence_47693,64.0,0.0077407656934146
