,id_seq1,target_seq1,id_seq2,target_seq2,distance
31,sequence_47787,5.0,sequence_47696,47.0,0.002744056804839
14,sequence_47787,5.0,sequence_47695,52.0,0.0025494394511147
