,id_seq1,target_seq1,id_seq2,target_seq2,distance
144,sequence_47787,5.0,sequence_47788,5.0,0.0001952356278066
148,sequence_47787,5.0,sequence_47810,5.57,0.0008906606130388
136,sequence_47787,5.0,sequence_47801,4.0,0.0001964804675503
2,sequence_47787,5.0,sequence_47790,9.0,0.0013387751644348
138,sequence_47787,5.0,sequence_47802,4.0,0.0003917160803308
149,sequence_47787,5.0,sequence_47766,4.19,0.0006895421741214
