,id_seq1,target_seq1,id_seq2,target_seq2,distance
58,sequence_47787,5.0,sequence_47743,63.0,0.0066866639438671
116,sequence_47787,5.0,sequence_47755,100.0,0.006104829910593
