,id_seq1,target_seq1,id_seq2,target_seq2,distance
140,sequence_47787,5.0,sequence_47728,12.0,0.0013372321523134
25,sequence_47787,5.0,sequence_47750,25.0,0.0031529235693788
