,id_seq1,target_seq1,id_seq2,target_seq2,distance
56,sequence_47787,5.0,sequence_47751,34.0,0.0033474543078496
25,sequence_47787,5.0,sequence_47750,25.0,0.0031529235693788
