,id_seq1,target_seq1,id_seq2,target_seq2,distance
147,sequence_47787,5.0,sequence_47737,27.0,0.0053223285432195
141,sequence_47787,5.0,sequence_47808,4.0,0.0028640098711058
150,sequence_47787,5.0,sequence_47736,19.0,0.0041976965517195
