,id_seq1,target_seq1,id_seq2,target_seq2,distance
143,sequence_47787,5.0,sequence_47791,4.0,384.644
8,sequence_47787,5.0,sequence_47782,17.0,643.4806000000001
3,sequence_47787,5.0,sequence_47781,12.0,467.6362
6,sequence_47787,5.0,sequence_47784,21.0,635.008
22,sequence_47787,5.0,sequence_47757,36.0,1032.1044000000002
7,sequence_47787,5.0,sequence_47786,18.0,643.4806000000001
135,sequence_47787,5.0,sequence_47793,16.0,557.0275
