,id_seq1,target_seq1,id_seq2,target_seq2,distance
99,sequence_47787,5.0,sequence_47690,63.0,0.0167167928129884
109,sequence_47787,5.0,sequence_47726,120.0,0.0205967175722019
