,id_seq1,target_seq1,id_seq2,target_seq2,distance
48,sequence_47787,5.0,sequence_47671,36.0,0.0153553350955176
117,sequence_47787,5.0,sequence_47746,94.0,0.0101592263083633
60,sequence_47787,5.0,sequence_47745,83.0,0.0088288209133725
119,sequence_47787,5.0,sequence_47753,74.0,0.0181156355909182
47,sequence_47787,5.0,sequence_47666,69.0,0.0156382294602868
62,sequence_47787,5.0,sequence_47748,79.0,0.0078593830597306
