,id_seq1,target_seq1,id_seq2,target_seq2,distance
145,sequence_47787,5.0,sequence_47729,34.0,0.0034682400381655
14,sequence_47787,5.0,sequence_47695,52.0,0.0026986360013269
25,sequence_47787,5.0,sequence_47750,25.0,0.0045782301121592
15,sequence_47787,5.0,sequence_47710,43.0,0.0034175075151664
142,sequence_47787,5.0,sequence_47792,12.0,0.0013177189949994
