,id_seq1,target_seq1,id_seq2,target_seq2,distance
47,sequence_47787,5.0,sequence_47666,69.0,0.0156382294602868
81,sequence_47787,5.0,sequence_47688,90.0,0.0114939949883917
117,sequence_47787,5.0,sequence_47746,94.0,0.0101592263083633
22,sequence_47787,5.0,sequence_47757,36.0,0.0106970999842727
