,id_seq1,target_seq1,id_seq2,target_seq2,distance
58,sequence_47787,5.0,sequence_47743,63.0,0.0167759516305631
63,sequence_47787,5.0,sequence_47749,81.0,0.0128091648548767
61,sequence_47787,5.0,sequence_47747,72.0,0.011833882746959
29,sequence_47787,5.0,sequence_47771,18.0,0.0086096130029241
