,id_seq1,target_seq1,id_seq2,target_seq2,distance
126,sequence_47787,5.0,sequence_47716,84.0,0.0257660031826668
134,sequence_47787,5.0,sequence_47735,55.0,0.0409373787625564
