,id_seq1,target_seq1,id_seq2,target_seq2,distance
115,sequence_47787,5.0,sequence_47732,30.0,0.0220546779234933
54,sequence_47787,5.0,sequence_47797,27.0,0.019883978463056
112,sequence_47787,5.0,sequence_47662,28.0,0.0212945825963787
111,sequence_47787,5.0,sequence_47811,24.0,0.0164267083872287
50,sequence_47787,5.0,sequence_47756,37.0,0.0184305468974828
51,sequence_47787,5.0,sequence_47775,23.0,0.0165378009613095
49,sequence_47787,5.0,sequence_47727,45.0,0.0182819292913017
23,sequence_47787,5.0,sequence_47783,24.5,0.0163019461776487
110,sequence_47787,5.0,sequence_47734,110.0,0.0253675178503541
