,id_seq1,target_seq1,id_seq2,target_seq2,distance
60,sequence_47787,5.0,sequence_47745,83.0,0.0088288209133725
113,sequence_47787,5.0,sequence_47731,32.0,0.014581235114803
35,sequence_47787,5.0,sequence_47689,52.0,0.0109901914896166
53,sequence_47787,5.0,sequence_47758,22.0,0.0144568194693492
48,sequence_47787,5.0,sequence_47671,36.0,0.0153553350955176
52,sequence_47787,5.0,sequence_47730,35.0,0.0143872671144996
62,sequence_47787,5.0,sequence_47748,79.0,0.0078593830597306
119,sequence_47787,5.0,sequence_47753,74.0,0.0181156355909182
