,id_seq1,target_seq1,id_seq2,target_seq2,distance
228,sequence_53082,55.0,sequence_19351,60.9,94.62736487971851
113,sequence_53082,55.0,sequence_19403,50.9,85.12558811533063
258,sequence_53082,55.0,sequence_19380,48.1,74.04164964532832
256,sequence_53082,55.0,sequence_19379,50.3,39.69787249390835
226,sequence_53082,55.0,sequence_19349,58.9,70.67484985223294
216,sequence_53082,55.0,sequence_19350,60.1,94.5046649094164
44,sequence_53082,55.0,sequence_19404,51.3,90.7602487153219
243,sequence_53082,55.0,sequence_19381,50.0,95.64583175886526
