,id_seq1,target_seq1,id_seq2,target_seq2,distance
31,sequence_40826,539,sequence_40846,483,166.6382735234316
26,sequence_40826,539,sequence_40851,477,166.43909261005962
