,id_seq1,target_seq1,id_seq2,target_seq2,distance
242,sequence_51016,-4.626935645431157,sequence_50986,-6.800648200608334,0.2740921649663458
88,sequence_51016,-4.626935645431157,sequence_50980,-5.395644495280823,0.4461977847175213
93,sequence_51016,-4.626935645431157,sequence_51053,-7.141996997362572,0.6208094981738105
489,sequence_51170,-5.599110392902725,sequence_50986,-6.800648200608334,0.7667972722045254
335,sequence_51170,-5.599110392902725,sequence_50980,-5.395644495280823,0.7787139088373713
340,sequence_51170,-5.599110392902725,sequence_51053,-7.141996997362572,0.7817783639256691
