,id_seq1,target_seq1,id_seq2,target_seq2,distance
148,sequence_47787,5.0,sequence_47810,5.57,0.0029003722856124
147,sequence_47787,5.0,sequence_47737,27.0,0.0048241772745588
26,sequence_47787,5.0,sequence_47760,26.0,0.004402039997303
141,sequence_47787,5.0,sequence_47808,4.0,0.003790097869772
146,sequence_47787,5.0,sequence_47809,10.0,0.0041479657807098
150,sequence_47787,5.0,sequence_47736,19.0,0.0044940999527826
