,id_seq1,target_seq1,id_seq2,target_seq2,distance
60,sequence_47787,5.0,sequence_47745,83.0,0.0021182218260624
47,sequence_47787,5.0,sequence_47666,69.0,0.0037409721243096
48,sequence_47787,5.0,sequence_47671,36.0,0.0036738960675857
62,sequence_47787,5.0,sequence_47748,79.0,0.0018820609113835
117,sequence_47787,5.0,sequence_47746,94.0,0.0024473391924716
119,sequence_47787,5.0,sequence_47753,74.0,0.0043579939962375
