,id_seq1,target_seq1,id_seq2,target_seq2,distance
25,sequence_47787,5.0,sequence_47750,25.0,0.0010978007431905
15,sequence_47787,5.0,sequence_47710,43.0,0.0008193541901528
142,sequence_47787,5.0,sequence_47792,12.0,0.0003161538848743
14,sequence_47787,5.0,sequence_47695,52.0,0.0006471122533399
