,id_seq1,target_seq1,id_seq2,target_seq2,distance
27,sequence_47787,5.0,sequence_47773,19.0,0.0020236904128362
65,sequence_47787,5.0,sequence_47721,40.0,0.0037641660213536
16,sequence_47787,5.0,sequence_47686,22.0,0.0018326484550332
20,sequence_47787,5.0,sequence_47803,12.0,0.0015248970962472
2,sequence_47787,5.0,sequence_47790,9.0,0.0010105745021389
66,sequence_47787,5.0,sequence_47759,36.0,0.0031295076083119
1,sequence_47787,5.0,sequence_47789,10.0,0.0013678368937861
