,id_seq1,target_seq1,id_seq2,target_seq2,distance
52,sequence_47787,5.0,sequence_47730,35.0,0.0034426629834642
24,sequence_47787,5.0,sequence_47796,20.0,0.0029773841258382
35,sequence_47787,5.0,sequence_47689,52.0,0.0026297997296336
60,sequence_47787,5.0,sequence_47745,83.0,0.0021182218260624
119,sequence_47787,5.0,sequence_47753,74.0,0.0043579939962375
113,sequence_47787,5.0,sequence_47731,32.0,0.0034877639037406
62,sequence_47787,5.0,sequence_47748,79.0,0.0018820609113835
53,sequence_47787,5.0,sequence_47758,22.0,0.003459601081472
