,id_seq1,target_seq1,id_seq2,target_seq2,distance
81,sequence_47787,5.0,sequence_47688,90.0,0.0027544148660351
113,sequence_47787,5.0,sequence_47731,32.0,0.0034877639037406
35,sequence_47787,5.0,sequence_47689,52.0,0.0026297997296336
53,sequence_47787,5.0,sequence_47758,22.0,0.003459601081472
52,sequence_47787,5.0,sequence_47730,35.0,0.0034426629834642
22,sequence_47787,5.0,sequence_47757,36.0,0.0025595852087606
