,id_seq1,target_seq1,id_seq2,target_seq2,distance
75,sequence_47787,5.0,sequence_47694,51.0,0.0150753768844221
103,sequence_47787,5.0,sequence_47669,32.0,0.0175879396984924
80,sequence_47787,5.0,sequence_47698,56.0,0.0150753768844221
31,sequence_47787,5.0,sequence_47696,47.0,0.0100502512562814
