,id_seq1,target_seq1,id_seq2,target_seq2,distance
137,sequence_47787,5.0,sequence_47805,22.0,0.007537688442211
113,sequence_47787,5.0,sequence_47731,32.0,0.0125628140703517
52,sequence_47787,5.0,sequence_47730,35.0,0.0100502512562814
