,id_seq1,target_seq1,id_seq2,target_seq2,distance
146,sequence_47787,5.0,sequence_47809,10.0,0.0050251256281407
26,sequence_47787,5.0,sequence_47760,26.0,0.007537688442211
147,sequence_47787,5.0,sequence_47737,27.0,0.007537688442211
11,sequence_47787,5.0,sequence_47776,9.0,0.0025125628140703
141,sequence_47787,5.0,sequence_47808,4.0,0.0025125628140703
142,sequence_47787,5.0,sequence_47792,12.0,0.0025125628140703
