,id_seq1,target_seq1,id_seq2,target_seq2,distance
72,sequence_47787,5.0,sequence_47702,69.0,0.0175879396984924
73,sequence_47787,5.0,sequence_47672,76.0,0.0150753768844221
74,sequence_47787,5.0,sequence_47705,71.0,0.0150753768844221
