,id_seq1,target_seq1,id_seq2,target_seq2,distance
143,sequence_47787,5.0,sequence_47791,4.0,0.0025125628140703
62,sequence_47787,5.0,sequence_47748,79.0,0.0125628140703517
135,sequence_47787,5.0,sequence_47793,16.0,0.0050251256281407
22,sequence_47787,5.0,sequence_47757,36.0,0.0100502512562814
