,id_seq1,target_seq1,id_seq2,target_seq2,distance
96,sequence_47787,5.0,sequence_47699,62.0,0.0175879396984924
102,sequence_47787,5.0,sequence_47725,57.0,0.0175879396984924
