,id_seq1,target_seq1,id_seq2,target_seq2,distance
2,sequence_47787,5.0,sequence_47790,9.0,0.0050251256281407
27,sequence_47787,5.0,sequence_47773,19.0,0.007537688442211
1,sequence_47787,5.0,sequence_47789,10.0,0.0050251256281407
