,id_seq1,target_seq1,id_seq2,target_seq2,distance
49,sequence_47787,5.0,sequence_47727,45.0,0.0125628140703517
23,sequence_47787,5.0,sequence_47783,24.5,0.0100502512562814
111,sequence_47787,5.0,sequence_47811,24.0,0.0125628140703517
51,sequence_47787,5.0,sequence_47775,23.0,0.0125628140703517
