,id_seq1,target_seq1,id_seq2,target_seq2,distance
128,sequence_47787,5.0,sequence_47723,69.0,0.0175879396984924
132,sequence_47787,5.0,sequence_47711,57.0,0.0175879396984924
129,sequence_47787,5.0,sequence_47722,75.0,0.0175879396984924
134,sequence_47787,5.0,sequence_47735,55.0,0.0175879396984924
