,id_seq1,target_seq1,id_seq2,target_seq2,distance
29,sequence_47787,5.0,sequence_47771,18.0,0.007537688442211
28,sequence_47787,5.0,sequence_47768,17.0,0.007537688442211
3,sequence_47787,5.0,sequence_47781,12.0,0.0050251256281407
79,sequence_47787,5.0,sequence_47675,57.0,0.0175879396984924
78,sequence_47787,5.0,sequence_47706,77.0,0.0175879396984924
77,sequence_47787,5.0,sequence_47701,63.0,0.0175879396984924
72,sequence_47787,5.0,sequence_47702,69.0,0.0175879396984924
76,sequence_47787,5.0,sequence_47691,40.0,0.0150753768844221
34,sequence_47787,5.0,sequence_47700,65.0,0.0150753768844221
