,id_seq1,target_seq1,id_seq2,target_seq2,distance
45,sequence_47787,5.0,sequence_47799,24.0,0.0125628140703517
39,sequence_47787,5.0,sequence_47682,53.0,0.0150753768844221
67,sequence_47787,5.0,sequence_47774,21.0,0.0125628140703517
36,sequence_47787,5.0,sequence_47683,75.0,0.0150753768844221
71,sequence_47787,5.0,sequence_47769,25.0,0.0125628140703517
68,sequence_47787,5.0,sequence_47770,25.0,0.0125628140703517
