,id_seq1,target_seq1,id_seq2,target_seq2,distance
12,sequence_47787,5.0,sequence_47685,24.0,0.007537688442211
145,sequence_47787,5.0,sequence_47729,34.0,0.0050251256281407
9,sequence_47787,5.0,sequence_47772,12.0,0.0025125628140703
31,sequence_47787,5.0,sequence_47696,47.0,0.0100502512562814
140,sequence_47787,5.0,sequence_47728,12.0,0.0025125628140703
14,sequence_47787,5.0,sequence_47695,52.0,0.007537688442211
