,id_seq1,target_seq1,id_seq2,target_seq2,distance
146,sequence_47787,5.0,sequence_47809,10.0,0.0050251256281407
148,sequence_47787,5.0,sequence_47810,5.57,0.0025125628140703
141,sequence_47787,5.0,sequence_47808,4.0,0.0025125628140703
