,id_seq1,target_seq1,id_seq2,target_seq2,distance
49,sequence_47787,5.0,sequence_47727,45.0,0.0125628140703517
115,sequence_47787,5.0,sequence_47732,30.0,0.0125628140703517
23,sequence_47787,5.0,sequence_47783,24.5,0.0100502512562814
112,sequence_47787,5.0,sequence_47662,28.0,0.0150753768844221
111,sequence_47787,5.0,sequence_47811,24.0,0.0125628140703517
54,sequence_47787,5.0,sequence_47797,27.0,0.0100502512562814
109,sequence_47787,5.0,sequence_47726,120.0,0.0150753768844221
50,sequence_47787,5.0,sequence_47756,37.0,0.0150753768844221
