,id_seq1,target_seq1,id_seq2,target_seq2,distance
65,sequence_47787,5.0,sequence_47721,40.0,0.0125628140703517
20,sequence_47787,5.0,sequence_47803,12.0,0.007537688442211
37,sequence_47787,5.0,sequence_47697,55.5,0.0125628140703517
2,sequence_47787,5.0,sequence_47790,9.0,0.0050251256281407
66,sequence_47787,5.0,sequence_47759,36.0,0.0125628140703517
1,sequence_47787,5.0,sequence_47789,10.0,0.0050251256281407
