,id_seq1,target_seq1,id_seq2,target_seq2,distance
70,sequence_47787,5.0,sequence_47738,55.0,0.0125628140703517
28,sequence_47787,5.0,sequence_47768,17.0,0.007537688442211
13,sequence_47787,5.0,sequence_47679,44.0,0.0100502512562814
30,sequence_47787,5.0,sequence_47681,44.0,0.0125628140703517
33,sequence_47787,5.0,sequence_47673,65.5,0.0125628140703517
