,id_seq1,target_seq1,id_seq2,target_seq2,distance
17,sequence_40826,539,sequence_40816,531,604.6084000000001
19,sequence_40826,539,sequence_40818,522,631.3041000000001
61,sequence_40826,539,sequence_40820,543,27.0373
13,sequence_40826,539,sequence_40841,528,21.9731
1,sequence_40826,539,sequence_40789,510,13.659400000000003
