,id_seq1,target_seq1,id_seq2,target_seq2,distance
35,sequence_40826,539,sequence_40812,464,629.0239137618062
29,sequence_40826,539,sequence_40852,474,616.1850866908255
23,sequence_40826,539,sequence_40831,525,604.6084000000001
32,sequence_40826,539,sequence_40791,454,616.7779800312833
33,sequence_40826,539,sequence_40793,456,631.9112650529504
39,sequence_40826,539,sequence_40849,464,623.3571959289715
