,id_seq1,target_seq1,id_seq2,target_seq2,distance
75,sequence_47787,5.0,sequence_47694,51.0,0.0008566240679163
12,sequence_47787,5.0,sequence_47685,24.0,0.0007053479253882
16,sequence_47787,5.0,sequence_47686,22.0,0.0008240392533676
37,sequence_47787,5.0,sequence_47697,55.5,0.0010920522124215
