,id_seq1,target_seq1,id_seq2,target_seq2,distance
105,sequence_47787,5.0,sequence_47670,97.0,0.0015402640322311
50,sequence_47787,5.0,sequence_47756,37.0,0.0016066120256771
