,id_seq1,target_seq1,id_seq2,target_seq2,distance
4,sequence_47787,5.0,sequence_47777,11.0,0.0008743032404572
5,sequence_47787,5.0,sequence_47779,11.0,0.001064929189998
28,sequence_47787,5.0,sequence_47768,17.0,0.0010026566114882
