,id_seq1,target_seq1,id_seq2,target_seq2,distance
43,sequence_47787,5.0,sequence_47804,23.0,0.0005793381726961
19,sequence_47787,5.0,sequence_47785,25.0,0.0005597440498256
67,sequence_47787,5.0,sequence_47774,21.0,0.0006206285643854
