,id_seq1,target_seq1,id_seq2,target_seq2,distance
93,sequence_47787,5.0,sequence_47761,120.0,0.0014974938013434
89,sequence_47787,5.0,sequence_47762,127.0,0.0011708262341
92,sequence_47787,5.0,sequence_47812,121.0,0.0011881946999053
90,sequence_47787,5.0,sequence_47765,118.0,0.0014447148091161
