,id_seq1,target_seq1,id_seq2,target_seq2,distance
132,sequence_47787,5.0,sequence_47711,57.0,0.0013180063756687
131,sequence_47787,5.0,sequence_47676,56.0,0.0015120858875629
40,sequence_47787,5.0,sequence_47724,48.0,0.0011310326388535
