,id_seq1,target_seq1,id_seq2,target_seq2,distance
55,sequence_47787,5.0,sequence_47798,23.0,0.0004364170213246
24,sequence_47787,5.0,sequence_47796,20.0,0.0003371453848531
113,sequence_47787,5.0,sequence_47731,32.0,0.00071816785263
54,sequence_47787,5.0,sequence_47797,27.0,0.00041275036142
