,id_seq1,target_seq1,id_seq2,target_seq2,distance
129,sequence_47787,5.0,sequence_47722,75.0,0.0014407408885245
125,sequence_47787,5.0,sequence_47720,80.0,0.0012519749739701
