,id_seq1,target_seq1,id_seq2,target_seq2,distance
33,sequence_47787,5.0,sequence_47673,65.5,0.0020045217535785
73,sequence_47787,5.0,sequence_47672,76.0,0.002365819759446
13,sequence_47787,5.0,sequence_47679,44.0,0.0017715960876281
