,id_seq1,target_seq1,id_seq2,target_seq2,distance
68,sequence_47787,5.0,sequence_47770,25.0,0.0008612970541591
43,sequence_47787,5.0,sequence_47804,23.0,0.0005793381726961
67,sequence_47787,5.0,sequence_47774,21.0,0.0006206285643854
44,sequence_47787,5.0,sequence_47800,20.0,0.0007219282424331
