,id_seq1,target_seq1,id_seq2,target_seq2,distance
109,sequence_47787,5.0,sequence_47726,120.0,0.0012988134025885
51,sequence_47787,5.0,sequence_47775,23.0,0.0008014006668194
49,sequence_47787,5.0,sequence_47727,45.0,0.0010723682544526
23,sequence_47787,5.0,sequence_47783,24.5,0.0007179667335387
110,sequence_47787,5.0,sequence_47734,110.0,0.0011821496157967
