,id_seq1,target_seq1,id_seq2,target_seq2,distance
29,sequence_47787,5.0,sequence_47771,18.0,0.0005012077023941
6,sequence_47787,5.0,sequence_47784,21.0,0.0003517082283494
7,sequence_47787,5.0,sequence_47786,18.0,0.0003388091712996
17,sequence_47787,5.0,sequence_47778,26.0,0.0004059983773344
71,sequence_47787,5.0,sequence_47769,25.0,0.0005594859552902
