,id_seq1,target_seq1,id_seq2,target_seq2,distance
125,sequence_47787,5.0,sequence_47720,80.0,0.0012519749739701
123,sequence_47787,5.0,sequence_47718,81.0,0.0016915623338568
124,sequence_47787,5.0,sequence_47717,66.0,0.0017575887282466
