,id_seq1,target_seq1,id_seq2,target_seq2,distance
147,sequence_47787,5.0,sequence_47737,27.0,0.0009639786590249
139,sequence_47787,5.0,sequence_47794,18.0,0.0013996479710791
