,id_seq1,target_seq1,id_seq2,target_seq2,distance
85,sequence_47787,5.0,sequence_47677,103.0,0.0015860999606464
99,sequence_47787,5.0,sequence_47690,63.0,0.0014411596421554
36,sequence_47787,5.0,sequence_47683,75.0,0.0012769584503076
98,sequence_47787,5.0,sequence_47693,64.0,0.0015551027064369
