,id_seq1,target_seq1,id_seq2,target_seq2,distance
150,sequence_47787,5.0,sequence_47736,19.0,0.0003297230352158
25,sequence_47787,5.0,sequence_47750,25.0,0.0006554311572548
