,id_seq1,target_seq1,id_seq2,target_seq2,distance
30,sequence_47787,5.0,sequence_47681,44.0,0.0012220643204987
32,sequence_47787,5.0,sequence_47680,73.0,0.0013848292855545
39,sequence_47787,5.0,sequence_47682,53.0,0.0012546658944684
133,sequence_47787,5.0,sequence_47739,35.0,0.0013811530540537
134,sequence_47787,5.0,sequence_47735,55.0,0.0011675440369067
