,id_seq1,target_seq1,id_seq2,target_seq2,distance
144,sequence_47787,5.0,sequence_47788,5.0,0.0002437597446338
2,sequence_47787,5.0,sequence_47790,9.0,0.0003036840057554
27,sequence_47787,5.0,sequence_47773,19.0,0.0004025844137328
20,sequence_47787,5.0,sequence_47803,12.0,0.0004412357296362
1,sequence_47787,5.0,sequence_47789,10.0,0.0003034487273864
138,sequence_47787,5.0,sequence_47802,4.0,0.0003399756787546
