,id_seq1,target_seq1,id_seq2,target_seq2,distance
83,sequence_47787,5.0,sequence_47708,111.0,0.0016559466247172
82,sequence_47787,5.0,sequence_47704,98.0,0.0019798218947599
84,sequence_47787,5.0,sequence_47709,119.0,0.0016487249918254
