,id_seq1,target_seq1,id_seq2,target_seq2,distance
101,sequence_47787,5.0,sequence_47714,51.0,0.0011411014349406
128,sequence_47787,5.0,sequence_47723,69.0,0.0013961266115276
102,sequence_47787,5.0,sequence_47725,57.0,0.0012959002553226
100,sequence_47787,5.0,sequence_47712,49.0,0.0011938898478602
