,id_seq1,target_seq1,id_seq2,target_seq2,distance
108,sequence_47787,5.0,sequence_47667,86.0,0.0054007542172634
8,sequence_47787,5.0,sequence_47782,17.0,0.002295543250039
48,sequence_47787,5.0,sequence_47671,36.0,0.0068215076155876
107,sequence_47787,5.0,sequence_47661,52.0,0.0056388301948966
106,sequence_47787,5.0,sequence_47665,50.0,0.005641536238801
105,sequence_47787,5.0,sequence_47670,97.0,0.0059907044967284
47,sequence_47787,5.0,sequence_47666,69.0,0.0053988817292974
