,id_seq1,target_seq1,id_seq2,target_seq2,distance
143,sequence_47787,5.0,sequence_47791,4.0,0.0003391569161647
12,sequence_47787,5.0,sequence_47685,24.0,0.0008509329103986
2,sequence_47787,5.0,sequence_47790,9.0,0.0012141640334639
