,id_seq1,target_seq1,id_seq2,target_seq2,distance
47,sequence_47787,5.0,sequence_47666,69.0,0.0053988817292974
107,sequence_47787,5.0,sequence_47661,52.0,0.0056388301948966
21,sequence_47787,5.0,sequence_47663,36.0,0.0049955085417214
105,sequence_47787,5.0,sequence_47670,97.0,0.0059907044967284
106,sequence_47787,5.0,sequence_47665,50.0,0.005641536238801
48,sequence_47787,5.0,sequence_47671,36.0,0.0068215076155876
125,sequence_47787,5.0,sequence_47720,80.0,0.0046547938139045
62,sequence_47787,5.0,sequence_47748,79.0,0.0047081193737361
108,sequence_47787,5.0,sequence_47667,86.0,0.0054007542172634
