,id_seq1,target_seq1,id_seq2,target_seq2,distance
127,sequence_47787,5.0,sequence_47719,66.0,0.0032739596133395
97,sequence_47787,5.0,sequence_47687,92.0,0.0032181224217234
118,sequence_47787,5.0,sequence_47754,70.0,0.002322072510841
