,id_seq1,target_seq1,id_seq2,target_seq2,distance
63,sequence_47787,5.0,sequence_47749,81.0,4828.540777782783
61,sequence_47787,5.0,sequence_47747,72.0,4640.329054981582
29,sequence_47787,5.0,sequence_47771,18.0,3967.265415692361
