,id_seq1,target_seq1,id_seq2,target_seq2,distance
145,sequence_47787,5.0,sequence_47729,34.0,2509.622243690957
25,sequence_47787,5.0,sequence_47750,25.0,2884.1461221558925
142,sequence_47787,5.0,sequence_47792,12.0,1549.5110031916906
14,sequence_47787,5.0,sequence_47695,52.0,2214.1087713070283
