,id_seq1,target_seq1,id_seq2,target_seq2,distance
148,sequence_47787,5.0,sequence_47810,5.57,4689.875772566854
147,sequence_47787,5.0,sequence_47737,27.0,6047.373297702794
26,sequence_47787,5.0,sequence_47760,26.0,5781.7227132834605
141,sequence_47787,5.0,sequence_47808,4.0,5365.163458002753
146,sequence_47787,5.0,sequence_47809,10.0,5607.108647841314
150,sequence_47787,5.0,sequence_47736,19.0,5842.629810075918
