,id_seq1,target_seq1,id_seq2,target_seq2,distance
45,sequence_47787,5.0,sequence_47799,24.0,5803.878360165934
121,sequence_47787,5.0,sequence_47742,108.0,6473.618656056567
19,sequence_47787,5.0,sequence_47785,25.0,5658.2450455980825
36,sequence_47787,5.0,sequence_47683,75.0,5867.511327104017
120,sequence_47787,5.0,sequence_47740,158.0,6257.432299488622
17,sequence_47787,5.0,sequence_47778,26.0,5624.872062106023
98,sequence_47787,5.0,sequence_47693,64.0,6004.645155891085
