,id_seq1,target_seq1,id_seq2,target_seq2,distance
48,sequence_47787,5.0,sequence_47671,36.0,5272.785894173938
117,sequence_47787,5.0,sequence_47746,94.0,4303.58503695628
60,sequence_47787,5.0,sequence_47745,83.0,4004.586512907188
119,sequence_47787,5.0,sequence_47753,74.0,5742.969533571924
47,sequence_47787,5.0,sequence_47666,69.0,5320.726183823576
62,sequence_47787,5.0,sequence_47748,79.0,3775.1822123962097
