,id_seq1,target_seq1,id_seq2,target_seq2,distance
145,sequence_47787,5.0,sequence_47729,34.0,0.0196860100364513
8,sequence_47787,5.0,sequence_47782,17.0,0.0187028881615649
146,sequence_47787,5.0,sequence_47809,10.0,0.020864438282702
137,sequence_47787,5.0,sequence_47805,22.0,0.0222880747468476
147,sequence_47787,5.0,sequence_47737,27.0,0.0240713133840157
