,id_seq1,target_seq1,id_seq2,target_seq2,distance
60,sequence_47787,5.0,sequence_47745,83.0,0.0255569918637366
62,sequence_47787,5.0,sequence_47748,79.0,0.0259708372906583
