,id_seq1,target_seq1,id_seq2,target_seq2,distance
27,sequence_47787,5.0,sequence_47773,19.0,0.0145367930724688
20,sequence_47787,5.0,sequence_47803,12.0,0.0150388721412543
138,sequence_47787,5.0,sequence_47802,4.0,0.0133105034481064
2,sequence_47787,5.0,sequence_47790,9.0,0.0124773885097753
144,sequence_47787,5.0,sequence_47788,5.0,0.0105912821393069
1,sequence_47787,5.0,sequence_47789,10.0,0.0121979494777558
