,id_seq1,target_seq1,id_seq2,target_seq2,distance
107,sequence_47787,5.0,sequence_47661,52.0,0.0270830673179358
105,sequence_47787,5.0,sequence_47670,97.0,0.0286888054643893
22,sequence_47787,5.0,sequence_47757,36.0,0.0244328694469456
46,sequence_47787,5.0,sequence_47664,32.0,0.0239567807112222
50,sequence_47787,5.0,sequence_47756,37.0,0.0283853309147526
53,sequence_47787,5.0,sequence_47758,22.0,0.0238546034034641
