,id_seq1,target_seq1,id_seq2,target_seq2,distance
71,sequence_47787,5.0,sequence_47769,25.0,0.0174581853504538
7,sequence_47787,5.0,sequence_47786,18.0,0.0140903832660105
17,sequence_47787,5.0,sequence_47778,26.0,0.0146213515321622
29,sequence_47787,5.0,sequence_47771,18.0,0.0161481927779325
6,sequence_47787,5.0,sequence_47784,21.0,0.013174406393473
