,id_seq1,target_seq1,id_seq2,target_seq2,distance
26,sequence_47787,5.0,sequence_47760,26.0,0.0175520312642006
150,sequence_47787,5.0,sequence_47736,19.0,0.0141063248374714
149,sequence_47787,5.0,sequence_47766,4.19,0.0145053025340131
25,sequence_47787,5.0,sequence_47750,25.0,0.0199540571480557
148,sequence_47787,5.0,sequence_47810,5.57,0.0118357103321732
141,sequence_47787,5.0,sequence_47808,4.0,0.0114339538965087
