,id_seq1,target_seq1,id_seq2,target_seq2,distance
4,sequence_47787,5.0,sequence_47777,11.0,0.0206078362910448
5,sequence_47787,5.0,sequence_47779,11.0,0.0223824105597504
28,sequence_47787,5.0,sequence_47768,17.0,0.0224329566329099
