,id_seq1,target_seq1,id_seq2,target_seq2,distance
100,sequence_47787,5.0,sequence_47712,49.0,0.0001638907678073
43,sequence_47787,5.0,sequence_47804,23.0,0.0001187423499386
28,sequence_47787,5.0,sequence_47768,17.0,9.779622709438218e-05
101,sequence_47787,5.0,sequence_47714,51.0,0.0001802155049132
150,sequence_47787,5.0,sequence_47736,19.0,9.205412125323777e-05
47,sequence_47787,5.0,sequence_47666,69.0,0.0001461846522141
