,id_seq1,target_seq1,id_seq2,target_seq2,distance
122,sequence_47787,5.0,sequence_47715,101.0,9.364890104857082e-05
70,sequence_47787,5.0,sequence_47738,55.0,0.000114860624431
121,sequence_47787,5.0,sequence_47742,108.0,9.270628890589716e-05
139,sequence_47787,5.0,sequence_47794,18.0,2.8821768133346914e-05
25,sequence_47787,5.0,sequence_47750,25.0,7.064729808936576e-05
7,sequence_47787,5.0,sequence_47786,18.0,2.008521195673296e-05
63,sequence_47787,5.0,sequence_47749,81.0,0.0001303481476252
58,sequence_47787,5.0,sequence_47743,63.0,0.000114209730596
5,sequence_47787,5.0,sequence_47779,11.0,1.706507269250146e-05
