,id_seq1,target_seq1,id_seq2,target_seq2,distance
57,sequence_47787,5.0,sequence_47741,102.0,0.0001030784907205
40,sequence_47787,5.0,sequence_47724,48.0,0.0001023054029085
120,sequence_47787,5.0,sequence_47740,158.0,0.0001051526233519
46,sequence_47787,5.0,sequence_47664,32.0,9.735954705891724e-05
