,id_seq1,target_seq1,id_seq2,target_seq2,distance
117,sequence_47787,5.0,sequence_47746,94.0,0.0079930341090677
60,sequence_47787,5.0,sequence_47745,83.0,0.0078578263054535
