,id_seq1,target_seq1,id_seq2,target_seq2,distance
18,sequence_47787,5.0,sequence_47780,23.0,0.002973046196305
44,sequence_47787,5.0,sequence_47800,20.0,0.0031333083206691
