,id_seq1,target_seq1,id_seq2,target_seq2,distance
59,sequence_47787,5.0,sequence_47752,67.0,0.0037238704820708
52,sequence_47787,5.0,sequence_47730,35.0,0.0044913637270176
