,id_seq1,target_seq1,id_seq2,target_seq2,distance
16,sequence_47787,5.0,sequence_47686,22.0,0.0030202969612388
37,sequence_47787,5.0,sequence_47697,55.5,0.0030411936521399
38,sequence_47787,5.0,sequence_47678,37.0,0.003908935458361
15,sequence_47787,5.0,sequence_47710,43.0,0.002931126969186
