,id_seq1,target_seq1,id_seq2,target_seq2,distance
29,sequence_47787,5.0,sequence_47771,18.0,0.0012632925513898
140,sequence_47787,5.0,sequence_47728,12.0,0.0008869334788922
25,sequence_47787,5.0,sequence_47750,25.0,0.0021700605946632
56,sequence_47787,5.0,sequence_47751,34.0,0.0023046686174299
