,id_seq1,target_seq1,id_seq2,target_seq2,distance
136,sequence_47787,5.0,sequence_47801,4.0,2.083929090799042e-05
138,sequence_47787,5.0,sequence_47802,4.0,0.0001549545508754
144,sequence_47787,5.0,sequence_47788,5.0,0.0001341096700335
149,sequence_47787,5.0,sequence_47766,4.19,0.0002753912005438
148,sequence_47787,5.0,sequence_47810,5.57,0.0003969607657422
