,id_seq1,target_seq1,id_seq2,target_seq2,distance
72,sequence_47787,5.0,sequence_47702,69.0,0.011673182415904
34,sequence_47787,5.0,sequence_47700,65.0,0.0115381406622495
91,sequence_47787,5.0,sequence_47767,105.0,0.0123934528220686
95,sequence_47787,5.0,sequence_47763,122.0,0.0117562145640972
87,sequence_47787,5.0,sequence_47703,95.0,0.0125142451169609
