,id_seq1,target_seq1,id_seq2,target_seq2,distance
45,sequence_47787,5.0,sequence_47799,24.0,0.0029939943464032
43,sequence_47787,5.0,sequence_47804,23.0,0.0028592146877272
17,sequence_47787,5.0,sequence_47778,26.0,0.002973046196305
