,id_seq1,target_seq1,id_seq2,target_seq2,distance
139,sequence_47787,5.0,sequence_47794,18.0,0.0021590462474162
137,sequence_47787,5.0,sequence_47805,22.0,0.0020247190008813
7,sequence_47787,5.0,sequence_47786,18.0,0.0019584868966456
135,sequence_47787,5.0,sequence_47793,16.0,0.0020038467694047
142,sequence_47787,5.0,sequence_47792,12.0,0.0012121131084736
