,id_seq1,target_seq1,id_seq2,target_seq2,distance
81,sequence_47787,5.0,sequence_47688,90.0,0.0061597661089521
35,sequence_47787,5.0,sequence_47689,52.0,0.0050471918156228
