,id_seq1,target_seq1,id_seq2,target_seq2,distance
57,sequence_47787,5.0,sequence_47741,102.0,0.0041704027805375
133,sequence_47787,5.0,sequence_47739,35.0,0.0051525798104811
70,sequence_47787,5.0,sequence_47738,55.0,0.0041704027805375
71,sequence_47787,5.0,sequence_47769,25.0,0.0038638859388428
28,sequence_47787,5.0,sequence_47768,17.0,0.0028829160935799
69,sequence_47787,5.0,sequence_47713,51.0,0.0046676412253241
129,sequence_47787,5.0,sequence_47722,75.0,0.0048400828291782
123,sequence_47787,5.0,sequence_47718,81.0,0.0048400828291782
122,sequence_47787,5.0,sequence_47715,101.0,0.0049752701335264
