,id_seq1,target_seq1,id_seq2,target_seq2,distance
41,sequence_47787,5.0,sequence_47806,73.0,0.0104847098605631
94,sequence_47787,5.0,sequence_47764,118.0,0.011370397601357
89,sequence_47787,5.0,sequence_47762,127.0,0.0111486513527713
93,sequence_47787,5.0,sequence_47761,120.0,0.0110121320665402
92,sequence_47787,5.0,sequence_47812,121.0,0.010879984143607
