,id_seq1,target_seq1,id_seq2,target_seq2,distance
27,sequence_47787,5.0,sequence_47773,19.0,0.0018654510408571
9,sequence_47787,5.0,sequence_47772,12.0,0.0008869334788922
65,sequence_47787,5.0,sequence_47721,40.0,0.0029737764615443
66,sequence_47787,5.0,sequence_47759,36.0,0.0029529717913103
