,id_seq1,target_seq1,id_seq2,target_seq2,distance
4,sequence_47787,5.0,sequence_47777,11.0,0.0019929307025126
5,sequence_47787,5.0,sequence_47779,11.0,0.0019929307025126
19,sequence_47787,5.0,sequence_47785,25.0,0.0022428207368756
3,sequence_47787,5.0,sequence_47781,12.0,0.0021320678577468
