,id_seq1,target_seq1,id_seq2,target_seq2,distance
101,sequence_47787,5.0,sequence_47714,51.0,0.0046430259735303
121,sequence_47787,5.0,sequence_47742,108.0,0.0051525798104811
67,sequence_47787,5.0,sequence_47774,21.0,0.0037289053401061
119,sequence_47787,5.0,sequence_47753,74.0,0.004395845473596
120,sequence_47787,5.0,sequence_47740,158.0,0.0058396180839326
116,sequence_47787,5.0,sequence_47755,100.0,0.0038957145441252
