,id_seq1,target_seq1,id_seq2,target_seq2,distance
101,sequence_47787,5.0,sequence_47714,51.0,12.424075393300424
133,sequence_47787,5.0,sequence_47739,35.0,12.079604157202308
