,id_seq1,target_seq1,id_seq2,target_seq2,distance
13,sequence_47787,5.0,sequence_47679,44.0,12.180646593860848
30,sequence_47787,5.0,sequence_47681,44.0,12.121006836887542
73,sequence_47787,5.0,sequence_47672,76.0,12.57123133534574
32,sequence_47787,5.0,sequence_47680,73.0,12.10223374880588
80,sequence_47787,5.0,sequence_47698,56.0,12.547065175984816
74,sequence_47787,5.0,sequence_47705,71.0,12.1811937204012
