,id_seq1,target_seq1,id_seq2,target_seq2,distance
83,sequence_47787,5.0,sequence_47708,111.0,14.373340051016724
131,sequence_47787,5.0,sequence_47676,56.0,13.377064348938458
128,sequence_47787,5.0,sequence_47723,69.0,15.38937052061176
85,sequence_47787,5.0,sequence_47677,103.0,14.403411460165843
82,sequence_47787,5.0,sequence_47704,98.0,14.215056744365825
84,sequence_47787,5.0,sequence_47709,119.0,13.98555670613476
88,sequence_47787,5.0,sequence_47707,79.0,13.332798793798595
87,sequence_47787,5.0,sequence_47703,95.0,13.15437162612972
132,sequence_47787,5.0,sequence_47711,57.0,14.030774351891008
