,id_seq1,target_seq1,id_seq2,target_seq2,distance
24,sequence_47787,5.0,sequence_47796,20.0,13.85831873660569
6,sequence_47787,5.0,sequence_47784,21.0,13.015340844803816
55,sequence_47787,5.0,sequence_47798,23.0,14.027212432241985
