,id_seq1,target_seq1,id_seq2,target_seq2,distance
147,sequence_47787,5.0,sequence_47737,27.0,14.09711445223218
26,sequence_47787,5.0,sequence_47760,26.0,14.371930478123511
141,sequence_47787,5.0,sequence_47808,4.0,12.9823104850513
146,sequence_47787,5.0,sequence_47809,10.0,12.987183368180505
150,sequence_47787,5.0,sequence_47736,19.0,13.764682157734349
