,id_seq1,target_seq1,id_seq2,target_seq2,distance
127,sequence_47787,5.0,sequence_47719,66.0,13.26185580795818
126,sequence_47787,5.0,sequence_47716,84.0,13.148928405025318
97,sequence_47787,5.0,sequence_47687,92.0,12.627110669377558
