,id_seq1,target_seq1,id_seq2,target_seq2,distance
69,sequence_47787,5.0,sequence_47713,51.0,12.535776847168949
70,sequence_47787,5.0,sequence_47738,55.0,12.023260344079604
117,sequence_47787,5.0,sequence_47746,94.0,13.321050900164426
60,sequence_47787,5.0,sequence_47745,83.0,13.243119314310992
119,sequence_47787,5.0,sequence_47753,74.0,12.631355409496686
58,sequence_47787,5.0,sequence_47743,63.0,13.123167579305072
