,id_seq1,target_seq1,id_seq2,target_seq2,distance
138,sequence_47787,5.0,sequence_47802,4.0,1.495155367667101
142,sequence_47787,5.0,sequence_47792,12.0,6.345807974894794
