,id_seq1,target_seq1,id_seq2,target_seq2,distance
21,sequence_47787,5.0,sequence_47663,36.0,14.37887874951693
46,sequence_47787,5.0,sequence_47664,32.0,14.453314337088909
22,sequence_47787,5.0,sequence_47757,36.0,14.550642722539768
