,id_seq1,target_seq1,id_seq2,target_seq2,distance
54,sequence_47787,5.0,sequence_47797,27.0,16.46810826770461
111,sequence_47787,5.0,sequence_47811,24.0,16.134108562271642
51,sequence_47787,5.0,sequence_47775,23.0,16.43938392652627
23,sequence_47787,5.0,sequence_47783,24.5,15.960508445035778
