,id_seq1,target_seq1,id_seq2,target_seq2,distance
18,sequence_47787,5.0,sequence_47780,23.0,9.49503054026311
45,sequence_47787,5.0,sequence_47799,24.0,9.61605668454252
