,id_seq1,target_seq1,id_seq2,target_seq2,distance
140,sequence_47787,5.0,sequence_47728,12.0,7.628744601162616
14,sequence_47787,5.0,sequence_47695,52.0,7.817904883378071
15,sequence_47787,5.0,sequence_47710,43.0,8.836569529447583
