,id_seq1,target_seq1,id_seq2,target_seq2,distance
130,sequence_51016,-4.626935645431157,sequence_51135,-7.603076627631569,0.2498691038969262
22,sequence_51016,-4.626935645431157,sequence_51196,-7.3141295128133885,0.2325345309853237
213,sequence_51016,-4.626935645431157,sequence_51132,-4.340049860624873,0.2444759838145115
377,sequence_51170,-5.599110392902725,sequence_51135,-7.603076627631569,0.1664676913938296
269,sequence_51170,-5.599110392902725,sequence_51196,-7.3141295128133885,0.1968748954765397
460,sequence_51170,-5.599110392902725,sequence_51132,-4.340049860624873,0.2274092732782194
