,id_seq1,target_seq1,id_seq2,target_seq2,distance
95,sequence_51016,-4.626935645431157,sequence_32116,-7.723165366142718,1776.5338026229929
