,id_seq1,target_seq1,id_seq2,target_seq2,distance
20,sequence_51016,-4.626935645431157,sequence_51131,-7.774340977997347,1756.8990813624043
221,sequence_51016,-4.626935645431157,sequence_51126,-6.8444229718282426,1768.762185255426
128,sequence_51016,-4.626935645431157,sequence_51128,-7.354080449503878,1755.9450524912988
213,sequence_51016,-4.626935645431157,sequence_51132,-4.340049860624873,1767.0442688758142
