,id_seq1,target_seq1,id_seq2,target_seq2,distance
69,sequence_40826,539,sequence_40798,579,130.2545
15,sequence_40826,539,sequence_40844,519,97.06269999999996
20,sequence_40826,539,sequence_40827,525,56.17229999999995
68,sequence_40826,539,sequence_40830,558,90.62580000000004
78,sequence_40826,539,sequence_40788,510,143.39319999999998
70,sequence_40826,539,sequence_40865,580,124.5109
72,sequence_40826,539,sequence_40801,561,123.22029999999997
