,id_seq1,target_seq1,id_seq2,target_seq2,distance
58,sequence_40826,539,sequence_40859,543,271.2107
52,sequence_40826,539,sequence_40804,561,7.6064000000001215
48,sequence_40826,539,sequence_40825,532,8.499900000000025
7,sequence_40826,539,sequence_40813,528,2.3904
