,id_seq1,target_seq1,id_seq2,target_seq2,distance
75,sequence_47787,5.0,sequence_47694,51.0,236.0446594472961
118,sequence_47787,5.0,sequence_47754,70.0,135.3145723864211
