,id_seq1,target_seq1,id_seq2,target_seq2,distance
4,sequence_40826,539,sequence_40807,528,3.161066959113648
79,sequence_40826,539,sequence_40867,622,2.9266555314898275
77,sequence_40826,539,sequence_40799,597,2.788716477162925
9,sequence_40826,539,sequence_40845,495,1.866666496726185
74,sequence_40826,539,sequence_40796,567,2.875975891762653
