,id_seq1,target_seq1,id_seq2,target_seq2,distance
129,sequence_47787,5.0,sequence_47722,75.0,73.02192098129348
125,sequence_47787,5.0,sequence_47720,80.0,65.35852010302361
123,sequence_47787,5.0,sequence_47718,81.0,75.12753228618485
124,sequence_47787,5.0,sequence_47717,66.0,73.81709548922899
