,id_seq1,target_seq1,id_seq2,target_seq2,distance
148,sequence_47787,5.0,sequence_47810,5.57,46.61005396267693
26,sequence_47787,5.0,sequence_47760,26.0,55.86084477587861
141,sequence_47787,5.0,sequence_47808,4.0,45.81641615433584
149,sequence_47787,5.0,sequence_47766,4.19,47.59839256598132
