,id_seq1,target_seq1,id_seq2,target_seq2,distance
24,sequence_47787,5.0,sequence_47796,20.0,33.7625913632518
54,sequence_47787,5.0,sequence_47797,27.0,48.70748253877939
55,sequence_47787,5.0,sequence_47798,23.0,38.2054605417534
