,id_seq1,target_seq1,id_seq2,target_seq2,distance
87,sequence_47787,5.0,sequence_47703,95.0,73.5774506252591
88,sequence_47787,5.0,sequence_47707,79.0,75.22823613802989
