,id_seq1,target_seq1,id_seq2,target_seq2,distance
82,sequence_47787,5.0,sequence_47704,98.0,76.843252171604
84,sequence_47787,5.0,sequence_47709,119.0,81.78437440760199
36,sequence_47787,5.0,sequence_47683,75.0,75.78637575827219
83,sequence_47787,5.0,sequence_47708,111.0,79.22611931991997
