,id_seq1,target_seq1,id_seq2,target_seq2,distance
104,sequence_47787,5.0,sequence_47668,48.0,64.6656780223267
106,sequence_47787,5.0,sequence_47665,50.0,61.74672845372556
