,id_seq1,target_seq1,id_seq2,target_seq2,distance
140,sequence_47787,5.0,sequence_47728,12.0,32.46742770854045
52,sequence_47787,5.0,sequence_47730,35.0,49.41134940225358
