,id_seq1,target_seq1,id_seq2,target_seq2,distance
10,sequence_47787,5.0,sequence_47795,7.0,37.206587816571655
143,sequence_47787,5.0,sequence_47791,4.0,23.91848656284677
9,sequence_47787,5.0,sequence_47772,12.0,22.036491156349463
136,sequence_47787,5.0,sequence_47801,4.0,34.04213737819506
144,sequence_47787,5.0,sequence_47788,5.0,31.721835937172926
11,sequence_47787,5.0,sequence_47776,9.0,13.179256259291984
