,id_seq1,target_seq1,id_seq2,target_seq2,distance
91,sequence_47787,5.0,sequence_47767,105.0,65.46714406079478
95,sequence_47787,5.0,sequence_47763,122.0,73.12847677973338
