,id_seq1,target_seq1,id_seq2,target_seq2,distance
112,sequence_47787,5.0,sequence_47662,28.0,60.40427224232805
111,sequence_47787,5.0,sequence_47811,24.0,62.78621844145975
