,id_seq1,target_seq1,id_seq2,target_seq2,distance
18,sequence_47787,5.0,sequence_47780,23.0,50.528730803444944
45,sequence_47787,5.0,sequence_47799,24.0,60.968837735954594
41,sequence_47787,5.0,sequence_47806,73.0,60.00351422240851
42,sequence_47787,5.0,sequence_47807,42.0,60.86472635516141
17,sequence_47787,5.0,sequence_47778,26.0,54.61513467054624
71,sequence_47787,5.0,sequence_47769,25.0,57.44573176959747
