,id_seq1,target_seq1,id_seq2,target_seq2,distance
19,sequence_47787,5.0,sequence_47785,25.0,57.51722744533832
43,sequence_47787,5.0,sequence_47804,23.0,63.84653927400191
67,sequence_47787,5.0,sequence_47774,21.0,60.39091162599769
44,sequence_47787,5.0,sequence_47800,20.0,66.59163574242919
