,id_seq1,target_seq1,id_seq2,target_seq2,distance
81,sequence_47787,5.0,sequence_47688,90.0,74.24909124275612
99,sequence_47787,5.0,sequence_47690,63.0,79.89322793743622
97,sequence_47787,5.0,sequence_47687,92.0,83.04228055611489
