,id_seq1,target_seq1,id_seq2,target_seq2,distance
69,sequence_47787,5.0,sequence_47713,51.0,66.74316443872128
33,sequence_47787,5.0,sequence_47673,65.5,70.19231492612795
