,id_seq1,target_seq1,id_seq2,target_seq2,distance
130,sequence_47787,5.0,sequence_47674,38.0,69.37863424943305
33,sequence_47787,5.0,sequence_47673,65.5,70.19231492612795
