,id_seq1,target_seq1,id_seq2,target_seq2,distance
101,sequence_47787,5.0,sequence_47714,51.0,79.34069376462755
128,sequence_47787,5.0,sequence_47723,69.0,75.48562791450001
102,sequence_47787,5.0,sequence_47725,57.0,78.36173824263062
100,sequence_47787,5.0,sequence_47712,49.0,79.84451994797746
