,id_seq1,target_seq1,id_seq2,target_seq2,distance
93,sequence_47787,5.0,sequence_47761,120.0,75.7911217384304
89,sequence_47787,5.0,sequence_47762,127.0,76.844293395331
92,sequence_47787,5.0,sequence_47812,121.0,74.85469285993065
90,sequence_47787,5.0,sequence_47765,118.0,77.45395157261987
