,id_seq1,target_seq1,id_seq2,target_seq2,distance
117,sequence_47787,5.0,sequence_47746,94.0,72.00801977018484
118,sequence_47787,5.0,sequence_47754,70.0,73.45460580649609
119,sequence_47787,5.0,sequence_47753,74.0,73.37419744209669
56,sequence_47787,5.0,sequence_47751,34.0,67.0126757877945
116,sequence_47787,5.0,sequence_47755,100.0,80.88715076558307
