,id_seq1,target_seq1,id_seq2,target_seq2,distance
28,sequence_47787,5.0,sequence_47768,17.0,53.10471951095714
7,sequence_47787,5.0,sequence_47786,18.0,48.22443391838014
4,sequence_47787,5.0,sequence_47777,11.0,50.42580900742211
