,id_seq1,target_seq1,id_seq2,target_seq2,distance
65,sequence_47787,5.0,sequence_47721,40.0,62.35126573474717
66,sequence_47787,5.0,sequence_47759,36.0,66.8907410758676
