,id_seq1,target_seq1,id_seq2,target_seq2,distance
22,sequence_40826,539,sequence_40829,528,0.0008217526518136
54,sequence_40826,539,sequence_40864,549,0.0001593747606563
11,sequence_40826,539,sequence_40857,522,0.0001434758118979
23,sequence_40826,539,sequence_40831,525,0.0011288372597534
