,id_seq1,target_seq1,id_seq2,target_seq2,distance
48,sequence_40826,539,sequence_40825,532,0.0002861458892949
66,sequence_40826,539,sequence_40832,555,2.0711665091988077e-05
47,sequence_40826,539,sequence_40824,523,5.8338115020761805e-05
44,sequence_40826,539,sequence_40839,538,2.774872610267209e-05
2,sequence_40826,539,sequence_40794,519,7.144701262729036e-06
50,sequence_40826,539,sequence_40800,558,0.0007217630540179
