,id_seq1,target_seq1,id_seq2,target_seq2,distance
34,sequence_40826,539,sequence_40861,464,0.0124059119096285
36,sequence_40826,539,sequence_40854,465,0.0113291493216663
37,sequence_40826,539,sequence_40853,463,0.0122838329312424
40,sequence_40826,539,sequence_40850,462,0.0113621118232712
35,sequence_40826,539,sequence_40812,464,0.01449727810729
29,sequence_40826,539,sequence_40852,474,0.0113230037936371
38,sequence_40826,539,sequence_40848,461,0.0112332638991204
39,sequence_40826,539,sequence_40849,464,0.0114840136541168
27,sequence_40826,539,sequence_40847,486,0.0113350484875455
