,id_seq1,target_seq1,id_seq2,target_seq2,distance
23,sequence_40826,539,sequence_40831,525,0.0113251813467415
21,sequence_40826,539,sequence_40828,519,0.0058872114492396
22,sequence_40826,539,sequence_40829,528,0.0064251104930209
