,id_seq1,target_seq1,id_seq2,target_seq2,distance
34,sequence_40826,539,sequence_40861,464,0.0154370698292807
30,sequence_40826,539,sequence_40843,495,0.0153868464026346
40,sequence_40826,539,sequence_40850,462,0.0154420019080574
29,sequence_40826,539,sequence_40852,474,0.0154184868704989
