,id_seq1,target_seq1,id_seq2,target_seq2,distance
111,sequence_47787,5.0,sequence_47811,24.0,40.25415400335888
46,sequence_47787,5.0,sequence_47664,32.0,44.14351220207728
50,sequence_47787,5.0,sequence_47756,37.0,48.89970580423593
22,sequence_47787,5.0,sequence_47757,36.0,41.67007870325176
