,id_seq1,target_seq1,id_seq2,target_seq2,distance
6,sequence_47787,5.0,sequence_47784,21.0,19.62719748215413
148,sequence_47787,5.0,sequence_47810,5.57,17.59491349827393
11,sequence_47787,5.0,sequence_47776,9.0,13.17519715770948
141,sequence_47787,5.0,sequence_47808,4.0,16.669565426660068
