,id_seq1,target_seq1,id_seq2,target_seq2,distance
113,sequence_47787,5.0,sequence_47731,32.0,50.78449421423615
114,sequence_47787,5.0,sequence_47733,25.0,45.38650055643655
54,sequence_47787,5.0,sequence_47797,27.0,43.54684304894575
