,id_seq1,target_seq1,id_seq2,target_seq2,distance
37,sequence_47787,5.0,sequence_47697,55.5,58.60438475313968
66,sequence_47787,5.0,sequence_47759,36.0,62.53216949263155
99,sequence_47787,5.0,sequence_47690,63.0,66.8026031273331
97,sequence_47787,5.0,sequence_47687,92.0,68.62936668162425
