,id_seq1,target_seq1,id_seq2,target_seq2,distance
133,sequence_47787,5.0,sequence_47739,35.0,60.76936401865367
120,sequence_47787,5.0,sequence_47740,158.0,68.73601703226916
121,sequence_47787,5.0,sequence_47742,108.0,62.38149387729962
122,sequence_47787,5.0,sequence_47715,101.0,61.07325030453573
