,id_seq1,target_seq1,id_seq2,target_seq2,distance
21,sequence_47787,5.0,sequence_47663,36.0,42.79579060510775
112,sequence_47787,5.0,sequence_47662,28.0,49.49632536021859
