,id_seq1,target_seq1,id_seq2,target_seq2,distance
41,sequence_47787,5.0,sequence_47806,73.0,48.31388496678059
94,sequence_47787,5.0,sequence_47764,118.0,59.04763264563776
90,sequence_47787,5.0,sequence_47765,118.0,64.41108399284938
89,sequence_47787,5.0,sequence_47762,127.0,61.36662529229229
93,sequence_47787,5.0,sequence_47761,120.0,56.54702623664814
92,sequence_47787,5.0,sequence_47812,121.0,60.975322875769294
91,sequence_47787,5.0,sequence_47767,105.0,51.16673931001249
95,sequence_47787,5.0,sequence_47763,122.0,58.740320723947775
42,sequence_47787,5.0,sequence_47807,42.0,49.218917081538976
