,id_seq1,target_seq1,id_seq2,target_seq2,distance
127,sequence_47787,5.0,sequence_47719,66.0,60.17086841534152
126,sequence_47787,5.0,sequence_47716,84.0,64.32017086684027
125,sequence_47787,5.0,sequence_47720,80.0,56.47293122772044
124,sequence_47787,5.0,sequence_47717,66.0,66.66422274402845
