,id_seq1,target_seq1,id_seq2,target_seq2,distance
60,sequence_47787,5.0,sequence_47745,83.0,53.054579941628944
63,sequence_47787,5.0,sequence_47749,81.0,56.477387123089855
62,sequence_47787,5.0,sequence_47748,79.0,47.33386707858935
