,id_seq1,target_seq1,id_seq2,target_seq2,distance
5,sequence_47787,5.0,sequence_47779,11.0,31.4539028063812
7,sequence_47787,5.0,sequence_47786,18.0,31.31167738243419
8,sequence_47787,5.0,sequence_47782,17.0,30.651357079493117
3,sequence_47787,5.0,sequence_47781,12.0,34.318602070283454
