,id_seq1,target_seq1,id_seq2,target_seq2,distance
64,sequence_47787,5.0,sequence_47744,69.0,50.74966692897948
57,sequence_47787,5.0,sequence_47741,102.0,56.22378140439165
70,sequence_47787,5.0,sequence_47738,55.0,55.49066976024911
59,sequence_47787,5.0,sequence_47752,67.0,51.06594416443936
61,sequence_47787,5.0,sequence_47747,72.0,51.56117681850895
