,id_seq1,target_seq1,id_seq2,target_seq2,distance
36,sequence_47787,5.0,sequence_47683,75.0,58.03021110940613
12,sequence_47787,5.0,sequence_47685,24.0,41.87974439919634
16,sequence_47787,5.0,sequence_47686,22.0,44.846992165046494
