,id_seq1,target_seq1,id_seq2,target_seq2,distance
69,sequence_47787,5.0,sequence_47713,51.0,59.396761604030274
48,sequence_47787,5.0,sequence_47671,36.0,55.242997306875935
