,id_seq1,target_seq1,id_seq2,target_seq2,distance
86,sequence_47787,5.0,sequence_47692,87.5,65.14986418168262
100,sequence_47787,5.0,sequence_47712,49.0,63.74402990489844
96,sequence_47787,5.0,sequence_47699,62.0,61.79107168403245
101,sequence_47787,5.0,sequence_47714,51.0,66.6011348588257
102,sequence_47787,5.0,sequence_47725,57.0,59.41953314357487
98,sequence_47787,5.0,sequence_47693,64.0,61.68175224991926
