,id_seq1,target_seq1,id_seq2,target_seq2,distance
116,sequence_47787,5.0,sequence_47755,100.0,58.50330299052276
118,sequence_47787,5.0,sequence_47754,70.0,54.90856311708356
117,sequence_47787,5.0,sequence_47746,94.0,60.15317465152665
