,id_seq1,target_seq1,id_seq2,target_seq2,distance
58,sequence_47787,5.0,sequence_47743,63.0,0.0125628140703517
57,sequence_47787,5.0,sequence_47741,102.0,0.0125628140703517
60,sequence_47787,5.0,sequence_47745,83.0,0.0125628140703517
61,sequence_47787,5.0,sequence_47747,72.0,0.0125628140703517
64,sequence_47787,5.0,sequence_47744,69.0,0.0125628140703517
