,id_seq1,target_seq1,id_seq2,target_seq2,distance
112,sequence_47787,5.0,sequence_47662,28.0,0.0150753768844221
107,sequence_47787,5.0,sequence_47661,52.0,0.0150753768844221
