,id_seq1,target_seq1,id_seq2,target_seq2,distance
56,sequence_47787,5.0,sequence_47751,34.0,0.0100502512562814
116,sequence_47787,5.0,sequence_47755,100.0,0.0150753768844221
