,id_seq1,target_seq1,id_seq2,target_seq2,distance
1,sequence_47787,5.0,sequence_47789,10.0,0.0050251256281407
19,sequence_47787,5.0,sequence_47785,25.0,0.0100502512562814
