,id_seq1,target_seq1,id_seq2,target_seq2,distance
93,sequence_47787,5.0,sequence_47761,120.0,0.0175879396984924
94,sequence_47787,5.0,sequence_47764,118.0,0.0175879396984924
89,sequence_47787,5.0,sequence_47762,127.0,0.0175879396984924
90,sequence_47787,5.0,sequence_47765,118.0,0.0175879396984924
91,sequence_47787,5.0,sequence_47767,105.0,0.0175879396984924
