,id_seq1,target_seq1,id_seq2,target_seq2,distance
8,sequence_47787,5.0,sequence_47782,17.0,0.0050251256281407
6,sequence_47787,5.0,sequence_47784,21.0,0.0050251256281407
