,id_seq1,target_seq1,id_seq2,target_seq2,distance
128,sequence_47787,5.0,sequence_47723,69.0,0.0175879396984924
129,sequence_47787,5.0,sequence_47722,75.0,0.0175879396984924
38,sequence_47787,5.0,sequence_47678,37.0,0.0125628140703517
