,id_seq1,target_seq1,id_seq2,target_seq2,distance
46,sequence_47787,5.0,sequence_47664,32.0,0.0125628140703517
104,sequence_47787,5.0,sequence_47668,48.0,0.0175879396984924
106,sequence_47787,5.0,sequence_47665,50.0,0.0175879396984924
