,id_seq1,target_seq1,id_seq2,target_seq2,distance
143,sequence_47787,5.0,sequence_47791,4.0,0.0025125628140703
25,sequence_47787,5.0,sequence_47750,25.0,0.007537688442211
11,sequence_47787,5.0,sequence_47776,9.0,0.0025125628140703
141,sequence_47787,5.0,sequence_47808,4.0,0.0025125628140703
