,id_seq1,target_seq1,id_seq2,target_seq2,distance
228,sequence_53082,55.0,sequence_19351,60.9,0.2563746047926216
113,sequence_53082,55.0,sequence_19403,50.9,0.2563700201123045
258,sequence_53082,55.0,sequence_19380,48.1,0.2395640381750509
256,sequence_53082,55.0,sequence_19379,50.3,0.1180923773738926
226,sequence_53082,55.0,sequence_19349,58.9,0.1898044270068649
216,sequence_53082,55.0,sequence_19350,60.1,0.2581369325445063
44,sequence_53082,55.0,sequence_19404,51.3,0.2643174777917177
243,sequence_53082,55.0,sequence_19381,50.0,0.2879134329195906
