,id_seq1,target_seq1,id_seq2,target_seq2,distance
78,sequence_53082,55.0,sequence_20051,42.5,0.8885000000000005
37,sequence_53082,55.0,sequence_19506,49.3,0.9029999999999988
106,sequence_53082,55.0,sequence_19420,40.6,0.9613000000000014
120,sequence_53082,55.0,sequence_19508,49.5,0.8594000000000008
