,id_seq1,target_seq1,id_seq2,target_seq2,distance
72,sequence_53082,55.0,sequence_19439,49.5,0.442699999999995
214,sequence_53082,55.0,sequence_19464,62.2,0.6637999999999948
25,sequence_53082,55.0,sequence_19425,56.9,0.6646000000000001
259,sequence_53082,55.0,sequence_19401,47.4,0.6319999999999979
