,id_seq1,target_seq1,id_seq2,target_seq2,distance
31,sequence_53082,55.0,sequence_20052,42.9,0.7002999999999986
291,sequence_19402,43.0,sequence_20052,42.9,0.5501999999999967
