,id_seq1,target_seq1,id_seq2,target_seq2,distance
21,sequence_53082,55.0,sequence_19447,51.0,0.8634999999999948
56,sequence_53082,55.0,sequence_19354,60.0,0.774799999999999
257,sequence_53082,55.0,sequence_19348,46.7,0.6113
7,sequence_53082,55.0,sequence_19477,61.5,0.5715999999999966
221,sequence_53082,55.0,sequence_19461,61.2,0.8293000000000035
51,sequence_53082,55.0,sequence_19406,53.8,0.4756
141,sequence_53082,55.0,sequence_19512,54.4,0.7378
83,sequence_53082,55.0,sequence_19441,49.0,1.0170999999999992
