,id_seq1,target_seq1,id_seq2,target_seq2,distance
171,sequence_53082,55.0,sequence_19524,46.4,0.0003010967684897
19,sequence_53082,55.0,sequence_19417,47.9,0.0003063939069487
154,sequence_53082,55.0,sequence_19491,48.8,0.000342683639213
39,sequence_53082,55.0,sequence_19530,45.6,0.0003086780464244
62,sequence_53082,55.0,sequence_19505,42.4,0.0003416377839242
115,sequence_53082,55.0,sequence_19377,50.3,0.0003530409187529
60,sequence_53082,55.0,sequence_19371,49.0,0.0003415825234893
43,sequence_53082,55.0,sequence_19519,50.3,0.000270732551808
