,id_seq1,target_seq1,id_seq2,target_seq2,distance
195,sequence_53082,55.0,sequence_19424,50.9,4.089652759098258
99,sequence_53082,55.0,sequence_19515,50.4,3.98227852868179
455,sequence_19402,43.0,sequence_19424,50.9,4.736829444892437
359,sequence_19402,43.0,sequence_19515,50.4,3.882893351612944
