,id_seq1,target_seq1,id_seq2,target_seq2,distance
70,sequence_53082,55.0,sequence_19410,49.9,27.809578939898827
142,sequence_53082,55.0,sequence_19387,47.7,28.210155825571185
157,sequence_53082,55.0,sequence_19368,56.2,30.587214785068785
51,sequence_53082,55.0,sequence_19406,53.8,29.108079323480773
44,sequence_53082,55.0,sequence_19404,51.3,29.06666469521603
174,sequence_53082,55.0,sequence_19384,50.8,31.053605782905567
237,sequence_53082,55.0,sequence_19385,58.2,31.78257164492805
76,sequence_53082,55.0,sequence_19415,52.8,27.884400038737542
