,id_seq1,target_seq1,id_seq2,target_seq2,distance
106,sequence_53082,55.0,sequence_19420,40.6,28.79493752666939
366,sequence_19402,43.0,sequence_19420,40.6,29.83593458395245
626,sequence_20054,49.0,sequence_19420,40.6,25.78018820924946
