,id_seq1,target_seq1,id_seq2,target_seq2,distance
241,sequence_53082,55.0,sequence_53083,51.0,16.32793944452785
253,sequence_53082,55.0,sequence_53099,53.0,19.55833445466849
249,sequence_53082,55.0,sequence_53072,47.0,16.77544685888825
251,sequence_53082,55.0,sequence_53052,55.0,15.590681952172922
246,sequence_53082,55.0,sequence_53087,52.0,13.568469283102722
254,sequence_53082,55.0,sequence_53056,52.0,19.202981628662705
