,id_seq1,target_seq1,id_seq2,target_seq2,distance
144,sequence_53082,55.0,sequence_19448,46.3,24.39400185965332
43,sequence_53082,55.0,sequence_19519,50.3,28.29836442675203
