,id_seq1,target_seq1,id_seq2,target_seq2,distance
231,sequence_53082,55.0,sequence_19482,59.3,27.525252958734143
25,sequence_53082,55.0,sequence_19425,56.9,25.091418802766057
