,id_seq1,target_seq1,id_seq2,target_seq2,distance
96,sequence_53082,55.0,sequence_53065,44.8,28.249699134827203
180,sequence_53082,55.0,sequence_53067,40.9,26.54577759510868
33,sequence_53082,55.0,sequence_53064,48.4,29.32724640360477
147,sequence_53082,55.0,sequence_53063,44.0,26.964741382806963
