,id_seq1,target_seq1,id_seq2,target_seq2,distance
152,sequence_53082,55.0,sequence_19529,48.8,29.69996226747147
186,sequence_53082,55.0,sequence_19528,47.1,29.419077664047062
163,sequence_53082,55.0,sequence_19510,47.8,28.78455533281377
175,sequence_53082,55.0,sequence_19493,50.4,30.842399897279453
