,id_seq1,target_seq1,id_seq2,target_seq2,distance
182,sequence_53082,55.0,sequence_20053,54.7,28.49628097270061
34,sequence_53082,55.0,sequence_20072,48.7,28.616270074062463
75,sequence_53082,55.0,sequence_20041,48.5,31.08562731361115
130,sequence_53082,55.0,sequence_20059,52.3,28.64992702643654
442,sequence_19402,43.0,sequence_20053,54.7,31.04427133544219
294,sequence_19402,43.0,sequence_20072,48.7,28.440546028671328
335,sequence_19402,43.0,sequence_20041,48.5,32.74454877723933
390,sequence_19402,43.0,sequence_20059,52.3,30.38984019958328
