,id_seq1,target_seq1,id_seq2,target_seq2,distance
113,sequence_53082,55.0,sequence_19403,50.9,31.44388096050528
52,sequence_53082,55.0,sequence_19405,48.7,31.1925072244688
42,sequence_53082,55.0,sequence_19386,50.7,31.54468579461445
8,sequence_53082,55.0,sequence_19363,54.6,33.03715179121292
203,sequence_53082,55.0,sequence_19358,59.1,33.17475541118375
