,id_seq1,target_seq1,id_seq2,target_seq2,distance
35,sequence_53082,55.0,sequence_20038,49.1,30.90967748611931
295,sequence_19402,43.0,sequence_20038,49.1,24.928979076659537
