,id_seq1,target_seq1,id_seq2,target_seq2,distance
22,sequence_53082,55.0,sequence_53079,47.8,27.40763497728877
49,sequence_53082,55.0,sequence_19490,52.9,34.24519564294344
12,sequence_53082,55.0,sequence_19522,45.4,31.083623653573785
124,sequence_53082,55.0,sequence_53077,43.5,30.122794379727825
