,id_seq1,target_seq1,id_seq2,target_seq2,distance
189,sequence_53082,55.0,sequence_19452,44.2,29.464142329565632
30,sequence_53082,55.0,sequence_19430,45.7,31.74269238474255
71,sequence_53082,55.0,sequence_19390,46.3,27.785915619188053
193,sequence_53082,55.0,sequence_19487,55.9,31.084228641976416
187,sequence_53082,55.0,sequence_19455,44.5,30.794649969957835
63,sequence_53082,55.0,sequence_53070,45.7,23.50839363686693
50,sequence_53082,55.0,sequence_19376,53.0,29.152367303190992
81,sequence_53082,55.0,sequence_19374,50.7,29.208133482219672
