,id_seq1,target_seq1,id_seq2,target_seq2,distance
18,sequence_53082,55.0,sequence_53066,39.2,28.00079813272349
278,sequence_19402,43.0,sequence_53066,39.2,28.502824351647806
