,id_seq1,target_seq1,id_seq2,target_seq2,distance
89,sequence_53082,55.0,sequence_19422,46.6,30.207940452340424
39,sequence_53082,55.0,sequence_19530,45.6,29.90499603468016
115,sequence_53082,55.0,sequence_19377,50.3,31.7400796912895
80,sequence_53082,55.0,sequence_19394,45.4,31.42970761189549
