,id_seq1,target_seq1,id_seq2,target_seq2,distance
214,sequence_53082,55.0,sequence_19464,62.2,30.77733637753577
229,sequence_53082,55.0,sequence_19460,61.0,28.57708897425175
149,sequence_53082,55.0,sequence_19466,56.9,28.41005584395484
198,sequence_53082,55.0,sequence_19458,62.9,32.503605010291906
226,sequence_53082,55.0,sequence_19349,58.9,32.507411848953446
219,sequence_53082,55.0,sequence_19475,59.1,28.73293976139233
207,sequence_53082,55.0,sequence_19473,60.6,30.864696190133
192,sequence_53082,55.0,sequence_19499,53.3,29.52644201347533
