,id_seq1,target_seq1,id_seq2,target_seq2,distance
162,sequence_53082,55.0,sequence_19395,49.7,27.93995854138381
422,sequence_19402,43.0,sequence_19395,49.7,25.359686211776623
