,id_seq1,target_seq1,id_seq2,target_seq2,distance
223,sequence_53082,55.0,sequence_19472,59.9,33.34291476500906
99,sequence_53082,55.0,sequence_19515,50.4,33.00797168800273
483,sequence_19402,43.0,sequence_19472,59.9,26.94291241672311
359,sequence_19402,43.0,sequence_19515,50.4,25.142907712709125
743,sequence_20054,49.0,sequence_19472,59.9,27.565621139731658
619,sequence_20054,49.0,sequence_19515,50.4,27.158249656990915
