,id_seq1,target_seq1,id_seq2,target_seq2,distance
16,sequence_53082,55.0,sequence_53062,49.1,26.051038226038248
276,sequence_19402,43.0,sequence_53062,49.1,25.959294852523804
