,id_seq1,target_seq1,id_seq2,target_seq2,distance
170,sequence_53082,55.0,sequence_20066,49.9,29.2372939302409
1,sequence_53082,55.0,sequence_20054,49.0,30.36060962176819
87,sequence_53082,55.0,sequence_20065,46.5,29.50817008981741
127,sequence_53082,55.0,sequence_20055,46.3,27.81212812019374
430,sequence_19402,43.0,sequence_20066,49.9,29.005998504599816
261,sequence_19402,43.0,sequence_20054,49.0,34.71320683414319
347,sequence_19402,43.0,sequence_20065,46.5,32.65828278344079
387,sequence_19402,43.0,sequence_20055,46.3,31.813758446793795
