,id_seq1,target_seq1,id_seq2,target_seq2,distance
218,sequence_53082,55.0,sequence_19471,60.0,32.26922399049258
213,sequence_53082,55.0,sequence_19463,62.7,32.410471277564525
222,sequence_53082,55.0,sequence_19483,60.6,28.860690609102758
