,id_seq1,target_seq1,id_seq2,target_seq2,distance
21,sequence_53082,55.0,sequence_19447,51.0,31.074368203449342
56,sequence_53082,55.0,sequence_19354,60.0,31.50105671952666
238,sequence_53082,55.0,sequence_19411,58.0,30.61060548556794
119,sequence_53082,55.0,sequence_19412,55.3,30.657373854290064
225,sequence_53082,55.0,sequence_19362,61.0,32.55136641211059
26,sequence_53082,55.0,sequence_19450,46.0,31.533566367365427
