,id_seq1,target_seq1,id_seq2,target_seq2,distance
144,sequence_53082,55.0,sequence_19448,46.3,24.39400185965332
43,sequence_53082,55.0,sequence_19519,50.3,28.29836442675203
404,sequence_19402,43.0,sequence_19448,46.3,22.14257840946763
303,sequence_19402,43.0,sequence_19519,50.3,19.61695549828164
664,sequence_20054,49.0,sequence_19448,46.3,26.80989976910144
563,sequence_20054,49.0,sequence_19519,50.3,28.651612455976466
