,id_seq1,target_seq1,id_seq2,target_seq2,distance
4,sequence_51016,-4.626935645431157,sequence_51140,-6.732490772637745,17131.6791
111,sequence_51016,-4.626935645431157,sequence_51152,-6.5750272986407685,17035.241199999997
8,sequence_51016,-4.626935645431157,sequence_51175,-5.0920670419749925,17131.204599999997
213,sequence_51016,-4.626935645431157,sequence_51132,-4.340049860624873,17218.0954
23,sequence_51016,-4.626935645431157,sequence_51202,-6.673839708394163,17071.547400000003
