,id_seq1,target_seq1,id_seq2,target_seq2,distance
180,sequence_51016,-4.626935645431157,sequence_32178,-7.97958130655809,16540.8661
72,sequence_51016,-4.626935645431157,sequence_32162,-7.3445848975979535,16610.7392
97,sequence_51016,-4.626935645431157,sequence_32149,-7.516758509933092,17085.5618
142,sequence_51016,-4.626935645431157,sequence_32176,-7.495966273349671,16625.6791
197,sequence_51016,-4.626935645431157,sequence_32156,-7.327994265882848,16850.801
87,sequence_51016,-4.626935645431157,sequence_32163,-6.436780987668787,17342.2142
79,sequence_51016,-4.626935645431157,sequence_32182,-8.313000601877945,16450.507299999997
187,sequence_51016,-4.626935645431157,sequence_32177,-8.394682697575568,16524.0882
179,sequence_51016,-4.626935645431157,sequence_32175,-7.447858237543301,16366.5507
241,sequence_51016,-4.626935645431157,sequence_32153,-7.7527305527290675,16729.696799999998
75,sequence_51016,-4.626935645431157,sequence_32115,-8.287149988801819,17016.974799999996
146,sequence_51016,-4.626935645431157,sequence_32136,-9.513216858041744,16762.0838
203,sequence_51016,-4.626935645431157,sequence_32154,-6.956779787785928,16962.125399999997
133,sequence_51016,-4.626935645431157,sequence_32160,-7.729750228413137,16841.3625
236,sequence_51016,-4.626935645431157,sequence_32144,-5.565961069145386,16615.505
37,sequence_51016,-4.626935645431157,sequence_32126,-5.968435149556656,16688.9817
46,sequence_51016,-4.626935645431157,sequence_32125,-8.764202037648419,16784.4202
199,sequence_51016,-4.626935645431157,sequence_32157,-7.7422371130498195,16824.1961
137,sequence_51016,-4.626935645431157,sequence_32137,-6.099982560129262,16690.297899999998
145,sequence_51016,-4.626935645431157,sequence_32140,-8.622125342490829,16778.8706
77,sequence_51016,-4.626935645431157,sequence_32152,-7.840763601366848,16679.089799999998
174,sequence_51016,-4.626935645431157,sequence_32179,-7.381695972507586,16789.927
95,sequence_51016,-4.626935645431157,sequence_32116,-7.723165366142718,16876.3345
86,sequence_51016,-4.626935645431157,sequence_32181,-7.379938210822062,16473.6204
49,sequence_51016,-4.626935645431157,sequence_32132,-7.1048508816280265,16705.9068
50,sequence_51016,-4.626935645431157,sequence_32167,-8.28781536491833,16475.8277
