,id_seq1,target_seq1,id_seq2,target_seq2,distance
60,sequence_51016,-4.626935645431157,sequence_50984,-4.153545460917198,446.3474
66,sequence_51016,-4.626935645431157,sequence_51012,-5.769612631669962,357.7659
54,sequence_51016,-4.626935645431157,sequence_51032,-8.147653535627581,651.5038999999999
63,sequence_51016,-4.626935645431157,sequence_51033,-7.601809103963952,219.7026
220,sequence_51016,-4.626935645431157,sequence_51039,-4.871173881568278,3634.4436
307,sequence_51170,-5.599110392902725,sequence_50984,-4.153545460917198,17067.3158
313,sequence_51170,-5.599110392902725,sequence_51012,-5.769612631669962,17083.691899999998
301,sequence_51170,-5.599110392902725,sequence_51032,-8.147653535627581,17037.8727
310,sequence_51170,-5.599110392902725,sequence_51033,-7.601809103963952,17085.192
467,sequence_51170,-5.599110392902725,sequence_51039,-4.871173881568278,16974.5458
