,id_seq1,target_seq1,id_seq2,target_seq2,distance
76,sequence_40826,539,sequence_40866,620,1.6255000000000002
77,sequence_40826,539,sequence_40799,597,1.7221
73,sequence_40826,539,sequence_40802,560,1.6277000000000004
72,sequence_40826,539,sequence_40801,561,1.8279
