,id_seq1,target_seq1,id_seq2,target_seq2,distance
100,sequence_47787,5.0,sequence_47712,49.0,1091.8087214072802
96,sequence_47787,5.0,sequence_47699,62.0,1043.4662591822653
39,sequence_47787,5.0,sequence_47682,53.0,1014.0880740635796
102,sequence_47787,5.0,sequence_47725,57.0,1176.142887700674
36,sequence_47787,5.0,sequence_47683,75.0,1090.021753172913
40,sequence_47787,5.0,sequence_47724,48.0,1150.7838013782346
98,sequence_47787,5.0,sequence_47693,64.0,1091.9831066221443
