,id_seq1,target_seq1,id_seq2,target_seq2,distance
82,sequence_47787,5.0,sequence_47704,98.0,1160.4152074482522
128,sequence_47787,5.0,sequence_47723,69.0,1260.1802059559736
87,sequence_47787,5.0,sequence_47703,95.0,1091.830460829652
85,sequence_47787,5.0,sequence_47677,103.0,1182.7802397272535
132,sequence_47787,5.0,sequence_47711,57.0,1160.2270350026886
131,sequence_47787,5.0,sequence_47676,56.0,1115.4036948668138
84,sequence_47787,5.0,sequence_47709,119.0,1135.051978907561
83,sequence_47787,5.0,sequence_47708,111.0,1166.4019987871206
88,sequence_47787,5.0,sequence_47707,79.0,1099.0772042543645
