,id_seq1,target_seq1,id_seq2,target_seq2,distance
27,sequence_47787,5.0,sequence_47773,19.0,611.8272414189483
20,sequence_47787,5.0,sequence_47803,12.0,406.18479066486486
1,sequence_47787,5.0,sequence_47789,10.0,400.28903170766495
