,id_seq1,target_seq1,id_seq2,target_seq2,distance
93,sequence_47787,5.0,sequence_47761,120.0,922.6846010074788
94,sequence_47787,5.0,sequence_47764,118.0,974.33805806822
89,sequence_47787,5.0,sequence_47762,127.0,961.4626464114298
92,sequence_47787,5.0,sequence_47812,121.0,928.6387760227065
90,sequence_47787,5.0,sequence_47765,118.0,946.464036253544
41,sequence_47787,5.0,sequence_47806,73.0,922.271009268572
67,sequence_47787,5.0,sequence_47774,21.0,978.787740002724
42,sequence_47787,5.0,sequence_47807,42.0,882.2178854145499
71,sequence_47787,5.0,sequence_47769,25.0,949.5862028454974
