,id_seq1,target_seq1,id_seq2,target_seq2,distance
65,sequence_47787,5.0,sequence_47721,40.0,759.3855545104739
38,sequence_47787,5.0,sequence_47678,37.0,825.991442357843
