,id_seq1,target_seq1,id_seq2,target_seq2,distance
111,sequence_47787,5.0,sequence_47811,24.0,4.398839614578369
51,sequence_47787,5.0,sequence_47775,23.0,4.2480323676160205
49,sequence_47787,5.0,sequence_47727,45.0,4.230251269299465
