,id_seq1,target_seq1,id_seq2,target_seq2,distance
126,sequence_47787,5.0,sequence_47716,84.0,4.462617426021261
47,sequence_47787,5.0,sequence_47666,69.0,4.31503474396352
62,sequence_47787,5.0,sequence_47748,79.0,4.254548902452391
61,sequence_47787,5.0,sequence_47747,72.0,4.086611594311195
