,id_seq1,target_seq1,id_seq2,target_seq2,distance
116,sequence_47787,5.0,sequence_47755,100.0,5.3575682600914565
117,sequence_47787,5.0,sequence_47746,94.0,5.3575682600914565
33,sequence_47787,5.0,sequence_47673,65.5,4.331621731378
