,id_seq1,target_seq1,id_seq2,target_seq2,distance
89,sequence_47787,5.0,sequence_47762,127.0,6670.540767539824
90,sequence_47787,5.0,sequence_47765,118.0,6716.19703654397
