,id_seq1,target_seq1,id_seq2,target_seq2,distance
145,sequence_47787,5.0,sequence_47729,34.0,1450.0719785200663
147,sequence_47787,5.0,sequence_47737,27.0,1477.2332548926356
26,sequence_47787,5.0,sequence_47760,26.0,1848.5524986717012
141,sequence_47787,5.0,sequence_47808,4.0,238.54684503394725
140,sequence_47787,5.0,sequence_47728,12.0,1393.2867659959957
146,sequence_47787,5.0,sequence_47809,10.0,486.97867714348666
150,sequence_47787,5.0,sequence_47736,19.0,1424.0231561483297
142,sequence_47787,5.0,sequence_47792,12.0,434.73662650917726
