,id_seq1,target_seq1,id_seq2,target_seq2,distance
65,sequence_47787,5.0,sequence_47721,40.0,7259.710030380015
38,sequence_47787,5.0,sequence_47678,37.0,7467.873045689034
16,sequence_47787,5.0,sequence_47686,22.0,7323.986246812392
