,id_seq1,target_seq1,id_seq2,target_seq2,distance
34,sequence_47787,5.0,sequence_47700,65.0,5478.6355665179935
13,sequence_47787,5.0,sequence_47679,44.0,5344.760465338148
79,sequence_47787,5.0,sequence_47675,57.0,5495.599537216113
32,sequence_47787,5.0,sequence_47680,73.0,5360.400704819766
33,sequence_47787,5.0,sequence_47673,65.5,5495.796001302576
77,sequence_47787,5.0,sequence_47701,63.0,5485.161790181091
