,id_seq1,target_seq1,id_seq2,target_seq2,distance
137,sequence_47787,5.0,sequence_47805,22.0,5186.926422451063
24,sequence_47787,5.0,sequence_47796,20.0,5168.956641960145
53,sequence_47787,5.0,sequence_47758,22.0,5255.503970781204
52,sequence_47787,5.0,sequence_47730,35.0,5250.452108446698
