,id_seq1,target_seq1,id_seq2,target_seq2,distance
107,sequence_47787,5.0,sequence_47661,52.0,6188.565033613569
112,sequence_47787,5.0,sequence_47662,28.0,6286.980037261578
46,sequence_47787,5.0,sequence_47664,32.0,6039.130485966427
