,id_seq1,target_seq1,id_seq2,target_seq2,distance
83,sequence_47787,5.0,sequence_47708,111.0,7836.606608588485
88,sequence_47787,5.0,sequence_47707,79.0,7877.657667161729
