,id_seq1,target_seq1,id_seq2,target_seq2,distance
49,sequence_47787,5.0,sequence_47727,45.0,17.17328217255759
23,sequence_47787,5.0,sequence_47783,24.5,17.813110677465925
110,sequence_47787,5.0,sequence_47734,110.0,20.33983747657051
111,sequence_47787,5.0,sequence_47811,24.0,19.484489193092244
51,sequence_47787,5.0,sequence_47775,23.0,18.153417345876772
109,sequence_47787,5.0,sequence_47726,120.0,19.040259233058407
50,sequence_47787,5.0,sequence_47756,37.0,18.71985089096838
