,id_seq1,target_seq1,id_seq2,target_seq2,distance
28,sequence_47787,5.0,sequence_47768,17.0,9.315245896637157
3,sequence_47787,5.0,sequence_47781,12.0,7.092160323432306
5,sequence_47787,5.0,sequence_47779,11.0,8.623479189622126
4,sequence_47787,5.0,sequence_47777,11.0,8.5756769046705
