,id_seq1,target_seq1,id_seq2,target_seq2,distance
108,sequence_47787,5.0,sequence_47667,86.0,22.938961112805902
126,sequence_47787,5.0,sequence_47716,84.0,24.392921240464943
123,sequence_47787,5.0,sequence_47718,81.0,24.39931467982488
