,id_seq1,target_seq1,id_seq2,target_seq2,distance
94,sequence_47787,5.0,sequence_47764,118.0,25.939132973097717
90,sequence_47787,5.0,sequence_47765,118.0,24.26052795912256
89,sequence_47787,5.0,sequence_47762,127.0,21.03631582419796
93,sequence_47787,5.0,sequence_47761,120.0,22.2560311717043
91,sequence_47787,5.0,sequence_47767,105.0,21.059716295747805
