,id_seq1,target_seq1,id_seq2,target_seq2,distance
75,sequence_47787,5.0,sequence_47694,51.0,23.236131337962973
31,sequence_47787,5.0,sequence_47696,47.0,22.67654732864768
103,sequence_47787,5.0,sequence_47669,32.0,25.114043866149416
76,sequence_47787,5.0,sequence_47691,40.0,24.382920536197357
80,sequence_47787,5.0,sequence_47698,56.0,22.91566695755589
