,id_seq1,target_seq1,id_seq2,target_seq2,distance
8,sequence_47787,5.0,sequence_47782,17.0,7.916292686726749
6,sequence_47787,5.0,sequence_47784,21.0,9.119626292888338
