,id_seq1,target_seq1,id_seq2,target_seq2,distance
82,sequence_47787,5.0,sequence_47704,98.0,22.12514365721813
87,sequence_47787,5.0,sequence_47703,95.0,21.34365782865005
