,id_seq1,target_seq1,id_seq2,target_seq2,distance
19,sequence_47787,5.0,sequence_47785,25.0,14.579938544009806
27,sequence_47787,5.0,sequence_47773,19.0,15.962425275782222
67,sequence_47787,5.0,sequence_47774,21.0,16.7961490200356
1,sequence_47787,5.0,sequence_47789,10.0,15.191681825688846
