,id_seq1,target_seq1,id_seq2,target_seq2,distance
137,sequence_47787,5.0,sequence_47805,22.0,17.763757931006968
10,sequence_47787,5.0,sequence_47795,7.0,18.282112982822504
