,id_seq1,target_seq1,id_seq2,target_seq2,distance
79,sequence_47787,5.0,sequence_47675,57.0,19.673539319777788
78,sequence_47787,5.0,sequence_47706,77.0,20.581105168857945
77,sequence_47787,5.0,sequence_47701,63.0,19.546237984218337
13,sequence_47787,5.0,sequence_47679,44.0,20.15065013365228
34,sequence_47787,5.0,sequence_47700,65.0,20.006591102895783
