,id_seq1,target_seq1,id_seq2,target_seq2,distance
4,sequence_47787,5.0,sequence_47777,11.0,8.5756769046705
5,sequence_47787,5.0,sequence_47779,11.0,8.623479189622126
3,sequence_47787,5.0,sequence_47781,12.0,7.092160323432306
