,id_seq1,target_seq1,id_seq2,target_seq2,distance
83,sequence_47787,5.0,sequence_47708,111.0,23.082639460769872
40,sequence_47787,5.0,sequence_47724,48.0,20.416879969324366
36,sequence_47787,5.0,sequence_47683,75.0,22.00657964207025
127,sequence_47787,5.0,sequence_47719,66.0,25.47045589609124
85,sequence_47787,5.0,sequence_47677,103.0,22.221024345347768
88,sequence_47787,5.0,sequence_47707,79.0,22.38510510790247
124,sequence_47787,5.0,sequence_47717,66.0,25.68620110105348
122,sequence_47787,5.0,sequence_47715,101.0,25.2231925512452
39,sequence_47787,5.0,sequence_47682,53.0,21.03223832967876
