,id_seq1,target_seq1,id_seq2,target_seq2,distance
34,sequence_47787,5.0,sequence_47700,65.0,20.006591102895783
13,sequence_47787,5.0,sequence_47679,44.0,20.15065013365228
79,sequence_47787,5.0,sequence_47675,57.0,19.673539319777788
33,sequence_47787,5.0,sequence_47673,65.5,20.32870551673789
