,id_seq1,target_seq1,id_seq2,target_seq2,distance
41,sequence_47787,5.0,sequence_47806,73.0,16.718800326592877
71,sequence_47787,5.0,sequence_47769,25.0,16.939837197725364
68,sequence_47787,5.0,sequence_47770,25.0,18.00912118287421
17,sequence_47787,5.0,sequence_47778,26.0,16.30697981906846
92,sequence_47787,5.0,sequence_47812,121.0,17.88894300697215
95,sequence_47787,5.0,sequence_47763,122.0,17.22860226898306
18,sequence_47787,5.0,sequence_47780,23.0,16.86146311884966
