,id_seq1,target_seq1,id_seq2,target_seq2,distance
136,sequence_47787,5.0,sequence_47801,4.0,16.339984437172465
138,sequence_47787,5.0,sequence_47802,4.0,17.82819946000648
