,id_seq1,target_seq1,id_seq2,target_seq2,distance
133,sequence_47787,5.0,sequence_47739,35.0,17.951824293561153
121,sequence_47787,5.0,sequence_47742,108.0,17.736785497994806
66,sequence_47787,5.0,sequence_47759,36.0,16.14264235347417
