,id_seq1,target_seq1,id_seq2,target_seq2,distance
57,sequence_47787,5.0,sequence_47741,102.0,13.708394455589934
60,sequence_47787,5.0,sequence_47745,83.0,17.967008688759858
70,sequence_47787,5.0,sequence_47738,55.0,14.209682060249255
61,sequence_47787,5.0,sequence_47747,72.0,16.06668247675823
64,sequence_47787,5.0,sequence_47744,69.0,16.236161553785337
