,id_seq1,target_seq1,id_seq2,target_seq2,distance
81,sequence_47787,5.0,sequence_47688,90.0,23.290021885696184
35,sequence_47787,5.0,sequence_47689,52.0,23.16017610321873
15,sequence_47787,5.0,sequence_47710,43.0,21.735987503649294
