,id_seq1,target_seq1,id_seq2,target_seq2,distance
149,sequence_47787,5.0,sequence_47766,4.19,17.26245050585204
0,sequence_47787,5.0,sequence_47684,23.0,17.2930321765827
