,id_seq1,target_seq1,id_seq2,target_seq2,distance
107,sequence_53082,55.0,sequence_20076,55.7,0.974609375
367,sequence_19402,43.0,sequence_20076,55.7,0.974609375
627,sequence_20054,49.0,sequence_20076,55.7,0.98046875
