,id_seq1,target_seq1,id_seq2,target_seq2,distance
62,sequence_53082,55.0,sequence_19505,42.4,0.978515625
176,sequence_53082,55.0,sequence_19484,52.0,0.984375
60,sequence_53082,55.0,sequence_19371,49.0,0.990234375
322,sequence_19402,43.0,sequence_19505,42.4,0.98828125
436,sequence_19402,43.0,sequence_19484,52.0,0.982421875
320,sequence_19402,43.0,sequence_19371,49.0,0.984375
582,sequence_20054,49.0,sequence_19505,42.4,0.982421875
696,sequence_20054,49.0,sequence_19484,52.0,0.974609375
580,sequence_20054,49.0,sequence_19371,49.0,0.978515625
