,id_seq1,target_seq1,id_seq2,target_seq2,distance
89,sequence_53082,55.0,sequence_19422,46.6,0.978515625
103,sequence_53082,55.0,sequence_19389,44.0,0.97265625
115,sequence_53082,55.0,sequence_19377,50.3,0.98046875
109,sequence_53082,55.0,sequence_19399,47.5,0.984375
349,sequence_19402,43.0,sequence_19422,46.6,0.97265625
363,sequence_19402,43.0,sequence_19389,44.0,0.978515625
375,sequence_19402,43.0,sequence_19377,50.3,0.966796875
369,sequence_19402,43.0,sequence_19399,47.5,0.958984375
