,id_seq1,target_seq1,id_seq2,target_seq2,distance
182,sequence_53082,55.0,sequence_20053,54.7,0.982421875
34,sequence_53082,55.0,sequence_20072,48.7,0.978515625
196,sequence_53082,55.0,sequence_20037,57.8,0.974609375
47,sequence_53082,55.0,sequence_20043,46.6,0.98046875
75,sequence_53082,55.0,sequence_20041,48.5,0.98046875
130,sequence_53082,55.0,sequence_20059,52.3,0.978515625
178,sequence_53082,55.0,sequence_20034,52.0,0.990234375
159,sequence_53082,55.0,sequence_20044,48.4,0.990234375
