,id_seq1,target_seq1,id_seq2,target_seq2,distance
85,sequence_53082,55.0,sequence_20062,57.9,0.978515625
3,sequence_53082,55.0,sequence_20036,52.9,0.990234375
185,sequence_53082,55.0,sequence_20047,49.9,0.970703125
31,sequence_53082,55.0,sequence_20052,42.9,0.9921875
17,sequence_53082,55.0,sequence_20060,52.6,0.974609375
