,id_seq1,target_seq1,id_seq2,target_seq2,distance
258,sequence_53082,55.0,sequence_19380,48.1,0.97265625
145,sequence_53082,55.0,sequence_19469,50.5,0.986328125
144,sequence_53082,55.0,sequence_19448,46.3,0.98046875
257,sequence_53082,55.0,sequence_19348,46.7,0.98046875
9,sequence_53082,55.0,sequence_19500,51.2,0.95703125
43,sequence_53082,55.0,sequence_19519,50.3,0.978515625
104,sequence_53082,55.0,sequence_19468,54.8,0.9765625
