,id_seq1,target_seq1,id_seq2,target_seq2,distance
152,sequence_53082,55.0,sequence_19529,48.8,0.97265625
186,sequence_53082,55.0,sequence_19528,47.1,0.974609375
175,sequence_53082,55.0,sequence_19493,50.4,0.9765625
412,sequence_19402,43.0,sequence_19529,48.8,0.986328125
446,sequence_19402,43.0,sequence_19528,47.1,0.984375
435,sequence_19402,43.0,sequence_19493,50.4,0.98046875
