,id_seq1,target_seq1,id_seq2,target_seq2,distance
171,sequence_53082,55.0,sequence_19524,46.4,0.986328125
37,sequence_53082,55.0,sequence_19506,49.3,0.990234375
120,sequence_53082,55.0,sequence_19508,49.5,0.982421875
431,sequence_19402,43.0,sequence_19524,46.4,0.984375
297,sequence_19402,43.0,sequence_19506,49.3,0.98828125
380,sequence_19402,43.0,sequence_19508,49.5,0.9921875
691,sequence_20054,49.0,sequence_19524,46.4,0.978515625
557,sequence_20054,49.0,sequence_19506,49.3,0.974609375
640,sequence_20054,49.0,sequence_19508,49.5,0.978515625
