,id_seq1,target_seq1,id_seq2,target_seq2,distance
155,sequence_53082,55.0,sequence_19421,53.0,0.98828125
415,sequence_19402,43.0,sequence_19421,53.0,0.986328125
675,sequence_20054,49.0,sequence_19421,53.0,0.978515625
