,id_seq1,target_seq1,id_seq2,target_seq2,distance
38,sequence_53082,55.0,sequence_20064,47.3,0.986328125
298,sequence_19402,43.0,sequence_20064,47.3,0.986328125
558,sequence_20054,49.0,sequence_20064,47.3,0.984375
