,id_seq1,target_seq1,id_seq2,target_seq2,distance
227,sequence_53082,55.0,sequence_19478,60.1,0.978515625
234,sequence_53082,55.0,sequence_19503,60.0,0.9921875
487,sequence_19402,43.0,sequence_19478,60.1,0.984375
494,sequence_19402,43.0,sequence_19503,60.0,0.984375
747,sequence_20054,49.0,sequence_19478,60.1,0.984375
754,sequence_20054,49.0,sequence_19503,60.0,0.974609375
