,id_seq1,target_seq1,id_seq2,target_seq2,distance
12,sequence_53082,55.0,sequence_19522,45.4,0.98046875
272,sequence_19402,43.0,sequence_19522,45.4,0.982421875
532,sequence_20054,49.0,sequence_19522,45.4,0.9765625
