,id_seq1,target_seq1,id_seq2,target_seq2,distance
117,sequence_47787,5.0,sequence_47746,94.0,0.6771
118,sequence_47787,5.0,sequence_47754,70.0,0.6340999999999999
119,sequence_47787,5.0,sequence_47753,74.0,0.6520000000000001
