,id_seq1,target_seq1,id_seq2,target_seq2,distance
68,sequence_47787,5.0,sequence_47770,25.0,0.5694999999999999
27,sequence_47787,5.0,sequence_47773,19.0,0.4401999999999999
20,sequence_47787,5.0,sequence_47803,12.0,0.5596999999999999
138,sequence_47787,5.0,sequence_47802,4.0,0.4871
