,id_seq1,target_seq1,id_seq2,target_seq2,distance
58,sequence_47787,5.0,sequence_47743,63.0,0.6093999999999999
57,sequence_47787,5.0,sequence_47741,102.0,0.6089
60,sequence_47787,5.0,sequence_47745,83.0,0.5599000000000001
70,sequence_47787,5.0,sequence_47738,55.0,0.5810000000000001
