,id_seq1,target_seq1,id_seq2,target_seq2,distance
128,sequence_47787,5.0,sequence_47723,69.0,0.6414000000000001
134,sequence_47787,5.0,sequence_47735,55.0,0.5988
85,sequence_47787,5.0,sequence_47677,103.0,0.6684
132,sequence_47787,5.0,sequence_47711,57.0,0.6333000000000001
