,id_seq1,target_seq1,id_seq2,target_seq2,distance
64,sequence_47787,5.0,sequence_47744,69.0,0.5569999999999999
59,sequence_47787,5.0,sequence_47752,67.0,0.5528
62,sequence_47787,5.0,sequence_47748,79.0,0.5156999999999999
61,sequence_47787,5.0,sequence_47747,72.0,0.5450999999999999
53,sequence_47787,5.0,sequence_47758,22.0,0.5403
