,id_seq1,target_seq1,id_seq2,target_seq2,distance
130,sequence_47787,5.0,sequence_47674,38.0,0.5889000000000001
131,sequence_47787,5.0,sequence_47676,56.0,0.6397999999999999
76,sequence_47787,5.0,sequence_47691,40.0,0.7156
79,sequence_47787,5.0,sequence_47675,57.0,0.6940999999999999
80,sequence_47787,5.0,sequence_47698,56.0,0.6891999999999999
