,id_seq1,target_seq1,id_seq2,target_seq2,distance
37,sequence_47787,5.0,sequence_47697,55.5,0.7007999999999999
99,sequence_47787,5.0,sequence_47690,63.0,0.7790999999999999
97,sequence_47787,5.0,sequence_47687,92.0,0.8364000000000001
66,sequence_47787,5.0,sequence_47759,36.0,0.7249000000000001
38,sequence_47787,5.0,sequence_47678,37.0,0.6068999999999998
