,id_seq1,target_seq1,id_seq2,target_seq2,distance
115,sequence_47787,5.0,sequence_47732,30.0,0.5334
113,sequence_47787,5.0,sequence_47731,32.0,0.5809000000000001
54,sequence_47787,5.0,sequence_47797,27.0,0.4531999999999999
