,id_seq1,target_seq1,id_seq2,target_seq2,distance
86,sequence_47787,5.0,sequence_47692,87.5,0.7806
100,sequence_47787,5.0,sequence_47712,49.0,0.7551
96,sequence_47787,5.0,sequence_47699,62.0,0.7424
101,sequence_47787,5.0,sequence_47714,51.0,0.8046000000000001
102,sequence_47787,5.0,sequence_47725,57.0,0.7126999999999999
98,sequence_47787,5.0,sequence_47693,64.0,0.7366999999999999
