,id_seq1,target_seq1,id_seq2,target_seq2,distance
24,sequence_47787,5.0,sequence_47796,20.0,0.0056675620742752
113,sequence_47787,5.0,sequence_47731,32.0,0.0074499804097994
53,sequence_47787,5.0,sequence_47758,22.0,0.0086220171467622
52,sequence_47787,5.0,sequence_47730,35.0,0.0070356768022174
