,id_seq1,target_seq1,id_seq2,target_seq2,distance
41,sequence_47787,5.0,sequence_47806,73.0,0.0081425831859746
17,sequence_47787,5.0,sequence_47778,26.0,0.006789134197933
92,sequence_47787,5.0,sequence_47812,121.0,0.0097282983577882
95,sequence_47787,5.0,sequence_47763,122.0,0.0091165946137152
18,sequence_47787,5.0,sequence_47780,23.0,0.006789134197933
