,id_seq1,target_seq1,id_seq2,target_seq2,distance
101,sequence_47787,5.0,sequence_47714,51.0,0.0155003618429881
102,sequence_47787,5.0,sequence_47725,57.0,0.0139684912035993
37,sequence_47787,5.0,sequence_47697,55.5,0.012460845232092
96,sequence_47787,5.0,sequence_47699,62.0,0.0141992588165228
