,id_seq1,target_seq1,id_seq2,target_seq2,distance
58,sequence_47787,5.0,sequence_47743,63.0,0.0075440081167812
57,sequence_47787,5.0,sequence_47741,102.0,0.0069234255525534
70,sequence_47787,5.0,sequence_47738,55.0,0.0069234255525534
61,sequence_47787,5.0,sequence_47747,72.0,0.0075521593140015
64,sequence_47787,5.0,sequence_47744,69.0,0.0077766853430504
