,id_seq1,target_seq1,id_seq2,target_seq2,distance
20,sequence_47787,5.0,sequence_47803,12.0,0.0074967165953109
100,sequence_47787,5.0,sequence_47712,49.0,0.0115847397952286
43,sequence_47787,5.0,sequence_47804,23.0,0.0092266661638046
45,sequence_47787,5.0,sequence_47799,24.0,0.0101287410340004
55,sequence_47787,5.0,sequence_47798,23.0,0.0087778979614802
44,sequence_47787,5.0,sequence_47800,20.0,0.0097123096191956
42,sequence_47787,5.0,sequence_47807,42.0,0.0109395737312597
