,id_seq1,target_seq1,id_seq2,target_seq2,distance
131,sequence_47787,5.0,sequence_47676,56.0,0.0131213059907157
85,sequence_47787,5.0,sequence_47677,103.0,0.0137404703023147
