,id_seq1,target_seq1,id_seq2,target_seq2,distance
28,sequence_47787,5.0,sequence_47768,17.0,0.0039740737711021
3,sequence_47787,5.0,sequence_47781,12.0,0.0021946563927268
5,sequence_47787,5.0,sequence_47779,11.0,0.0026120278287811
4,sequence_47787,5.0,sequence_47777,11.0,0.0026120278287811
