,id_seq1,target_seq1,id_seq2,target_seq2,distance
27,sequence_47787,5.0,sequence_47773,19.0,0.0055342905062061
67,sequence_47787,5.0,sequence_47774,21.0,0.0072608939067369
