,id_seq1,target_seq1,id_seq2,target_seq2,distance
112,sequence_47787,5.0,sequence_47662,28.0,0.0116498170681137
107,sequence_47787,5.0,sequence_47661,52.0,0.0112208492361327
104,sequence_47787,5.0,sequence_47668,48.0,0.011228996604501
106,sequence_47787,5.0,sequence_47665,50.0,0.0127149260516136
46,sequence_47787,5.0,sequence_47664,32.0,0.0098413470818905
