,id_seq1,target_seq1,id_seq2,target_seq2,distance
76,sequence_47787,5.0,sequence_47691,40.0,0.0121589750620003
103,sequence_47787,5.0,sequence_47669,32.0,0.0132111649940763
80,sequence_47787,5.0,sequence_47698,56.0,0.0121589750620003
31,sequence_47787,5.0,sequence_47696,47.0,0.0104202802690124
