,id_seq1,target_seq1,id_seq2,target_seq2,distance
143,sequence_47787,5.0,sequence_47791,4.0,0.0006245355268777
9,sequence_47787,5.0,sequence_47772,12.0,0.0013573982135835
26,sequence_47787,5.0,sequence_47760,26.0,0.0023862240558757
140,sequence_47787,5.0,sequence_47728,12.0,0.0013573982135835
11,sequence_47787,5.0,sequence_47776,9.0,0.000315587019369
141,sequence_47787,5.0,sequence_47808,4.0,0.0007100016533362
