,id_seq1,target_seq1,id_seq2,target_seq2,distance
130,sequence_47787,5.0,sequence_47674,38.0,0.0110831722241056
72,sequence_47787,5.0,sequence_47702,69.0,0.0110599528124708
30,sequence_47787,5.0,sequence_47681,44.0,0.0097017820782728
73,sequence_47787,5.0,sequence_47672,76.0,0.0101187668562391
74,sequence_47787,5.0,sequence_47705,71.0,0.0107387973652884
