,id_seq1,target_seq1,id_seq2,target_seq2,distance
66,sequence_40826,539,sequence_40832,555,0.0001241479608941
62,sequence_40826,539,sequence_40821,549,0.0001340889278257
14,sequence_40826,539,sequence_40842,522,0.0008759353547986
3,sequence_40826,539,sequence_40806,525,0.0013458147576851
42,sequence_40826,539,sequence_40790,523,0.000145094479526
