,id_seq1,target_seq1,id_seq2,target_seq2,distance
8,sequence_47787,5.0,sequence_47782,17.0,0.0033478804227167
16,sequence_47787,5.0,sequence_47686,22.0,0.0061403605012807
6,sequence_47787,5.0,sequence_47784,21.0,0.003144303179657
135,sequence_47787,5.0,sequence_47793,16.0,0.0036152557844353
51,sequence_47787,5.0,sequence_47775,23.0,0.0039325889578743
13,sequence_47787,5.0,sequence_47679,44.0,0.0092519244797164
23,sequence_47787,5.0,sequence_47783,24.5,0.0038107935275972
