,id_seq1,target_seq1,id_seq2,target_seq2,distance
55,sequence_47787,5.0,sequence_47798,23.0,0.0100502512562814
99,sequence_47787,5.0,sequence_47690,63.0,0.0175879396984924
51,sequence_47787,5.0,sequence_47775,23.0,0.0125628140703517
125,sequence_47787,5.0,sequence_47720,80.0,0.0175879396984924
108,sequence_47787,5.0,sequence_47667,86.0,0.0175879396984924
