,id_seq1,target_seq1,id_seq2,target_seq2,distance
75,sequence_47787,5.0,sequence_47694,51.0,0.0150753768844221
97,sequence_47787,5.0,sequence_47687,92.0,0.0175879396984924
