,id_seq1,target_seq1,id_seq2,target_seq2,distance
54,sequence_47787,5.0,sequence_47797,27.0,0.0501333135944834
109,sequence_47787,5.0,sequence_47726,120.0,0.0498068229179865
