,id_seq1,target_seq1,id_seq2,target_seq2,distance
4,sequence_47787,5.0,sequence_47777,11.0,0.0045512903846479
143,sequence_47787,5.0,sequence_47791,4.0,0.0108208411715363
