,id_seq1,target_seq1,id_seq2,target_seq2,distance
7,sequence_47787,5.0,sequence_47786,18.0,0.0157517266305462
8,sequence_47787,5.0,sequence_47782,17.0,0.0160814131839955
135,sequence_47787,5.0,sequence_47793,16.0,0.0129269320623478
22,sequence_47787,5.0,sequence_47757,36.0,0.0239036278474116
6,sequence_47787,5.0,sequence_47784,21.0,0.015589324596624
3,sequence_47787,5.0,sequence_47781,12.0,0.0079044890084027
