,id_seq1,target_seq1,id_seq2,target_seq2,distance
131,sequence_47787,5.0,sequence_47676,56.0,0.0806763699815751
85,sequence_47787,5.0,sequence_47677,103.0,0.0809870299248359
98,sequence_47787,5.0,sequence_47693,64.0,0.0857387067639838
125,sequence_47787,5.0,sequence_47720,80.0,0.0916369934935625
84,sequence_47787,5.0,sequence_47709,119.0,0.0898985210554106
