,id_seq1,target_seq1,id_seq2,target_seq2,distance
43,sequence_47787,5.0,sequence_47804,23.0,0.0779391934670905
67,sequence_47787,5.0,sequence_47774,21.0,0.0727787130534332
