,id_seq1,target_seq1,id_seq2,target_seq2,distance
127,sequence_47787,5.0,sequence_47719,66.0,0.0783450594809883
122,sequence_47787,5.0,sequence_47715,101.0,0.0827764834006485
37,sequence_47787,5.0,sequence_47697,55.5,0.0803275165795571
124,sequence_47787,5.0,sequence_47717,66.0,0.08306047795636
