,id_seq1,target_seq1,id_seq2,target_seq2,distance
61,sequence_47787,5.0,sequence_47747,72.0,0.0191225154530508
64,sequence_47787,5.0,sequence_47744,69.0,0.0186279743328258
25,sequence_47787,5.0,sequence_47750,25.0,0.0179287198061055
