,id_seq1,target_seq1,id_seq2,target_seq2,distance
50,sequence_47787,5.0,sequence_47756,37.0,0.0403988880271255
49,sequence_47787,5.0,sequence_47727,45.0,0.0402521920624772
23,sequence_47787,5.0,sequence_47783,24.5,0.0323464748074052
