,id_seq1,target_seq1,id_seq2,target_seq2,distance
84,sequence_47787,5.0,sequence_47709,119.0,0.0898985210554106
125,sequence_47787,5.0,sequence_47720,80.0,0.0916369934935625
98,sequence_47787,5.0,sequence_47693,64.0,0.0857387067639838
