,id_seq1,target_seq1,id_seq2,target_seq2,distance
45,sequence_47787,5.0,sequence_47799,24.0,0.0661092996251778
42,sequence_47787,5.0,sequence_47807,42.0,0.0801160010611133
68,sequence_47787,5.0,sequence_47770,25.0,0.0564988874083983
