,id_seq1,target_seq1,id_seq2,target_seq2,distance
138,sequence_47787,5.0,sequence_47802,4.0,0.0269268404055644
56,sequence_47787,5.0,sequence_47751,34.0,0.0316654470461896
