,id_seq1,target_seq1,id_seq2,target_seq2,distance
101,sequence_47787,5.0,sequence_47714,51.0,0.0906574903697055
100,sequence_47787,5.0,sequence_47712,49.0,0.0864097236144312
