,id_seq1,target_seq1,id_seq2,target_seq2,distance
33,sequence_47787,5.0,sequence_47673,65.5,0.034132528594191
79,sequence_47787,5.0,sequence_47675,57.0,0.0342956646708153
