,id_seq1,target_seq1,id_seq2,target_seq2,distance
130,sequence_51016,-4.626935645431157,sequence_51135,-7.603076627631569,28205.73234531736
22,sequence_51016,-4.626935645431157,sequence_51196,-7.3141295128133885,26773.44588258531
213,sequence_51016,-4.626935645431157,sequence_51132,-4.340049860624873,27296.78767427662
377,sequence_51170,-5.599110392902725,sequence_51135,-7.603076627631569,18872.27558688333
269,sequence_51170,-5.599110392902725,sequence_51196,-7.3141295128133885,22139.60624916493
460,sequence_51170,-5.599110392902725,sequence_51132,-4.340049860624873,26060.83383718821
