,id_seq1,target_seq1,id_seq2,target_seq2,distance
57,sequence_47787,5.0,sequence_47741,102.0,129.32108077981718
36,sequence_47787,5.0,sequence_47683,75.0,125.68448930389144
5,sequence_47787,5.0,sequence_47779,11.0,105.73704302301064
84,sequence_47787,5.0,sequence_47709,119.0,131.69330642701627
121,sequence_47787,5.0,sequence_47742,108.0,129.39736897553212
64,sequence_47787,5.0,sequence_47744,69.0,114.69951976490572
32,sequence_47787,5.0,sequence_47680,73.0,118.35758415433293
122,sequence_47787,5.0,sequence_47715,101.0,128.4141160414228
39,sequence_47787,5.0,sequence_47682,53.0,117.79372506878283
