,id_seq1,target_seq1,id_seq2,target_seq2,distance
47,sequence_47787,5.0,sequence_47666,69.0,154.82682036259092
107,sequence_47787,5.0,sequence_47661,52.0,158.15613486874292
21,sequence_47787,5.0,sequence_47663,36.0,148.8576944085189
105,sequence_47787,5.0,sequence_47670,97.0,162.9455905995311
106,sequence_47787,5.0,sequence_47665,50.0,158.18563205522176
97,sequence_47787,5.0,sequence_47687,92.0,119.36281444700438
125,sequence_47787,5.0,sequence_47720,80.0,143.74428013034117
108,sequence_47787,5.0,sequence_47667,86.0,154.85469934903497
