,id_seq1,target_seq1,id_seq2,target_seq2,distance
143,sequence_47787,5.0,sequence_47791,4.0,38.6765
12,sequence_47787,5.0,sequence_47685,24.0,61.2622119029341
2,sequence_47787,5.0,sequence_47790,9.0,73.18041230308832
144,sequence_47787,5.0,sequence_47788,5.0,32.8292
