,id_seq1,target_seq1,id_seq2,target_seq2,distance
56,sequence_40826,539,sequence_40810,549,0.8742999999999999
4,sequence_40826,539,sequence_40807,528,0.7338
53,sequence_40826,539,sequence_40805,564,0.2467999999999998
