,id_seq1,target_seq1,id_seq2,target_seq2,distance
15,sequence_40826,539,sequence_40844,519,0.0093705915149272
24,sequence_40826,539,sequence_40856,498,0.0117568269431086
