,id_seq1,target_seq1,id_seq2,target_seq2,distance
61,sequence_40826,539,sequence_40820,543,0.01842813360306
74,sequence_40826,539,sequence_40796,567,0.0130308570179653
