,id_seq1,target_seq1,id_seq2,target_seq2,distance
62,sequence_40826,539,sequence_40821,549,0.0103906325533368
75,sequence_40826,539,sequence_40795,562,0.0122119922418604
71,sequence_40826,539,sequence_40863,566,0.0107155577884902
