,id_seq1,target_seq1,id_seq2,target_seq2,distance
3,sequence_40826,539,sequence_40806,525,1534.6836995100523
5,sequence_40826,539,sequence_40809,528,2061.9803141135103
