,id_seq1,target_seq1,id_seq2,target_seq2,distance
20,sequence_40826,539,sequence_40827,525,2209.8916235681627
68,sequence_40826,539,sequence_40830,558,2987.665210413305
70,sequence_40826,539,sequence_40865,580,3535.499418061108
21,sequence_40826,539,sequence_40828,519,3038.1884420019705
