,id_seq1,target_seq1,id_seq2,target_seq2,distance
64,sequence_40826,539,sequence_40823,546,487.7894097891939
10,sequence_40826,539,sequence_40855,522,333.4631969152668
44,sequence_40826,539,sequence_40839,538,341.53824686743303
11,sequence_40826,539,sequence_40857,522,747.0031293775083
47,sequence_40826,539,sequence_40824,523,529.8556692714438
0,sequence_40826,539,sequence_40787,510,114.32719537139889
18,sequence_40826,539,sequence_40817,528,337.6062190790184
7,sequence_40826,539,sequence_40813,528,309.2927791917873
66,sequence_40826,539,sequence_40832,555,686.3818517421845
