,id_seq1,target_seq1,id_seq2,target_seq2,distance
41,sequence_40826,539,sequence_40792,517,3048.228158310595
42,sequence_40826,539,sequence_40790,523,2740.292133303999
