,id_seq1,target_seq1,id_seq2,target_seq2,distance
43,sequence_40826,539,sequence_40860,535,2237.9611244938706
73,sequence_40826,539,sequence_40802,560,3585.869052312979
57,sequence_40826,539,sequence_40862,546,2668.6986845010283
