,id_seq1,target_seq1,id_seq2,target_seq2,distance
120,sequence_51016,-4.626935645431157,sequence_51188,-7.477058965090089,0.9604427118320864
20,sequence_51016,-4.626935645431157,sequence_51131,-7.774340977997347,0.915628928623742
221,sequence_51016,-4.626935645431157,sequence_51126,-6.8444229718282426,0.9588324400653992
123,sequence_51016,-4.626935645431157,sequence_51198,-7.041057436612152,0.9121630452272314
213,sequence_51016,-4.626935645431157,sequence_51132,-4.340049860624873,0.946717221749634
