,id_seq1,target_seq1,id_seq2,target_seq2,distance
241,sequence_53082,55.0,sequence_53083,51.0,0.0208297863647229
253,sequence_53082,55.0,sequence_53099,53.0,0.0262743220654691
249,sequence_53082,55.0,sequence_53072,47.0,0.0187752496654505
251,sequence_53082,55.0,sequence_53052,55.0,0.0204205778566621
246,sequence_53082,55.0,sequence_53087,52.0,0.0156527952775215
254,sequence_53082,55.0,sequence_53056,52.0,0.0259204552429157
