,id_seq1,target_seq1,id_seq2,target_seq2,distance
186,sequence_53082,55.0,sequence_19528,47.1,0.0445583886602736
163,sequence_53082,55.0,sequence_19510,47.8,0.048509792825779
175,sequence_53082,55.0,sequence_19493,50.4,0.0491146617620441
446,sequence_19402,43.0,sequence_19528,47.1,0.0491460069588567
423,sequence_19402,43.0,sequence_19510,47.8,0.0429767378938885
435,sequence_19402,43.0,sequence_19493,50.4,0.0515428947576676
706,sequence_20054,49.0,sequence_19528,47.1,0.0459954345560513
683,sequence_20054,49.0,sequence_19510,47.8,0.0437448282657504
695,sequence_20054,49.0,sequence_19493,50.4,0.0431040601335883
