,id_seq1,target_seq1,id_seq2,target_seq2,distance
27,sequence_40826,539,sequence_40847,486,0.0641999999999999
26,sequence_40826,539,sequence_40851,477,0.0634
28,sequence_40826,539,sequence_40858,495,0.0618
36,sequence_40826,539,sequence_40854,465,0.0661999999999999
32,sequence_40826,539,sequence_40791,454,0.0619
33,sequence_40826,539,sequence_40793,456,0.0583
