,id_seq1,target_seq1,id_seq2,target_seq2,distance
127,sequence_47787,5.0,sequence_47719,66.0,30095.3987
85,sequence_47787,5.0,sequence_47677,103.0,26551.1168
122,sequence_47787,5.0,sequence_47715,101.0,29738.8203
39,sequence_47787,5.0,sequence_47682,53.0,24935.970800000003
36,sequence_47787,5.0,sequence_47683,75.0,25893.6673
83,sequence_47787,5.0,sequence_47708,111.0,27155.1319
40,sequence_47787,5.0,sequence_47724,48.0,24237.0447
88,sequence_47787,5.0,sequence_47707,79.0,26326.3125
124,sequence_47787,5.0,sequence_47717,66.0,30828.186800000003
