,id_seq1,target_seq1,id_seq2,target_seq2,distance
19,sequence_47787,5.0,sequence_47785,25.0,17059.9662
27,sequence_47787,5.0,sequence_47773,19.0,17621.404000000002
67,sequence_47787,5.0,sequence_47774,21.0,18400.876300000004
1,sequence_47787,5.0,sequence_47789,10.0,16665.8614
