,id_seq1,target_seq1,id_seq2,target_seq2,distance
69,sequence_47787,5.0,sequence_47713,51.0,26799.841700000004
32,sequence_47787,5.0,sequence_47680,73.0,20919.4036
33,sequence_47787,5.0,sequence_47673,65.5,21415.8012
78,sequence_47787,5.0,sequence_47706,77.0,22115.376900000003
77,sequence_47787,5.0,sequence_47701,63.0,21170.2858
