,id_seq1,target_seq1,id_seq2,target_seq2,distance
82,sequence_47787,5.0,sequence_47704,98.0,1.046114969781048
84,sequence_47787,5.0,sequence_47709,119.0,1.127612260486735
36,sequence_47787,5.0,sequence_47683,75.0,1.060787443364598
83,sequence_47787,5.0,sequence_47708,111.0,1.0761153423309238
