,id_seq1,target_seq1,id_seq2,target_seq2,distance
94,sequence_47787,5.0,sequence_47764,118.0,0.8488266784214537
91,sequence_47787,5.0,sequence_47767,105.0,0.8095195797508541
95,sequence_47787,5.0,sequence_47763,122.0,0.9292465926760238
