,id_seq1,target_seq1,id_seq2,target_seq2,distance
135,sequence_47787,5.0,sequence_47793,16.0,0.6937196407771682
142,sequence_47787,5.0,sequence_47792,12.0,0.5920240535653969
