,id_seq1,target_seq1,id_seq2,target_seq2,distance
93,sequence_47787,5.0,sequence_47761,120.0,1.2306990452584223
89,sequence_47787,5.0,sequence_47762,127.0,1.1970131954159875
92,sequence_47787,5.0,sequence_47812,121.0,1.056567196159334
90,sequence_47787,5.0,sequence_47765,118.0,1.1496841261842283
