,id_seq1,target_seq1,id_seq2,target_seq2,distance
129,sequence_47787,5.0,sequence_47722,75.0,1.090419341354509
126,sequence_47787,5.0,sequence_47716,84.0,0.9742477303027202
123,sequence_47787,5.0,sequence_47718,81.0,1.0654235730450123
124,sequence_47787,5.0,sequence_47717,66.0,1.0292866850396938
