,id_seq1,target_seq1,id_seq2,target_seq2,distance
4,sequence_47787,5.0,sequence_47777,11.0,0.6020092191985101
7,sequence_47787,5.0,sequence_47786,18.0,0.5817152482099821
28,sequence_47787,5.0,sequence_47768,17.0,0.6578749957248725
