,id_seq1,target_seq1,id_seq2,target_seq2,distance
91,sequence_53082,55.0,sequence_19431,50.5,0.2680165853077006
10,sequence_53082,55.0,sequence_19453,47.3,0.2745293609069892
62,sequence_53082,55.0,sequence_19505,42.4,0.26855574840245
129,sequence_53082,55.0,sequence_20049,43.9,0.2709915865852664
