,id_seq1,target_seq1,id_seq2,target_seq2,distance
11,sequence_53082,55.0,sequence_53075,51.6,0.1978941888990174
271,sequence_19402,43.0,sequence_53075,51.6,0.2445093249755518
