,id_seq1,target_seq1,id_seq2,target_seq2,distance
241,sequence_53082,55.0,sequence_53083,51.0,0.0808716884948001
249,sequence_53082,55.0,sequence_53072,47.0,0.074178366118431
244,sequence_53082,55.0,sequence_53081,53.0,0.0945208442619933
