,id_seq1,target_seq1,id_seq2,target_seq2,distance
27,sequence_47787,5.0,sequence_47773,19.0,0.0133271369460215
2,sequence_47787,5.0,sequence_47790,9.0,0.0128954938115245
66,sequence_47787,5.0,sequence_47759,36.0,0.0140397345347685
139,sequence_47787,5.0,sequence_47794,18.0,0.0146514069885707
1,sequence_47787,5.0,sequence_47789,10.0,0.0126140878516622
67,sequence_47787,5.0,sequence_47774,21.0,0.0152053681639686
