,id_seq1,target_seq1,id_seq2,target_seq2,distance
37,sequence_47787,5.0,sequence_47697,55.5,0.0296022942463356
84,sequence_47787,5.0,sequence_47709,119.0,0.0326954197670138
