,id_seq1,target_seq1,id_seq2,target_seq2,distance
34,sequence_47787,5.0,sequence_47700,65.0,0.0113338268094987
13,sequence_47787,5.0,sequence_47679,44.0,0.0107257227035425
32,sequence_47787,5.0,sequence_47680,73.0,0.0109466771057559
33,sequence_47787,5.0,sequence_47673,65.5,0.0114358984591044
