,id_seq1,target_seq1,id_seq2,target_seq2,distance
33,sequence_47787,5.0,sequence_47673,65.5,0.0114358984591044
32,sequence_47787,5.0,sequence_47680,73.0,0.0109466771057559
79,sequence_47787,5.0,sequence_47675,57.0,0.0116628629097292
77,sequence_47787,5.0,sequence_47701,63.0,0.0115544701208649
13,sequence_47787,5.0,sequence_47679,44.0,0.0107257227035425
34,sequence_47787,5.0,sequence_47700,65.0,0.0113338268094987
