,id_seq1,target_seq1,id_seq2,target_seq2,distance
65,sequence_47787,5.0,sequence_47721,40.0,0.0215398433173598
38,sequence_47787,5.0,sequence_47678,37.0,0.022737815305627
16,sequence_47787,5.0,sequence_47686,22.0,0.0220105953911273
