,id_seq1,target_seq1,id_seq2,target_seq2,distance
69,sequence_47787,5.0,sequence_47713,51.0,0.0027425963880917
28,sequence_47787,5.0,sequence_47768,17.0,0.0020452097706457
64,sequence_47787,5.0,sequence_47744,69.0,0.0041723021790472
3,sequence_47787,5.0,sequence_47781,12.0,0.0005313319251774
57,sequence_47787,5.0,sequence_47741,102.0,0.0027526986630104
70,sequence_47787,5.0,sequence_47738,55.0,0.0027526986630104
5,sequence_47787,5.0,sequence_47779,11.0,0.0013491123755782
4,sequence_47787,5.0,sequence_47777,11.0,0.0013491123755782
61,sequence_47787,5.0,sequence_47747,72.0,0.0033782870060495
