,id_seq1,target_seq1,id_seq2,target_seq2,distance
90,sequence_47787,5.0,sequence_47765,118.0,0.0184563246752772
89,sequence_47787,5.0,sequence_47762,127.0,0.0182039162525255
