,id_seq1,target_seq1,id_seq2,target_seq2,distance
106,sequence_47787,5.0,sequence_47665,50.0,0.0187446564112958
105,sequence_47787,5.0,sequence_47670,97.0,0.0184983910407466
