,id_seq1,target_seq1,id_seq2,target_seq2,distance
49,sequence_47787,5.0,sequence_47727,45.0,0.0099917352656007
23,sequence_47787,5.0,sequence_47783,24.5,0.0092817270602891
111,sequence_47787,5.0,sequence_47811,24.0,0.009296507238828
51,sequence_47787,5.0,sequence_47775,23.0,0.0098863331188669
109,sequence_47787,5.0,sequence_47726,120.0,0.0107015076278564
50,sequence_47787,5.0,sequence_47756,37.0,0.0100062992832664
117,sequence_47787,5.0,sequence_47746,94.0,0.0089509131127315
