,id_seq1,target_seq1,id_seq2,target_seq2,distance
56,sequence_40826,539,sequence_40810,549,74.95578539364304
4,sequence_40826,539,sequence_40807,528,69.03151416201877
53,sequence_40826,539,sequence_40805,564,32.05488783175217
