,id_seq1,target_seq1,id_seq2,target_seq2,distance
62,sequence_40826,539,sequence_40821,549,0.0521082434334683
75,sequence_40826,539,sequence_40795,562,0.0558657781270009
71,sequence_40826,539,sequence_40863,566,0.0517146880361375
74,sequence_40826,539,sequence_40796,567,0.0570578410894996
