,id_seq1,target_seq1,id_seq2,target_seq2,distance
26,sequence_40826,539,sequence_40851,477,0.0659324748347341
31,sequence_40826,539,sequence_40846,483,0.0660989896161965
