,id_seq1,target_seq1,id_seq2,target_seq2,distance
4,sequence_40826,539,sequence_40807,528,139.19162769366818
9,sequence_40826,539,sequence_40845,495,97.59554582903476
