,id_seq1,target_seq1,id_seq2,target_seq2,distance
34,sequence_40826,539,sequence_40861,464,145.17917435611983
36,sequence_40826,539,sequence_40854,465,130.9677821140845
37,sequence_40826,539,sequence_40853,463,139.77142521020204
40,sequence_40826,539,sequence_40850,462,131.3229102595624
31,sequence_40826,539,sequence_40846,483,140.05298969121037
26,sequence_40826,539,sequence_40851,477,138.88627222006352
35,sequence_40826,539,sequence_40812,464,125.278343023451
38,sequence_40826,539,sequence_40848,461,147.2162034457473
