,id_seq1,target_seq1,id_seq2,target_seq2,distance
28,sequence_40826,539,sequence_40858,495,109.79013300761652
29,sequence_40826,539,sequence_40852,474,116.80424905351612
27,sequence_40826,539,sequence_40847,486,119.12057995120844
