,id_seq1,target_seq1,id_seq2,target_seq2,distance
51,sequence_40826,539,sequence_40803,549,68.5981895266229
48,sequence_40826,539,sequence_40825,532,55.17172026710422
6,sequence_40826,539,sequence_40811,534,52.22247704170783
11,sequence_40826,539,sequence_40857,522,84.24100968593469
19,sequence_40826,539,sequence_40818,522,87.91363889202837
43,sequence_40826,539,sequence_40860,535,80.5631648445441
