,id_seq1,target_seq1,id_seq2,target_seq2,distance
72,sequence_53082,55.0,sequence_19439,49.5,0.0004023452852242
231,sequence_53082,55.0,sequence_19482,59.3,0.0004139371918959
184,sequence_53082,55.0,sequence_19365,53.0,0.000333930257476
172,sequence_53082,55.0,sequence_19414,54.7,0.000404529109888
332,sequence_19402,43.0,sequence_19439,49.5,0.000614935597028
491,sequence_19402,43.0,sequence_19482,59.3,0.0005809271053894
444,sequence_19402,43.0,sequence_19365,53.0,0.0005050188069011
432,sequence_19402,43.0,sequence_19414,54.7,0.0004750314358562
