,id_seq1,target_seq1,id_seq2,target_seq2,distance
250,sequence_53082,55.0,sequence_53098,42.0,0.0002374668211837
242,sequence_53082,55.0,sequence_53088,48.0,0.000151195329416
27,sequence_53082,55.0,sequence_53085,51.2,0.0001694363470993
248,sequence_53082,55.0,sequence_53068,36.0,0.000247256802017
245,sequence_53082,55.0,sequence_53086,40.0,0.0001933186216875
