,id_seq1,target_seq1,id_seq2,target_seq2,distance
57,sequence_53082,55.0,sequence_20040,47.2,0.0005125010864905
317,sequence_19402,43.0,sequence_20040,47.2,0.0005742883578598
577,sequence_20054,49.0,sequence_20040,47.2,0.0001907903476892
