,id_seq1,target_seq1,id_seq2,target_seq2,distance
191,sequence_53082,55.0,sequence_19444,50.7,0.0003940802530151
451,sequence_19402,43.0,sequence_19444,50.7,0.0004886725080122
711,sequence_20054,49.0,sequence_19444,50.7,0.0006364039342452
