,id_seq1,target_seq1,id_seq2,target_seq2,distance
130,sequence_53082,55.0,sequence_20059,52.3,0.0005497249335139
390,sequence_19402,43.0,sequence_20059,52.3,0.0006115642061127
