,id_seq1,target_seq1,id_seq2,target_seq2,distance
238,sequence_53082,55.0,sequence_19411,58.0,0.0005644146307391
498,sequence_19402,43.0,sequence_19411,58.0,0.000545297297859
