,id_seq1,target_seq1,id_seq2,target_seq2,distance
106,sequence_53082,55.0,sequence_19420,40.6,0.0004755085882832
366,sequence_19402,43.0,sequence_19420,40.6,0.0007067023897766
626,sequence_20054,49.0,sequence_19420,40.6,0.0005055540991002
