,id_seq1,target_seq1,id_seq2,target_seq2,distance
156,sequence_53082,55.0,sequence_19514,53.0,0.0004092176748974
416,sequence_19402,43.0,sequence_19514,53.0,0.0004565994732477
676,sequence_20054,49.0,sequence_19514,53.0,0.000488033204838
