,id_seq1,target_seq1,id_seq2,target_seq2,distance
158,sequence_53082,55.0,sequence_19437,46.7,0.000744736967748
6,sequence_53082,55.0,sequence_19496,48.3,0.0007172243151214
