,id_seq1,target_seq1,id_seq2,target_seq2,distance
4,sequence_53082,55.0,sequence_19525,48.8,0.0005748964651327
148,sequence_53082,55.0,sequence_19457,43.6,0.0005608684206911
90,sequence_53082,55.0,sequence_19495,58.9,0.0006605356289808
28,sequence_53082,55.0,sequence_19509,50.6,0.00059488199682
