,id_seq1,target_seq1,id_seq2,target_seq2,distance
255,sequence_53082,55.0,sequence_19347,58.9,0.0001747324210502
190,sequence_53082,55.0,sequence_19407,49.2,0.00026357835529
259,sequence_53082,55.0,sequence_19401,47.4,0.0003131326077807
515,sequence_19402,43.0,sequence_19347,58.9,0.0005878736020283
450,sequence_19402,43.0,sequence_19407,49.2,0.0005114553556356
519,sequence_19402,43.0,sequence_19401,47.4,0.0004526236423303
775,sequence_20054,49.0,sequence_19347,58.9,0.0006092026619101
710,sequence_20054,49.0,sequence_19407,49.2,0.0007097181360203
779,sequence_20054,49.0,sequence_19401,47.4,0.0007027665066444
