,id_seq1,target_seq1,id_seq2,target_seq2,distance
199,sequence_53082,55.0,sequence_19470,61.0,0.0006256285702598
48,sequence_53082,55.0,sequence_19497,54.9,0.0006080796530819
212,sequence_53082,55.0,sequence_19480,62.8,0.0005576285066997
233,sequence_53082,55.0,sequence_19356,59.0,0.0006416162125952
224,sequence_53082,55.0,sequence_19462,63.2,0.0006253392321189
