,id_seq1,target_seq1,id_seq2,target_seq2,distance
228,sequence_53082,55.0,sequence_19351,60.9,0.0006295500657615
65,sequence_53082,55.0,sequence_19357,58.5,0.0006407739140844
240,sequence_53082,55.0,sequence_19413,58.7,0.0005468165935744
