,id_seq1,target_seq1,id_seq2,target_seq2,distance
189,sequence_53082,55.0,sequence_19452,44.2,0.0005004605280376
30,sequence_53082,55.0,sequence_19430,45.7,0.0006383762723868
71,sequence_53082,55.0,sequence_19390,46.3,0.0004863914473448
193,sequence_53082,55.0,sequence_19487,55.9,0.0005925920503169
187,sequence_53082,55.0,sequence_19455,44.5,0.0005248121680839
63,sequence_53082,55.0,sequence_53070,45.7,0.0003570226169704
50,sequence_53082,55.0,sequence_19376,53.0,0.0005411288791904
81,sequence_53082,55.0,sequence_19374,50.7,0.0005489041041716
