,id_seq1,target_seq1,id_seq2,target_seq2,distance
185,sequence_53082,55.0,sequence_20047,49.9,0.0004739869729362
66,sequence_53082,55.0,sequence_20056,56.9,0.0004300576547944
31,sequence_53082,55.0,sequence_20052,42.9,0.0004486006652484
105,sequence_53082,55.0,sequence_20068,50.6,0.0004695131768959
17,sequence_53082,55.0,sequence_20060,52.6,0.0003703026454978
