,id_seq1,target_seq1,id_seq2,target_seq2,distance
232,sequence_53082,55.0,sequence_19518,61.6,0.0004693499892578
188,sequence_53082,55.0,sequence_19479,60.8,0.0004553099421042
492,sequence_19402,43.0,sequence_19518,61.6,0.0005897909710623
448,sequence_19402,43.0,sequence_19479,60.8,0.0004618621798972
752,sequence_20054,49.0,sequence_19518,61.6,0.0003971942124814
708,sequence_20054,49.0,sequence_19479,60.8,0.0004016013706716
