,id_seq1,target_seq1,id_seq2,target_seq2,distance
256,sequence_53082,55.0,sequence_19379,50.3,0.0002806778685233
160,sequence_53082,55.0,sequence_19501,57.2,0.0002692989229927
516,sequence_19402,43.0,sequence_19379,50.3,0.0004985170738299
420,sequence_19402,43.0,sequence_19501,57.2,0.0005484713539704
