,id_seq1,target_seq1,id_seq2,target_seq2,distance
85,sequence_53082,55.0,sequence_20062,57.9,0.0004246915430964
345,sequence_19402,43.0,sequence_20062,57.9,0.0005351663883921
605,sequence_20054,49.0,sequence_20062,57.9,0.0003404769274292
