,id_seq1,target_seq1,id_seq2,target_seq2,distance
258,sequence_53082,55.0,sequence_19380,48.1,0.0005099680071652
144,sequence_53082,55.0,sequence_19448,46.3,0.0003264164152958
257,sequence_53082,55.0,sequence_19348,46.7,0.0004140767676799
9,sequence_53082,55.0,sequence_19500,51.2,0.000375126679601
43,sequence_53082,55.0,sequence_19519,50.3,0.0004392429783373
104,sequence_53082,55.0,sequence_19468,54.8,0.000393663319725
