,id_seq1,target_seq1,id_seq2,target_seq2,distance
49,sequence_53082,55.0,sequence_19490,52.9,0.0006888825918711
12,sequence_53082,55.0,sequence_19522,45.4,0.0005433748223817
124,sequence_53082,55.0,sequence_53077,43.5,0.0004948264728849
