,id_seq1,target_seq1,id_seq2,target_seq2,distance
182,sequence_53082,55.0,sequence_20053,54.7,0.0004695283980952
34,sequence_53082,55.0,sequence_20072,48.7,0.0004990417947672
196,sequence_53082,55.0,sequence_20037,57.8,0.0004938822798199
47,sequence_53082,55.0,sequence_20043,46.6,0.0005024408599219
107,sequence_53082,55.0,sequence_20076,55.7,0.0003808372621092
178,sequence_53082,55.0,sequence_20034,52.0,0.0005344266271984
159,sequence_53082,55.0,sequence_20044,48.4,0.0005502681806943
