,id_seq1,target_seq1,id_seq2,target_seq2,distance
215,sequence_53082,55.0,sequence_19359,59.3,0.0005775798762214
226,sequence_53082,55.0,sequence_19349,58.9,0.0005902969984196
230,sequence_53082,55.0,sequence_19352,58.5,0.0005767158969348
475,sequence_19402,43.0,sequence_19359,59.3,0.0005543060653974
486,sequence_19402,43.0,sequence_19349,58.9,0.0006058009223383
490,sequence_19402,43.0,sequence_19352,58.5,0.0005875071282227
735,sequence_20054,49.0,sequence_19359,59.3,0.0006517304055088
746,sequence_20054,49.0,sequence_19349,58.9,0.0006741149718598
750,sequence_20054,49.0,sequence_19352,58.5,0.000591032922267
