,id_seq1,target_seq1,id_seq2,target_seq2,distance
223,sequence_53082,55.0,sequence_19472,59.9,0.0006052955364592
483,sequence_19402,43.0,sequence_19472,59.9,0.0004393194622441
743,sequence_20054,49.0,sequence_19472,59.9,0.000501922390883
