,id_seq1,target_seq1,id_seq2,target_seq2,distance
22,sequence_53082,55.0,sequence_53079,47.8,0.0004276846931459
282,sequence_19402,43.0,sequence_53079,47.8,0.0006993283025569
