,id_seq1,target_seq1,id_seq2,target_seq2,distance
202,sequence_53082,55.0,sequence_19361,55.6,0.0004930673902552
462,sequence_19402,43.0,sequence_19361,55.6,0.0006045381829312
722,sequence_20054,49.0,sequence_19361,55.6,0.000657865608693
