,id_seq1,target_seq1,id_seq2,target_seq2,distance
81,sequence_47787,5.0,sequence_47688,90.0,0.061617188130907
15,sequence_47787,5.0,sequence_47710,43.0,0.0607294743609091
