,id_seq1,target_seq1,id_seq2,target_seq2,distance
137,sequence_47787,5.0,sequence_47805,22.0,0.0484406440080377
136,sequence_47787,5.0,sequence_47801,4.0,0.0410707316559409
10,sequence_47787,5.0,sequence_47795,7.0,0.0486090471342197
138,sequence_47787,5.0,sequence_47802,4.0,0.0462184076948212
