,id_seq1,target_seq1,id_seq2,target_seq2,distance
94,sequence_47787,5.0,sequence_47764,118.0,0.0716023026640295
90,sequence_47787,5.0,sequence_47765,118.0,0.0673692418943091
89,sequence_47787,5.0,sequence_47762,127.0,0.0591841065390048
93,sequence_47787,5.0,sequence_47761,120.0,0.0623461993246455
91,sequence_47787,5.0,sequence_47767,105.0,0.0592442952674888
