,id_seq1,target_seq1,id_seq2,target_seq2,distance
20,sequence_47787,5.0,sequence_47803,12.0,0.0532908377222886
100,sequence_47787,5.0,sequence_47712,49.0,0.0570269152061645
43,sequence_47787,5.0,sequence_47804,23.0,0.0543459391284037
45,sequence_47787,5.0,sequence_47799,24.0,0.0558924679090622
55,sequence_47787,5.0,sequence_47798,23.0,0.0540681409434758
44,sequence_47787,5.0,sequence_47800,20.0,0.0547464661968
42,sequence_47787,5.0,sequence_47807,42.0,0.0563234494430561
