,id_seq1,target_seq1,id_seq2,target_seq2,distance
108,sequence_47787,5.0,sequence_47667,86.0,0.0619844509545291
126,sequence_47787,5.0,sequence_47716,84.0,0.0690416391618841
125,sequence_47787,5.0,sequence_47720,80.0,0.071768936466264
123,sequence_47787,5.0,sequence_47718,81.0,0.0688326494565969
