,id_seq1,target_seq1,id_seq2,target_seq2,distance
112,sequence_47787,5.0,sequence_47662,28.0,0.059563846118414
107,sequence_47787,5.0,sequence_47661,52.0,0.0566999640653345
104,sequence_47787,5.0,sequence_47668,48.0,0.0567021364516859
106,sequence_47787,5.0,sequence_47665,50.0,0.0598763517783573
46,sequence_47787,5.0,sequence_47664,32.0,0.0546759448567619
