,id_seq1,target_seq1,id_seq2,target_seq2,distance
143,sequence_47787,5.0,sequence_47791,4.0,0.0079785683787106
9,sequence_47787,5.0,sequence_47772,12.0,0.0171109237188167
140,sequence_47787,5.0,sequence_47728,12.0,0.018283935701345
150,sequence_47787,5.0,sequence_47736,19.0,0.0189622259241034
144,sequence_47787,5.0,sequence_47788,5.0,0.0271520081024001
11,sequence_47787,5.0,sequence_47776,9.0,0.0039919296272812
141,sequence_47787,5.0,sequence_47808,4.0,0.0091553835382504
