,id_seq1,target_seq1,id_seq2,target_seq2,distance
128,sequence_47787,5.0,sequence_47723,69.0,0.0587451240517697
129,sequence_47787,5.0,sequence_47722,75.0,0.0705412809968674
65,sequence_47787,5.0,sequence_47721,40.0,0.0687355303300162
16,sequence_47787,5.0,sequence_47686,22.0,0.0559635746955105
