,id_seq1,target_seq1,id_seq2,target_seq2,distance
75,sequence_47787,5.0,sequence_47694,51.0,0.0653789571902561
76,sequence_47787,5.0,sequence_47691,40.0,0.0621983581105315
103,sequence_47787,5.0,sequence_47669,32.0,0.0650744461318179
80,sequence_47787,5.0,sequence_47698,56.0,0.063469901554837
31,sequence_47787,5.0,sequence_47696,47.0,0.0610236377706803
