,id_seq1,target_seq1,id_seq2,target_seq2,distance
116,sequence_47787,5.0,sequence_47755,100.0,0.0385007722776006
56,sequence_47787,5.0,sequence_47751,34.0,0.0374451082838293
118,sequence_47787,5.0,sequence_47754,70.0,0.0406088957551104
119,sequence_47787,5.0,sequence_47753,74.0,0.048251781212394
