,id_seq1,target_seq1,id_seq2,target_seq2,distance
180,sequence_51016,-4.626935645431157,sequence_32178,-7.97958130655809,66.23494851793163
171,sequence_51016,-4.626935645431157,sequence_32171,-6.784871272007103,59.06870195625493
185,sequence_51016,-4.626935645431157,sequence_32165,-6.872613250606912,63.898274457264925
197,sequence_51016,-4.626935645431157,sequence_32156,-7.327994265882848,63.293276013297145
87,sequence_51016,-4.626935645431157,sequence_32163,-6.436780987668787,64.59218463137242
75,sequence_51016,-4.626935645431157,sequence_32115,-8.287149988801819,61.3312104178456
173,sequence_51016,-4.626935645431157,sequence_32166,-7.342049413024209,59.03559512037985
174,sequence_51016,-4.626935645431157,sequence_32179,-7.381695972507586,61.14335298480363
83,sequence_51016,-4.626935645431157,sequence_32158,-7.7252366227309155,65.15297813066029
86,sequence_51016,-4.626935645431157,sequence_32181,-7.379938210822062,64.55938053049147
193,sequence_51016,-4.626935645431157,sequence_32111,-7.720394486348803,64.53520451335999
