,id_seq1,target_seq1,id_seq2,target_seq2,distance
120,sequence_51016,-4.626935645431157,sequence_51188,-7.477058965090089,0.9969639107576193
118,sequence_51016,-4.626935645431157,sequence_51194,-5.951019832085327,0.9917958865519514
221,sequence_51016,-4.626935645431157,sequence_51126,-6.8444229718282426,0.9720055467364616
28,sequence_51016,-4.626935645431157,sequence_51187,-6.886468446878718,0.9771604318727318
131,sequence_51016,-4.626935645431157,sequence_51190,-8.743963500717465,0.9998908235778602
123,sequence_51016,-4.626935645431157,sequence_51198,-7.041057436612152,0.9847342914459364
367,sequence_51170,-5.599110392902725,sequence_51188,-7.477058965090089,0.3436585652933036
365,sequence_51170,-5.599110392902725,sequence_51194,-5.951019832085327,0.1520391980546611
468,sequence_51170,-5.599110392902725,sequence_51126,-6.8444229718282426,0.3034147574807095
275,sequence_51170,-5.599110392902725,sequence_51187,-6.886468446878718,0.2052833144113799
378,sequence_51170,-5.599110392902725,sequence_51190,-8.743963500717465,0.2903859006184692
370,sequence_51170,-5.599110392902725,sequence_51198,-7.041057436612152,0.2640007610044796
