,id_seq1,target_seq1,id_seq2,target_seq2,distance
81,sequence_47787,5.0,sequence_47688,90.0,0.0060155211042653
35,sequence_47787,5.0,sequence_47689,52.0,0.0056571687334199
6,sequence_47787,5.0,sequence_47784,21.0,0.0048499246695393
