,id_seq1,target_seq1,id_seq2,target_seq2,distance
4,sequence_40826,539,sequence_40807,528,2.0709000000000017
79,sequence_40826,539,sequence_40867,622,1.6803000000000026
77,sequence_40826,539,sequence_40799,597,1.659399999999998
74,sequence_40826,539,sequence_40796,567,1.633499999999998
