,id_seq1,target_seq1,id_seq2,target_seq2,distance
22,sequence_40826,539,sequence_40829,528,0.0427336140842778
31,sequence_40826,539,sequence_40846,483,0.0360931718204895
26,sequence_40826,539,sequence_40851,477,0.0332941465447478
