,id_seq1,target_seq1,id_seq2,target_seq2,distance
20,sequence_40826,539,sequence_40827,525,0.0319959372046464
68,sequence_40826,539,sequence_40830,558,0.0291756311620713
