,id_seq1,target_seq1,id_seq2,target_seq2,distance
6,sequence_47787,5.0,sequence_47784,21.0,0.0730651763838288
142,sequence_47787,5.0,sequence_47792,12.0,0.1064543094477627
