,id_seq1,target_seq1,id_seq2,target_seq2,distance
17,sequence_40826,539,sequence_40816,531,604.6084000000001
13,sequence_40826,539,sequence_40841,528,21.9731
4,sequence_40826,539,sequence_40807,528,8.683099999999996
19,sequence_40826,539,sequence_40818,522,631.3041000000001
42,sequence_40826,539,sequence_40790,523,27.0373
