,id_seq1,target_seq1,id_seq2,target_seq2,distance
27,sequence_40826,539,sequence_40847,486,3.1249621707479465
25,sequence_40826,539,sequence_40815,498,3.1249621707479465
38,sequence_40826,539,sequence_40848,461,3.333661993662166
39,sequence_40826,539,sequence_40849,464,3.4851217621660995
40,sequence_40826,539,sequence_40850,462,3.025032419593984
29,sequence_40826,539,sequence_40852,474,3.0
28,sequence_40826,539,sequence_40858,495,3.1249621707479465
36,sequence_40826,539,sequence_40854,465,3.1249621707479465
31,sequence_40826,539,sequence_40846,483,2.5226850592606342
