,id_seq1,target_seq1,id_seq2,target_seq2,distance
26,sequence_40826,539,sequence_40851,477,2.397722888512688
24,sequence_40826,539,sequence_40856,498,2.2499243414958925
30,sequence_40826,539,sequence_40843,495,2.1249621707479465
