,id_seq1,target_seq1,id_seq2,target_seq2,distance
75,sequence_40826,539,sequence_40795,562,0.0300462650535875
61,sequence_40826,539,sequence_40820,543,0.0437844798054198
74,sequence_40826,539,sequence_40796,567,0.0316757041460198
