,id_seq1,target_seq1,id_seq2,target_seq2,distance
8,sequence_40826,539,sequence_40814,510,0.0144771071317034
9,sequence_40826,539,sequence_40845,495,0.0259175235971311
