,id_seq1,target_seq1,id_seq2,target_seq2,distance
34,sequence_40826,539,sequence_40861,464,0.0607539745170474
36,sequence_40826,539,sequence_40854,465,0.0558569862741945
37,sequence_40826,539,sequence_40853,463,0.0608789589940282
40,sequence_40826,539,sequence_40850,462,0.0559927031013378
35,sequence_40826,539,sequence_40812,464,0.0717767329702682
29,sequence_40826,539,sequence_40852,474,0.0558088266193294
38,sequence_40826,539,sequence_40848,461,0.0554875585274565
39,sequence_40826,539,sequence_40849,464,0.0565987636580692
27,sequence_40826,539,sequence_40847,486,0.0558334712054233
