,id_seq1,target_seq1,id_seq2,target_seq2,distance
30,sequence_40826,539,sequence_40843,495,0.0294810573354112
15,sequence_40826,539,sequence_40844,519,0.0238034253677741
