,id_seq1,target_seq1,id_seq2,target_seq2,distance
22,sequence_40826,539,sequence_40829,528,0.0072952039039357
79,sequence_40826,539,sequence_40867,622,0.0170282118849866
54,sequence_40826,539,sequence_40864,549,0.0072794230540613
53,sequence_40826,539,sequence_40805,564,0.006453681120105
76,sequence_40826,539,sequence_40866,620,0.0159793616893792
55,sequence_40826,539,sequence_40808,543,0.0073205191072764
78,sequence_40826,539,sequence_40788,510,0.0165087855398269
74,sequence_40826,539,sequence_40796,567,0.0175866426585633
21,sequence_40826,539,sequence_40828,519,0.0074020267494788
