,id_seq1,target_seq1,id_seq2,target_seq2,distance
24,sequence_40826,539,sequence_40856,498,3089.5448676338287
28,sequence_40826,539,sequence_40858,495,3121.566964421532
