,id_seq1,target_seq1,id_seq2,target_seq2,distance
13,sequence_40826,539,sequence_40841,528,661.1062755854915
12,sequence_40826,539,sequence_40840,528,354.258475276076
60,sequence_40826,539,sequence_40837,543,1298.0682602972156
46,sequence_40826,539,sequence_40819,532,1410.7476166056813
63,sequence_40826,539,sequence_40822,549,1844.350410940329
56,sequence_40826,539,sequence_40810,549,930.9189237166684
16,sequence_40826,539,sequence_40838,531,818.0384179339986
59,sequence_40826,539,sequence_40836,543,862.5961634834109
