,id_seq1,target_seq1,id_seq2,target_seq2,distance
15,sequence_40826,539,sequence_40844,519,2365.6814482048694
14,sequence_40826,539,sequence_40842,522,1450.1435870236642
