,id_seq1,target_seq1,id_seq2,target_seq2,distance
235,sequence_53082,55.0,sequence_19517,61.6,6.627218312890941
212,sequence_53082,55.0,sequence_19480,62.8,6.397675957930123
231,sequence_53082,55.0,sequence_19482,59.3,6.1173791922816845
184,sequence_53082,55.0,sequence_19365,53.0,5.972404208954676
