,id_seq1,target_seq1,id_seq2,target_seq2,distance
72,sequence_53082,55.0,sequence_19439,49.5,221.26626701019583
145,sequence_53082,55.0,sequence_19469,50.5,222.53300866465415
