,id_seq1,target_seq1,id_seq2,target_seq2,distance
60,sequence_47787,5.0,sequence_47745,83.0,3.054285203830327
62,sequence_47787,5.0,sequence_47748,79.0,2.9385228508803247
22,sequence_47787,5.0,sequence_47757,36.0,2.1763593156303407
