,id_seq1,target_seq1,id_seq2,target_seq2,distance
121,sequence_47787,5.0,sequence_47742,108.0,5.982763489279817
17,sequence_47787,5.0,sequence_47778,26.0,3.915264402432713
97,sequence_47787,5.0,sequence_47687,92.0,5.201004133138071
