,id_seq1,target_seq1,id_seq2,target_seq2,distance
94,sequence_47787,5.0,sequence_47764,118.0,6.370834415076675
90,sequence_47787,5.0,sequence_47765,118.0,6.370834415076675
93,sequence_47787,5.0,sequence_47761,120.0,6.370834415076675
91,sequence_47787,5.0,sequence_47767,105.0,6.370834415076675
95,sequence_47787,5.0,sequence_47763,122.0,6.370834415076675
