,id_seq1,target_seq1,id_seq2,target_seq2,distance
126,sequence_47787,5.0,sequence_47716,84.0,6.362907533154393
123,sequence_47787,5.0,sequence_47718,81.0,6.948307273101722
124,sequence_47787,5.0,sequence_47717,66.0,6.710470808351706
122,sequence_47787,5.0,sequence_47715,101.0,6.9152644024327135
