,id_seq1,target_seq1,id_seq2,target_seq2,distance
55,sequence_47787,5.0,sequence_47798,23.0,3.108860228783237
108,sequence_47787,5.0,sequence_47667,86.0,6.108860228783238
