,id_seq1,target_seq1,id_seq2,target_seq2,distance
16,sequence_47787,5.0,sequence_47686,22.0,2.98788820567854
2,sequence_47787,5.0,sequence_47790,9.0,1.412869560403056
