,id_seq1,target_seq1,id_seq2,target_seq2,distance
37,sequence_47787,5.0,sequence_47697,55.5,3.786403873085399
65,sequence_47787,5.0,sequence_47721,40.0,4.948307273101722
66,sequence_47787,5.0,sequence_47759,36.0,4.948307273101722
38,sequence_47787,5.0,sequence_47678,37.0,3.98788820567854
