,id_seq1,target_seq1,id_seq2,target_seq2,distance
146,sequence_47787,5.0,sequence_47809,10.0,1.362470593313621
26,sequence_47787,5.0,sequence_47760,26.0,2.4555700126439617
150,sequence_47787,5.0,sequence_47736,19.0,2.0
147,sequence_47787,5.0,sequence_47737,27.0,2.362470593313621
148,sequence_47787,5.0,sequence_47810,5.57,1.0
141,sequence_47787,5.0,sequence_47808,4.0,1.0
