,id_seq1,target_seq1,id_seq2,target_seq2,distance
49,sequence_47787,5.0,sequence_47727,45.0,3.9932520065638495
110,sequence_47787,5.0,sequence_47734,110.0,5.99325200656385
54,sequence_47787,5.0,sequence_47797,27.0,3.0822187764193023
99,sequence_47787,5.0,sequence_47690,63.0,4.895264101868636
109,sequence_47787,5.0,sequence_47726,120.0,4.99325200656385
50,sequence_47787,5.0,sequence_47756,37.0,4.060751093410953
