,id_seq1,target_seq1,id_seq2,target_seq2,distance
14,sequence_47787,5.0,sequence_47695,52.0,1.8380965999836767
25,sequence_47787,5.0,sequence_47750,25.0,2.0674990868471035
56,sequence_47787,5.0,sequence_47751,34.0,3.0674990868471035
