,id_seq1,target_seq1,id_seq2,target_seq2,distance
136,sequence_51016,-4.626935645431157,sequence_32142,-5.589646359982146,61795.0077
180,sequence_51016,-4.626935645431157,sequence_32178,-7.97958130655809,62841.2874
171,sequence_51016,-4.626935645431157,sequence_32171,-6.784871272007103,63497.51470000001
72,sequence_51016,-4.626935645431157,sequence_32162,-7.3445848975979535,65391.87790000001
78,sequence_51016,-4.626935645431157,sequence_32113,-9.174039097210208,64232.13120000001
185,sequence_51016,-4.626935645431157,sequence_32165,-6.872613250606912,63612.922900000005
87,sequence_51016,-4.626935645431157,sequence_32163,-6.436780987668787,63671.0564
192,sequence_51016,-4.626935645431157,sequence_32172,-6.702704094610732,62427.39
156,sequence_51016,-4.626935645431157,sequence_32164,-7.229515353903711,65352.536
191,sequence_51016,-4.626935645431157,sequence_32168,-7.637377800222538,60824.43460000001
187,sequence_51016,-4.626935645431157,sequence_32177,-8.394682697575568,62393.5009
179,sequence_51016,-4.626935645431157,sequence_32175,-7.447858237543301,62120.5434
75,sequence_51016,-4.626935645431157,sequence_32115,-8.287149988801819,66551.07930000001
172,sequence_51016,-4.626935645431157,sequence_32170,-8.156613556025587,62348.19570000001
173,sequence_51016,-4.626935645431157,sequence_32166,-7.342049413024209,63441.222400000006
145,sequence_51016,-4.626935645431157,sequence_32140,-8.622125342490829,62389.7314
174,sequence_51016,-4.626935645431157,sequence_32179,-7.381695972507586,63389.54
95,sequence_51016,-4.626935645431157,sequence_32116,-7.723165366142718,62409.05560000001
83,sequence_51016,-4.626935645431157,sequence_32158,-7.7252366227309155,63533.7729
86,sequence_51016,-4.626935645431157,sequence_32181,-7.379938210822062,65303.99680000001
169,sequence_51016,-4.626935645431157,sequence_32169,-6.044258470366566,61216.7929
193,sequence_51016,-4.626935645431157,sequence_32111,-7.720394486348803,63320.038400000005
49,sequence_51016,-4.626935645431157,sequence_32132,-7.1048508816280265,62210.1355
50,sequence_51016,-4.626935645431157,sequence_32167,-8.28781536491833,65825.0461
