,id_seq1,target_seq1,id_seq2,target_seq2,distance
78,sequence_47787,5.0,sequence_47706,77.0,401.8761999999999
77,sequence_47787,5.0,sequence_47701,63.0,546.6984000000002
