,id_seq1,target_seq1,id_seq2,target_seq2,distance
240,sequence_51016,-4.626935645431157,sequence_50985,-4.308443704891928,0.049999774432773
170,sequence_51016,-4.626935645431157,sequence_51000,-7.071213324987105,0.1321754590091625
74,sequence_51016,-4.626935645431157,sequence_50972,-7.588913722504616,0.1121904867292573
