,id_seq1,target_seq1,id_seq2,target_seq2,distance
127,sequence_47787,5.0,sequence_47719,66.0,0.0474349027615742
129,sequence_47787,5.0,sequence_47722,75.0,0.0465490064340797
126,sequence_47787,5.0,sequence_47716,84.0,0.0536852866249217
125,sequence_47787,5.0,sequence_47720,80.0,0.0453385046070114
123,sequence_47787,5.0,sequence_47718,81.0,0.0489800979990853
124,sequence_47787,5.0,sequence_47717,66.0,0.0490867599256663
