,id_seq1,target_seq1,id_seq2,target_seq2,distance
130,sequence_47787,5.0,sequence_47674,38.0,0.0381010498543019
131,sequence_47787,5.0,sequence_47676,56.0,0.0420656629568583
128,sequence_47787,5.0,sequence_47723,69.0,0.0435653532064185
76,sequence_47787,5.0,sequence_47691,40.0,0.0474657771452232
79,sequence_47787,5.0,sequence_47675,57.0,0.0465180610086018
80,sequence_47787,5.0,sequence_47698,56.0,0.0455523874237124
