,id_seq1,target_seq1,id_seq2,target_seq2,distance
75,sequence_47787,5.0,sequence_47694,51.0,0.0423801840486801
81,sequence_47787,5.0,sequence_47688,90.0,0.0490511977427667
35,sequence_47787,5.0,sequence_47689,52.0,0.0404898752776542
31,sequence_47787,5.0,sequence_47696,47.0,0.0424115550292606
