,id_seq1,target_seq1,id_seq2,target_seq2,distance
115,sequence_47787,5.0,sequence_47732,30.0,0.0371222305364319
54,sequence_47787,5.0,sequence_47797,27.0,0.0320231166503199
