,id_seq1,target_seq1,id_seq2,target_seq2,distance
58,sequence_47787,5.0,sequence_47743,63.0,0.0386908257859663
60,sequence_47787,5.0,sequence_47745,83.0,0.0362421025880121
70,sequence_47787,5.0,sequence_47738,55.0,0.0368591915266735
63,sequence_47787,5.0,sequence_47749,81.0,0.0376206060557243
