,id_seq1,target_seq1,id_seq2,target_seq2,distance
2,sequence_47787,5.0,sequence_47790,9.0,0.0260879282427715
144,sequence_47787,5.0,sequence_47788,5.0,0.0202180612324723
