,id_seq1,target_seq1,id_seq2,target_seq2,distance
109,sequence_47787,5.0,sequence_47726,120.0,0.036910567592493
110,sequence_47787,5.0,sequence_47734,110.0,0.0353462869337077
