,id_seq1,target_seq1,id_seq2,target_seq2,distance
47,sequence_47787,5.0,sequence_47666,69.0,741.6614999999997
21,sequence_47787,5.0,sequence_47663,36.0,704.7619999999997
