,id_seq1,target_seq1,id_seq2,target_seq2,distance
143,sequence_47787,5.0,sequence_47791,4.0,187.76469999999995
8,sequence_47787,5.0,sequence_47782,17.0,329.1416999999999
6,sequence_47787,5.0,sequence_47784,21.0,299.6623
135,sequence_47787,5.0,sequence_47793,16.0,225.87
