,id_seq1,target_seq1,id_seq2,target_seq2,distance
27,sequence_47787,5.0,sequence_47773,19.0,858.3587
2,sequence_47787,5.0,sequence_47790,9.0,744.8326999999999
139,sequence_47787,5.0,sequence_47794,18.0,941.2981
1,sequence_47787,5.0,sequence_47789,10.0,736.2336
67,sequence_47787,5.0,sequence_47774,21.0,888.7966000000001
