,id_seq1,target_seq1,id_seq2,target_seq2,distance
145,sequence_47787,5.0,sequence_47729,34.0,160.23039999999992
147,sequence_47787,5.0,sequence_47737,27.0,181.2002
141,sequence_47787,5.0,sequence_47808,4.0,20.969799999999964
140,sequence_47787,5.0,sequence_47728,12.0,122.12509999999996
9,sequence_47787,5.0,sequence_47772,12.0,122.12509999999996
146,sequence_47787,5.0,sequence_47809,10.0,59.07510000000002
150,sequence_47787,5.0,sequence_47736,19.0,143.09489999999994
142,sequence_47787,5.0,sequence_47792,12.0,38.10529999999994
11,sequence_47787,5.0,sequence_47776,9.0,112.5195
