,id_seq1,target_seq1,id_seq2,target_seq2,distance
52,sequence_47787,5.0,sequence_47730,35.0,720.7055
24,sequence_47787,5.0,sequence_47796,20.0,677.0904
137,sequence_47787,5.0,sequence_47805,22.0,630.0301999999999
113,sequence_47787,5.0,sequence_47731,32.0,724.8390999999999
53,sequence_47787,5.0,sequence_47758,22.0,716.3946999999998
