,id_seq1,target_seq1,id_seq2,target_seq2,distance
12,sequence_47787,5.0,sequence_47685,24.0,864.9064999999999
73,sequence_47787,5.0,sequence_47672,76.0,1063.3615999999995
30,sequence_47787,5.0,sequence_47681,44.0,1048.2810999999997
74,sequence_47787,5.0,sequence_47705,71.0,1050.2585
72,sequence_47787,5.0,sequence_47702,69.0,1108.6754999999998
130,sequence_47787,5.0,sequence_47674,38.0,1111.8671999999997
