,id_seq1,target_seq1,id_seq2,target_seq2,distance
34,sequence_47787,5.0,sequence_47700,65.0,818.0320000000002
13,sequence_47787,5.0,sequence_47679,44.0,749.6048999999998
32,sequence_47787,5.0,sequence_47680,73.0,809.5587999999998
33,sequence_47787,5.0,sequence_47673,65.5,818.1552999999999
77,sequence_47787,5.0,sequence_47701,63.0,865.5989
