,id_seq1,target_seq1,id_seq2,target_seq2,distance
29,sequence_47787,5.0,sequence_47771,18.0,523.7507
60,sequence_47787,5.0,sequence_47745,83.0,465.5379
22,sequence_47787,5.0,sequence_47757,36.0,405.6151999999997
63,sequence_47787,5.0,sequence_47749,81.0,474.10000000000014
62,sequence_47787,5.0,sequence_47748,79.0,492.0696
