,id_seq1,target_seq1,id_seq2,target_seq2,distance
83,sequence_47787,5.0,sequence_47708,111.0,0.0060161856772026
36,sequence_47787,5.0,sequence_47683,75.0,0.0054487540388531
85,sequence_47787,5.0,sequence_47677,103.0,0.0059105647766982
82,sequence_47787,5.0,sequence_47704,98.0,0.0062150439556455
84,sequence_47787,5.0,sequence_47709,119.0,0.005797427904393
