,id_seq1,target_seq1,id_seq2,target_seq2,distance
60,sequence_47787,5.0,sequence_47745,83.0,0.0048930363924352
63,sequence_47787,5.0,sequence_47749,81.0,0.0051596160818211
61,sequence_47787,5.0,sequence_47747,72.0,0.0052014165559982
