,id_seq1,target_seq1,id_seq2,target_seq2,distance
72,sequence_47787,5.0,sequence_47702,69.0,0.0055263167938202
79,sequence_47787,5.0,sequence_47675,57.0,0.0059752747252747
74,sequence_47787,5.0,sequence_47705,71.0,0.0050460519033387
77,sequence_47787,5.0,sequence_47701,63.0,0.0058059112304219
