,id_seq1,target_seq1,id_seq2,target_seq2,distance
143,sequence_47787,5.0,sequence_47791,4.0,0.0026938533940452
29,sequence_47787,5.0,sequence_47771,18.0,0.0039395628306827
8,sequence_47787,5.0,sequence_47782,17.0,0.0037878643241984
3,sequence_47787,5.0,sequence_47781,12.0,0.0037105326446706
7,sequence_47787,5.0,sequence_47786,18.0,0.00389691969596
5,sequence_47787,5.0,sequence_47779,11.0,0.0041269938228714
4,sequence_47787,5.0,sequence_47777,11.0,0.0040197590435034
