,id_seq1,target_seq1,id_seq2,target_seq2,distance
90,sequence_47787,5.0,sequence_47765,118.0,0.0053598584951562
92,sequence_47787,5.0,sequence_47812,121.0,0.0052055505518494
91,sequence_47787,5.0,sequence_47767,105.0,0.0054114908313774
