,id_seq1,target_seq1,id_seq2,target_seq2,distance
4,sequence_47787,5.0,sequence_47777,11.0,0.0040197590435034
5,sequence_47787,5.0,sequence_47779,11.0,0.0041269938228714
143,sequence_47787,5.0,sequence_47791,4.0,0.0026938533940452
29,sequence_47787,5.0,sequence_47771,18.0,0.0039395628306827
3,sequence_47787,5.0,sequence_47781,12.0,0.0037105326446706
