,id_seq1,target_seq1,id_seq2,target_seq2,distance
94,sequence_47787,5.0,sequence_47764,118.0,0.0052636199506082
89,sequence_47787,5.0,sequence_47762,127.0,0.0053386147077117
92,sequence_47787,5.0,sequence_47812,121.0,0.0052055505518494
95,sequence_47787,5.0,sequence_47763,122.0,0.0053760670548427
90,sequence_47787,5.0,sequence_47765,118.0,0.0053598584951562
91,sequence_47787,5.0,sequence_47767,105.0,0.0054114908313774
42,sequence_47787,5.0,sequence_47807,42.0,0.0045888021012285
