,id_seq1,target_seq1,id_seq2,target_seq2,distance
18,sequence_47787,5.0,sequence_47780,23.0,0.0039859651266231
45,sequence_47787,5.0,sequence_47799,24.0,0.004767132179574
