,id_seq1,target_seq1,id_seq2,target_seq2,distance
41,sequence_47787,5.0,sequence_47806,73.0,0.0046588681679635
94,sequence_47787,5.0,sequence_47764,118.0,0.0052636199506082
89,sequence_47787,5.0,sequence_47762,127.0,0.0053386147077117
95,sequence_47787,5.0,sequence_47763,122.0,0.0053760670548427
42,sequence_47787,5.0,sequence_47807,42.0,0.0045888021012285
