,id_seq1,target_seq1,id_seq2,target_seq2,distance
43,sequence_47787,5.0,sequence_47804,23.0,0.0050917644004146
139,sequence_47787,5.0,sequence_47794,18.0,0.0049921633535119
44,sequence_47787,5.0,sequence_47800,20.0,0.0052113955850125
19,sequence_47787,5.0,sequence_47785,25.0,0.0047586052877209
67,sequence_47787,5.0,sequence_47774,21.0,0.0049249423514499
68,sequence_47787,5.0,sequence_47770,25.0,0.0048944935039152
