,id_seq1,target_seq1,id_seq2,target_seq2,distance
24,sequence_47787,5.0,sequence_47796,20.0,0.0034383024217027
55,sequence_47787,5.0,sequence_47798,23.0,0.0038222446236559
53,sequence_47787,5.0,sequence_47758,22.0,0.0047009468695663
