,id_seq1,target_seq1,id_seq2,target_seq2,distance
111,sequence_47787,5.0,sequence_47811,24.0,0.0048067928879318
109,sequence_47787,5.0,sequence_47726,120.0,0.005544185478205
50,sequence_47787,5.0,sequence_47756,37.0,0.0054288899409006
51,sequence_47787,5.0,sequence_47775,23.0,0.0046543771763699
49,sequence_47787,5.0,sequence_47727,45.0,0.0049868074886116
23,sequence_47787,5.0,sequence_47783,24.5,0.004366495405347
110,sequence_47787,5.0,sequence_47734,110.0,0.0057492882606445
