,id_seq1,target_seq1,id_seq2,target_seq2,distance
58,sequence_47787,5.0,sequence_47743,63.0,0.0050529336783372
59,sequence_47787,5.0,sequence_47752,67.0,0.0050660263189038
64,sequence_47787,5.0,sequence_47744,69.0,0.0049580909632208
