,id_seq1,target_seq1,id_seq2,target_seq2,distance
7,sequence_47787,5.0,sequence_47786,18.0,0.00389691969596
8,sequence_47787,5.0,sequence_47782,17.0,0.0037878643241984
