,id_seq1,target_seq1,id_seq2,target_seq2,distance
145,sequence_47787,5.0,sequence_47729,34.0,0.0034351006566598
146,sequence_47787,5.0,sequence_47809,10.0,0.0031924968686035
142,sequence_47787,5.0,sequence_47792,12.0,0.0028986614218335
