,id_seq1,target_seq1,id_seq2,target_seq2,distance
107,sequence_47787,5.0,sequence_47661,52.0,0.0052793916674937
46,sequence_47787,5.0,sequence_47664,32.0,0.0048500233816554
