,id_seq1,target_seq1,id_seq2,target_seq2,distance
73,sequence_47787,5.0,sequence_47672,76.0,322.4467
30,sequence_47787,5.0,sequence_47681,44.0,309.02880000000005
74,sequence_47787,5.0,sequence_47705,71.0,342.41920000000005
72,sequence_47787,5.0,sequence_47702,69.0,352.5476
