,id_seq1,target_seq1,id_seq2,target_seq2,distance
143,sequence_47787,5.0,sequence_47791,4.0,20.0626
26,sequence_47787,5.0,sequence_47760,26.0,76.42490000000001
141,sequence_47787,5.0,sequence_47808,4.0,22.777700000000003
11,sequence_47787,5.0,sequence_47776,9.0,10.128400000000006
