,id_seq1,target_seq1,id_seq2,target_seq2,distance
15,sequence_40826,539,sequence_40844,519,109.76670000000011
24,sequence_40826,539,sequence_40856,498,176.23669999999998
28,sequence_40826,539,sequence_40858,495,187.1486
