,id_seq1,target_seq1,id_seq2,target_seq2,distance
78,sequence_51016,-4.626935645431157,sequence_32113,-9.174039097210208,0.1689443295822447
143,sequence_51016,-4.626935645431157,sequence_32109,-8.8749984685552,0.1782619759641501
325,sequence_51170,-5.599110392902725,sequence_32113,-9.174039097210208,0.1755262517349724
390,sequence_51170,-5.599110392902725,sequence_32109,-8.8749984685552,0.1857683595392867
572,sequence_32130,-5.7157882520247325,sequence_32113,-9.174039097210208,0.0963524244451554
637,sequence_32130,-5.7157882520247325,sequence_32109,-8.8749984685552,0.0466836473318365
