,id_seq1,target_seq1,id_seq2,target_seq2,distance
27,sequence_47787,5.0,sequence_47773,19.0,0.0325990797416123
20,sequence_47787,5.0,sequence_47803,12.0,0.0406217921810448
138,sequence_47787,5.0,sequence_47802,4.0,0.034234047379765
68,sequence_47787,5.0,sequence_47770,25.0,0.0411002433082822
