,id_seq1,target_seq1,id_seq2,target_seq2,distance
148,sequence_47787,5.0,sequence_47810,5.57,0.0119691269522885
143,sequence_47787,5.0,sequence_47791,4.0,0.0122914604502475
141,sequence_47787,5.0,sequence_47808,4.0,0.0120420097990327
6,sequence_47787,5.0,sequence_47784,21.0,0.0129015502944413
149,sequence_47787,5.0,sequence_47766,4.19,0.017126587517658
11,sequence_47787,5.0,sequence_47776,9.0,0.0093968079686668
