,id_seq1,target_seq1,id_seq2,target_seq2,distance
133,sequence_47787,5.0,sequence_47739,35.0,0.0445015730059062
120,sequence_47787,5.0,sequence_47740,158.0,0.0534183489074681
121,sequence_47787,5.0,sequence_47742,108.0,0.0468814462234261
122,sequence_47787,5.0,sequence_47715,101.0,0.0449224888001544
