,id_seq1,target_seq1,id_seq2,target_seq2,distance
4,sequence_47787,5.0,sequence_47777,11.0,0.0203906841474237
5,sequence_47787,5.0,sequence_47779,11.0,0.0191833260932508
7,sequence_47787,5.0,sequence_47786,18.0,0.0223696222587687
8,sequence_47787,5.0,sequence_47782,17.0,0.0193473512398984
3,sequence_47787,5.0,sequence_47781,12.0,0.0212134391365473
