,id_seq1,target_seq1,id_seq2,target_seq2,distance
130,sequence_47787,5.0,sequence_47674,38.0,0.0381010498543019
134,sequence_47787,5.0,sequence_47735,55.0,0.0399109007665825
85,sequence_47787,5.0,sequence_47677,103.0,0.044348393432006
132,sequence_47787,5.0,sequence_47711,57.0,0.0423139456916983
