,id_seq1,target_seq1,id_seq2,target_seq2,distance
69,sequence_47787,5.0,sequence_47713,51.0,0.0388793004052284
108,sequence_47787,5.0,sequence_47667,86.0,0.0329510242632911
