,id_seq1,target_seq1,id_seq2,target_seq2,distance
41,sequence_47787,5.0,sequence_47806,73.0,0.0326484302838589
94,sequence_47787,5.0,sequence_47764,118.0,0.0390137155369749
90,sequence_47787,5.0,sequence_47765,118.0,0.0450710550131678
89,sequence_47787,5.0,sequence_47762,127.0,0.0407946074867745
93,sequence_47787,5.0,sequence_47761,120.0,0.037710873763412
92,sequence_47787,5.0,sequence_47812,121.0,0.0415848530116435
91,sequence_47787,5.0,sequence_47767,105.0,0.0352181771248882
95,sequence_47787,5.0,sequence_47763,122.0,0.042408136011855
42,sequence_47787,5.0,sequence_47807,42.0,0.031485393438863
