,id_seq1,target_seq1,id_seq2,target_seq2,distance
82,sequence_47787,5.0,sequence_47704,98.0,0.0452224501768756
87,sequence_47787,5.0,sequence_47703,95.0,0.038871969335242
84,sequence_47787,5.0,sequence_47709,119.0,0.042233991049864
83,sequence_47787,5.0,sequence_47708,111.0,0.0430888616698097
88,sequence_47787,5.0,sequence_47707,79.0,0.0372535904309906
