,id_seq1,target_seq1,id_seq2,target_seq2,distance
55,sequence_47787,5.0,sequence_47798,23.0,0.0220864211677673
24,sequence_47787,5.0,sequence_47796,20.0,0.02030541799619
