,id_seq1,target_seq1,id_seq2,target_seq2,distance
73,sequence_47787,5.0,sequence_47672,76.0,0.0330146936984125
30,sequence_47787,5.0,sequence_47681,44.0,0.035372870960667
32,sequence_47787,5.0,sequence_47680,73.0,0.0355686659856677
78,sequence_47787,5.0,sequence_47706,77.0,0.0364764307464422
77,sequence_47787,5.0,sequence_47701,63.0,0.0390032049965127
74,sequence_47787,5.0,sequence_47705,71.0,0.0340813732117706
72,sequence_47787,5.0,sequence_47702,69.0,0.0373089801522368
34,sequence_47787,5.0,sequence_47700,65.0,0.0317271177386159
