,id_seq1,target_seq1,id_seq2,target_seq2,distance
21,sequence_47787,5.0,sequence_47663,36.0,0.0266722702445817
112,sequence_47787,5.0,sequence_47662,28.0,0.0320505850180616
111,sequence_47787,5.0,sequence_47811,24.0,0.0253181752897004
50,sequence_47787,5.0,sequence_47756,37.0,0.0325659331203636
22,sequence_47787,5.0,sequence_47757,36.0,0.0282481857824533
