,id_seq1,target_seq1,id_seq2,target_seq2,distance
64,sequence_47787,5.0,sequence_47744,69.0,0.0370024323524819
59,sequence_47787,5.0,sequence_47752,67.0,0.0367439790986224
62,sequence_47787,5.0,sequence_47748,79.0,0.0343649530772268
61,sequence_47787,5.0,sequence_47747,72.0,0.0355132369687698
53,sequence_47787,5.0,sequence_47758,22.0,0.0357987429946918
