,id_seq1,target_seq1,id_seq2,target_seq2,distance
21,sequence_47787,5.0,sequence_47663,36.0,0.0266722702445817
111,sequence_47787,5.0,sequence_47811,24.0,0.0253181752897004
22,sequence_47787,5.0,sequence_47757,36.0,0.0282481857824533
46,sequence_47787,5.0,sequence_47664,32.0,0.0310779664714408
50,sequence_47787,5.0,sequence_47756,37.0,0.0325659331203636
