,id_seq1,target_seq1,id_seq2,target_seq2,distance
57,sequence_47787,5.0,sequence_47741,102.0,0.038871969335242
70,sequence_47787,5.0,sequence_47738,55.0,0.0368591915266735
60,sequence_47787,5.0,sequence_47745,83.0,0.0362421025880121
