,id_seq1,target_seq1,id_seq2,target_seq2,distance
140,sequence_47787,5.0,sequence_47728,12.0,0.0130299654642673
150,sequence_47787,5.0,sequence_47736,19.0,0.0174045970938714
49,sequence_47787,5.0,sequence_47727,45.0,0.0281458700345183
23,sequence_47787,5.0,sequence_47783,24.5,0.0187795101107563
