,id_seq1,target_seq1,id_seq2,target_seq2,distance
176,sequence_51016,-4.626935645431157,sequence_50998,-5.944204158002268,2164.5497
201,sequence_51016,-4.626935645431157,sequence_51038,-5.012320997946479,1376.2666000000002
227,sequence_51016,-4.626935645431157,sequence_51049,-5.345308323514202,1603.4486
205,sequence_51016,-4.626935645431157,sequence_51021,-5.061021415988704,918.9488
71,sequence_51016,-4.626935645431157,sequence_50978,-8.571060179872774,2162.6013
177,sequence_51016,-4.626935645431157,sequence_50999,-5.527187128279114,1792.3537
189,sequence_51016,-4.626935645431157,sequence_51001,-8.53182220350879,2129.326
226,sequence_51016,-4.626935645431157,sequence_50964,-5.326405663918352,2360.363
159,sequence_51016,-4.626935645431157,sequence_51010,-5.965483650327768,461.7442
224,sequence_51016,-4.626935645431157,sequence_50971,-6.926741159901643,2071.8423000000003
152,sequence_51016,-4.626935645431157,sequence_51050,-4.353862895527104,761.6574
93,sequence_51016,-4.626935645431157,sequence_51053,-7.141996997362572,2040.1865
65,sequence_51016,-4.626935645431157,sequence_51023,-4.593912239723845,394.0488
69,sequence_51016,-4.626935645431157,sequence_50973,-6.794567628611167,2190.8028000000004
170,sequence_51016,-4.626935645431157,sequence_51000,-7.071213324987105,2206.3063
