,id_seq1,target_seq1,id_seq2,target_seq2,distance
82,sequence_47787,5.0,sequence_47704,98.0,7.472872097158412e-05
84,sequence_47787,5.0,sequence_47709,119.0,6.90643442249339e-05
36,sequence_47787,5.0,sequence_47683,75.0,5.907760088019742e-05
83,sequence_47787,5.0,sequence_47708,111.0,7.102044063722612e-05
