,id_seq1,target_seq1,id_seq2,target_seq2,distance
55,sequence_47787,5.0,sequence_47798,23.0,3.083601794229285e-05
52,sequence_47787,5.0,sequence_47730,35.0,3.669675732986821e-05
22,sequence_47787,5.0,sequence_47757,36.0,3.77439636468635e-05
