,id_seq1,target_seq1,id_seq2,target_seq2,distance
57,sequence_47787,5.0,sequence_47741,102.0,6.105757317009797e-05
69,sequence_47787,5.0,sequence_47713,51.0,5.9200717970608885e-05
13,sequence_47787,5.0,sequence_47679,44.0,4.6759628871129166e-05
33,sequence_47787,5.0,sequence_47673,65.5,5.72944669972042e-05
