,id_seq1,target_seq1,id_seq2,target_seq2,distance
64,sequence_47787,5.0,sequence_47744,69.0,4.851827371077366e-05
60,sequence_47787,5.0,sequence_47745,83.0,4.8721982781607664e-05
63,sequence_47787,5.0,sequence_47749,81.0,5.2918392387635294e-05
58,sequence_47787,5.0,sequence_47743,63.0,5.015341869663015e-05
59,sequence_47787,5.0,sequence_47752,67.0,5.059745232161017e-05
61,sequence_47787,5.0,sequence_47747,72.0,5.2057913087821817e-05
