,id_seq1,target_seq1,id_seq2,target_seq2,distance
144,sequence_47787,5.0,sequence_47788,5.0,1.7780105120213108e-05
2,sequence_47787,5.0,sequence_47790,9.0,2.4694094878374703e-05
27,sequence_47787,5.0,sequence_47773,19.0,2.552976908587468e-05
20,sequence_47787,5.0,sequence_47803,12.0,3.1038672875016715e-05
1,sequence_47787,5.0,sequence_47789,10.0,1.9362992345173247e-05
138,sequence_47787,5.0,sequence_47802,4.0,2.6942123224404924e-05
