,id_seq1,target_seq1,id_seq2,target_seq2,distance
115,sequence_47787,5.0,sequence_47732,30.0,5.796924779366552e-05
54,sequence_47787,5.0,sequence_47797,27.0,4.66913936226776e-05
113,sequence_47787,5.0,sequence_47731,32.0,6.09819638290876e-05
