,id_seq1,target_seq1,id_seq2,target_seq2,distance
47,sequence_47787,5.0,sequence_47666,69.0,5.689956701693255e-05
21,sequence_47787,5.0,sequence_47663,36.0,4.473367519408633e-05
48,sequence_47787,5.0,sequence_47671,36.0,6.018285493136766e-05
