,id_seq1,target_seq1,id_seq2,target_seq2,distance
110,sequence_47787,5.0,sequence_47734,110.0,6.607455903973047e-05
109,sequence_47787,5.0,sequence_47726,120.0,6.331810932180826e-05
50,sequence_47787,5.0,sequence_47756,37.0,6.0564184537259536e-05
