,id_seq1,target_seq1,id_seq2,target_seq2,distance
65,sequence_47787,5.0,sequence_47721,40.0,4.339040030099106e-05
12,sequence_47787,5.0,sequence_47685,24.0,3.526914649409907e-05
16,sequence_47787,5.0,sequence_47686,22.0,3.781710861705534e-05
37,sequence_47787,5.0,sequence_47697,55.5,5.416679196201813e-05
31,sequence_47787,5.0,sequence_47696,47.0,4.937579492236832e-05
66,sequence_47787,5.0,sequence_47759,36.0,5.716519257070729e-05
38,sequence_47787,5.0,sequence_47678,37.0,4.70744250226085e-05
56,sequence_47787,5.0,sequence_47751,34.0,4.979958466522216e-05
