,id_seq1,target_seq1,id_seq2,target_seq2,distance
49,sequence_47787,5.0,sequence_47727,45.0,5.135045858428722e-05
23,sequence_47787,5.0,sequence_47783,24.5,3.957950651634068e-05
111,sequence_47787,5.0,sequence_47811,24.0,4.793570416627979e-05
51,sequence_47787,5.0,sequence_47775,23.0,4.557904915225564e-05
