,id_seq1,target_seq1,id_seq2,target_seq2,distance
93,sequence_47787,5.0,sequence_47761,120.0,5.755524927975042e-05
95,sequence_47787,5.0,sequence_47763,122.0,5.923566611132358e-05
41,sequence_47787,5.0,sequence_47806,73.0,4.419221716400745e-05
42,sequence_47787,5.0,sequence_47807,42.0,4.462280787231876e-05
