,id_seq1,target_seq1,id_seq2,target_seq2,distance
19,sequence_47787,5.0,sequence_47785,25.0,4.5899533980264806e-05
68,sequence_47787,5.0,sequence_47770,25.0,4.736445819342183e-05
43,sequence_47787,5.0,sequence_47804,23.0,5.279079797881892e-05
139,sequence_47787,5.0,sequence_47794,18.0,5.096944350480026e-05
67,sequence_47787,5.0,sequence_47774,21.0,4.908701145200922e-05
44,sequence_47787,5.0,sequence_47800,20.0,5.514288834018721e-05
