,id_seq1,target_seq1,id_seq2,target_seq2,distance
116,sequence_47787,5.0,sequence_47755,100.0,7.619126027735845e-05
118,sequence_47787,5.0,sequence_47754,70.0,7.347893403297778e-05
117,sequence_47787,5.0,sequence_47746,94.0,6.720043928287733e-05
119,sequence_47787,5.0,sequence_47753,74.0,6.796531752606416e-05
