,id_seq1,target_seq1,id_seq2,target_seq2,distance
199,sequence_53082,55.0,sequence_19470,61.0,0.0178959502617306
224,sequence_53082,55.0,sequence_19462,63.2,0.0178426094033681
459,sequence_19402,43.0,sequence_19470,61.0,0.0183230094497445
484,sequence_19402,43.0,sequence_19462,63.2,0.0187367493338023
