,id_seq1,target_seq1,id_seq2,target_seq2,distance
182,sequence_53082,55.0,sequence_20053,54.7,0.0160554481588005
34,sequence_53082,55.0,sequence_20072,48.7,0.0164273098607212
196,sequence_53082,55.0,sequence_20037,57.8,0.0165085485644863
47,sequence_53082,55.0,sequence_20043,46.6,0.0158400926560258
107,sequence_53082,55.0,sequence_20076,55.7,0.0144115262036321
178,sequence_53082,55.0,sequence_20034,52.0,0.0164574415969827
159,sequence_53082,55.0,sequence_20044,48.4,0.0170825726829709
