,id_seq1,target_seq1,id_seq2,target_seq2,distance
29,sequence_53082,55.0,sequence_53059,47.1,0.0169973271091367
177,sequence_53082,55.0,sequence_53073,53.8,0.0165105300491646
167,sequence_53082,55.0,sequence_53076,46.3,0.0172154248395603
14,sequence_53082,55.0,sequence_53078,43.3,0.0167784856090338
206,sequence_53082,55.0,sequence_53060,47.9,0.0166261747368024
