,id_seq1,target_seq1,id_seq2,target_seq2,distance
75,sequence_53082,55.0,sequence_20041,48.5,0.0189204197844604
130,sequence_53082,55.0,sequence_20059,52.3,0.0173775433308214
335,sequence_19402,43.0,sequence_20041,48.5,0.0185820163017264
390,sequence_19402,43.0,sequence_20059,52.3,0.0181032701590938
