,id_seq1,target_seq1,id_seq2,target_seq2,distance
57,sequence_53082,55.0,sequence_20040,47.2,0.0167670832210439
317,sequence_19402,43.0,sequence_20040,47.2,0.0169860913577788
