,id_seq1,target_seq1,id_seq2,target_seq2,distance
235,sequence_53082,55.0,sequence_19517,61.6,0.0149380086812412
215,sequence_53082,55.0,sequence_19359,59.3,0.017594398826536
192,sequence_53082,55.0,sequence_19499,53.3,0.0161408227758437
495,sequence_19402,43.0,sequence_19517,61.6,0.0169001719970686
475,sequence_19402,43.0,sequence_19359,59.3,0.0167674194229203
452,sequence_19402,43.0,sequence_19499,53.3,0.0148481943955363
755,sequence_20054,49.0,sequence_19517,61.6,0.0166642880213927
735,sequence_20054,49.0,sequence_19359,59.3,0.0179530481860038
712,sequence_20054,49.0,sequence_19499,53.3,0.0164695723992942
