,id_seq1,target_seq1,id_seq2,target_seq2,distance
114,sequence_53082,55.0,sequence_19428,49.3,0.0151496531631258
374,sequence_19402,43.0,sequence_19428,49.3,0.0148314708393568
634,sequence_20054,49.0,sequence_19428,49.3,0.0171010506380484
