,id_seq1,target_seq1,id_seq2,target_seq2,distance
156,sequence_53082,55.0,sequence_19514,53.0,0.014981908638625
416,sequence_19402,43.0,sequence_19514,53.0,0.0154216143093341
