,id_seq1,target_seq1,id_seq2,target_seq2,distance
227,sequence_53082,55.0,sequence_19478,60.1,0.0151249212047092
74,sequence_53082,55.0,sequence_19451,51.0,0.0162032625411591
200,sequence_53082,55.0,sequence_19364,57.1,0.0160586532633713
236,sequence_53082,55.0,sequence_19520,58.7,0.0151819589953154
140,sequence_53082,55.0,sequence_19516,51.9,0.0138481682307172
209,sequence_53082,55.0,sequence_19481,63.1,0.0172940018033448
234,sequence_53082,55.0,sequence_19503,60.0,0.0166163370073984
240,sequence_53082,55.0,sequence_19413,58.7,0.0170133252802838
217,sequence_53082,55.0,sequence_19367,61.0,0.0181480565897807
