,id_seq1,target_seq1,id_seq2,target_seq2,distance
171,sequence_53082,55.0,sequence_19524,46.4,0.017141844426261
37,sequence_53082,55.0,sequence_19506,49.3,0.0188426673102158
154,sequence_53082,55.0,sequence_19491,48.8,0.0205946037544011
62,sequence_53082,55.0,sequence_19505,42.4,0.0181948559243673
176,sequence_53082,55.0,sequence_19484,52.0,0.0193179261354504
60,sequence_53082,55.0,sequence_19371,49.0,0.018842395861796
120,sequence_53082,55.0,sequence_19508,49.5,0.0177995573225752
