,id_seq1,target_seq1,id_seq2,target_seq2,distance
214,sequence_53082,55.0,sequence_19464,62.2,0.0175567142109865
229,sequence_53082,55.0,sequence_19460,61.0,0.0152208500643988
149,sequence_53082,55.0,sequence_19466,56.9,0.0158031176064389
198,sequence_53082,55.0,sequence_19458,62.9,0.017583438391613
226,sequence_53082,55.0,sequence_19349,58.9,0.0176673083670779
219,sequence_53082,55.0,sequence_19475,59.1,0.0156404545282947
207,sequence_53082,55.0,sequence_19473,60.6,0.017038755706037
230,sequence_53082,55.0,sequence_19352,58.5,0.0175227796134975
