,id_seq1,target_seq1,id_seq2,target_seq2,distance
197,sequence_53082,55.0,sequence_53058,51.2,0.0138748676764455
457,sequence_19402,43.0,sequence_53058,51.2,0.0189232253950098
717,sequence_20054,49.0,sequence_53058,51.2,0.0164125029066932
