,id_seq1,target_seq1,id_seq2,target_seq2,distance
188,sequence_53082,55.0,sequence_19479,60.8,0.0156348118297312
448,sequence_19402,43.0,sequence_19479,60.8,0.0157556251962168
