,id_seq1,target_seq1,id_seq2,target_seq2,distance
241,sequence_53082,55.0,sequence_53083,51.0,0.0069686015051269
253,sequence_53082,55.0,sequence_53099,53.0,0.0089619798241723
249,sequence_53082,55.0,sequence_53072,47.0,0.0064293144906857
251,sequence_53082,55.0,sequence_53052,55.0,0.0070113204400835
246,sequence_53082,55.0,sequence_53087,52.0,0.0053067321472859
254,sequence_53082,55.0,sequence_53056,52.0,0.0087832214497907
501,sequence_19402,43.0,sequence_53083,51.0,0.0184501008635735
513,sequence_19402,43.0,sequence_53099,53.0,0.0171208284515665
509,sequence_19402,43.0,sequence_53072,47.0,0.0184575453788132
260,sequence_19402,43.0,sequence_53082,55.0,0.0190375462718138
511,sequence_19402,43.0,sequence_53052,55.0,0.0193521817487994
506,sequence_19402,43.0,sequence_53087,52.0,0.0185661573886209
514,sequence_19402,43.0,sequence_53056,52.0,0.0177568698012251
