,id_seq1,target_seq1,id_seq2,target_seq2,distance
72,sequence_53082,55.0,sequence_19439,49.5,0.0145964591644655
123,sequence_53082,55.0,sequence_19442,47.4,0.0150123370955492
231,sequence_53082,55.0,sequence_19482,59.3,0.0148059435341587
25,sequence_53082,55.0,sequence_19425,56.9,0.0134395955084202
