,id_seq1,target_seq1,id_seq2,target_seq2,distance
250,sequence_53082,55.0,sequence_53098,42.0,0.0112533089637515
242,sequence_53082,55.0,sequence_53088,48.0,0.0092305717139334
252,sequence_53082,55.0,sequence_53084,39.0,0.0110795298537562
27,sequence_53082,55.0,sequence_53085,51.2,0.0104031993607309
248,sequence_53082,55.0,sequence_53068,36.0,0.0111889961645285
245,sequence_53082,55.0,sequence_53086,40.0,0.0106530486735096
244,sequence_53082,55.0,sequence_53081,53.0,0.0080488229637537
