,id_seq1,target_seq1,id_seq2,target_seq2,distance
117,sequence_53082,55.0,sequence_19521,53.0,0.1695278969957081
66,sequence_53082,55.0,sequence_20056,56.9,0.242489270386266
32,sequence_53082,55.0,sequence_19369,47.9,0.2939914163090129
176,sequence_53082,55.0,sequence_19484,52.0,0.278969957081545
58,sequence_53082,55.0,sequence_19370,51.7,0.3369098712446352
41,sequence_53082,55.0,sequence_19504,50.6,0.2875536480686695
