,id_seq1,target_seq1,id_seq2,target_seq2,distance
140,sequence_47787,5.0,sequence_47728,12.0,0.6328125
150,sequence_47787,5.0,sequence_47736,19.0,0.6748046875
0,sequence_47787,5.0,sequence_47684,23.0,0.71875
51,sequence_47787,5.0,sequence_47775,23.0,0.7265625
49,sequence_47787,5.0,sequence_47727,45.0,0.7822265625
23,sequence_47787,5.0,sequence_47783,24.5,0.7001953125
