,id_seq1,target_seq1,id_seq2,target_seq2,distance
128,sequence_47787,5.0,sequence_47723,69.0,0.822265625
85,sequence_47787,5.0,sequence_47677,103.0,0.8544921875
132,sequence_47787,5.0,sequence_47711,57.0,0.8349609375
