,id_seq1,target_seq1,id_seq2,target_seq2,distance
58,sequence_47787,5.0,sequence_47743,63.0,0.8212890625
57,sequence_47787,5.0,sequence_47741,102.0,0.822265625
70,sequence_47787,5.0,sequence_47738,55.0,0.818359375
59,sequence_47787,5.0,sequence_47752,67.0,0.8037109375
53,sequence_47787,5.0,sequence_47758,22.0,0.794921875
61,sequence_47787,5.0,sequence_47747,72.0,0.791015625
64,sequence_47787,5.0,sequence_47744,69.0,0.7919921875
