,id_seq1,target_seq1,id_seq2,target_seq2,distance
130,sequence_47787,5.0,sequence_47674,38.0,0.8212890625
131,sequence_47787,5.0,sequence_47676,56.0,0.8388671875
76,sequence_47787,5.0,sequence_47691,40.0,0.8427734375
79,sequence_47787,5.0,sequence_47675,57.0,0.8466796875
80,sequence_47787,5.0,sequence_47698,56.0,0.8447265625
