,id_seq1,target_seq1,id_seq2,target_seq2,distance
145,sequence_47787,5.0,sequence_47729,34.0,0.7763671875
146,sequence_47787,5.0,sequence_47809,10.0,0.7197265625
147,sequence_47787,5.0,sequence_47737,27.0,0.7919921875
135,sequence_47787,5.0,sequence_47793,16.0,0.7412109375
142,sequence_47787,5.0,sequence_47792,12.0,0.716796875
