,id_seq1,target_seq1,id_seq2,target_seq2,distance
93,sequence_47787,5.0,sequence_47761,120.0,0.8330078125
94,sequence_47787,5.0,sequence_47764,118.0,0.861328125
89,sequence_47787,5.0,sequence_47762,127.0,0.8505859375
92,sequence_47787,5.0,sequence_47812,121.0,0.857421875
95,sequence_47787,5.0,sequence_47763,122.0,0.8623046875
90,sequence_47787,5.0,sequence_47765,118.0,0.8662109375
41,sequence_47787,5.0,sequence_47806,73.0,0.8232421875
91,sequence_47787,5.0,sequence_47767,105.0,0.845703125
42,sequence_47787,5.0,sequence_47807,42.0,0.8203125
