,id_seq1,target_seq1,id_seq2,target_seq2,distance
68,sequence_47787,5.0,sequence_47770,25.0,0.7880859375
27,sequence_47787,5.0,sequence_47773,19.0,0.74609375
20,sequence_47787,5.0,sequence_47803,12.0,0.802734375
138,sequence_47787,5.0,sequence_47802,4.0,0.783203125
