,id_seq1,target_seq1,id_seq2,target_seq2,distance
29,sequence_47787,5.0,sequence_47771,18.0,0.7607421875
28,sequence_47787,5.0,sequence_47768,17.0,0.75390625
137,sequence_47787,5.0,sequence_47805,22.0,0.8212890625
