,id_seq1,target_seq1,id_seq2,target_seq2,distance
73,sequence_47787,5.0,sequence_47672,76.0,0.8046875
30,sequence_47787,5.0,sequence_47681,44.0,0.8115234375
32,sequence_47787,5.0,sequence_47680,73.0,0.8173828125
78,sequence_47787,5.0,sequence_47706,77.0,0.8310546875
77,sequence_47787,5.0,sequence_47701,63.0,0.8359375
74,sequence_47787,5.0,sequence_47705,71.0,0.81640625
72,sequence_47787,5.0,sequence_47702,69.0,0.833984375
34,sequence_47787,5.0,sequence_47700,65.0,0.833984375
