,id_seq1,target_seq1,id_seq2,target_seq2,distance
107,sequence_47787,5.0,sequence_47661,52.0,0.798828125
104,sequence_47787,5.0,sequence_47668,48.0,0.7900390625
106,sequence_47787,5.0,sequence_47665,50.0,0.791015625
103,sequence_47787,5.0,sequence_47669,32.0,0.806640625
105,sequence_47787,5.0,sequence_47670,97.0,0.7724609375
56,sequence_47787,5.0,sequence_47751,34.0,0.7822265625
