,id_seq1,target_seq1,id_seq2,target_seq2,distance
37,sequence_47787,5.0,sequence_47697,55.5,0.8515625
99,sequence_47787,5.0,sequence_47690,63.0,0.859375
97,sequence_47787,5.0,sequence_47687,92.0,0.8759765625
66,sequence_47787,5.0,sequence_47759,36.0,0.8427734375
38,sequence_47787,5.0,sequence_47678,37.0,0.8291015625
