,id_seq1,target_seq1,id_seq2,target_seq2,distance
55,sequence_47787,5.0,sequence_47798,23.0,0.7060546875
24,sequence_47787,5.0,sequence_47796,20.0,0.6962890625
136,sequence_47787,5.0,sequence_47801,4.0,0.7421875
26,sequence_47787,5.0,sequence_47760,26.0,0.7568359375
9,sequence_47787,5.0,sequence_47772,12.0,0.6748046875
25,sequence_47787,5.0,sequence_47750,25.0,0.755859375
