,id_seq1,target_seq1,id_seq2,target_seq2,distance
148,sequence_47787,5.0,sequence_47810,5.57,0.54296875
143,sequence_47787,5.0,sequence_47791,4.0,0.623046875
141,sequence_47787,5.0,sequence_47808,4.0,0.5576171875
6,sequence_47787,5.0,sequence_47784,21.0,0.5693359375
149,sequence_47787,5.0,sequence_47766,4.19,0.65625
11,sequence_47787,5.0,sequence_47776,9.0,0.5283203125
