,id_seq1,target_seq1,id_seq2,target_seq2,distance
69,sequence_47787,5.0,sequence_47713,51.0,0.8310546875
108,sequence_47787,5.0,sequence_47667,86.0,0.791015625
48,sequence_47787,5.0,sequence_47671,36.0,0.818359375
