,id_seq1,target_seq1,id_seq2,target_seq2,distance
127,sequence_47787,5.0,sequence_47719,66.0,0.8447265625
129,sequence_47787,5.0,sequence_47722,75.0,0.85546875
125,sequence_47787,5.0,sequence_47720,80.0,0.828125
123,sequence_47787,5.0,sequence_47718,81.0,0.8603515625
124,sequence_47787,5.0,sequence_47717,66.0,0.8564453125
