,id_seq1,target_seq1,id_seq2,target_seq2,distance
180,sequence_51016,-4.626935645431157,sequence_32178,-7.97958130655809,246.120374328959
142,sequence_51016,-4.626935645431157,sequence_32176,-7.495966273349671,245.9123901553636
187,sequence_51016,-4.626935645431157,sequence_32177,-8.394682697575568,248.0980636300897
179,sequence_51016,-4.626935645431157,sequence_32175,-7.447858237543301,243.95480054411263
172,sequence_51016,-4.626935645431157,sequence_32170,-8.156613556025587,245.8298363542048
174,sequence_51016,-4.626935645431157,sequence_32179,-7.381695972507586,248.85738598880903
95,sequence_51016,-4.626935645431157,sequence_32116,-7.723165366142718,248.6558169065384
169,sequence_51016,-4.626935645431157,sequence_32169,-6.044258470366566,242.0246518871237
50,sequence_51016,-4.626935645431157,sequence_32167,-8.28781536491833,241.660329924284
