,id_seq1,target_seq1,id_seq2,target_seq2,distance
19,sequence_53082,55.0,sequence_19417,47.9,0.1270357084046383
78,sequence_53082,55.0,sequence_20051,42.5,0.1498934089452721
186,sequence_53082,55.0,sequence_19528,47.1,0.1135331478925222
38,sequence_53082,55.0,sequence_20064,47.3,0.1132966545353035
137,sequence_53082,55.0,sequence_19418,47.2,0.1161275086591206
132,sequence_53082,55.0,sequence_19373,53.1,0.1244906523990763
175,sequence_53082,55.0,sequence_19493,50.4,0.1134448193892647
150,sequence_53082,55.0,sequence_19494,60.0,0.1276672231129035
