,id_seq1,target_seq1,id_seq2,target_seq2,distance
259,sequence_53082,55.0,sequence_19401,47.4,0.0996076377632027
247,sequence_53082,55.0,sequence_19400,43.0,0.1311202759004968
