,id_seq1,target_seq1,id_seq2,target_seq2,distance
111,sequence_53082,55.0,sequence_19492,58.5,0.1176065151164945
371,sequence_19402,43.0,sequence_19492,58.5,0.0904308068102341
631,sequence_20054,49.0,sequence_19492,58.5,0.0768363886371712
