,id_seq1,target_seq1,id_seq2,target_seq2,distance
81,sequence_47787,5.0,sequence_47688,90.0,744.1894
113,sequence_47787,5.0,sequence_47731,32.0,857.3835
35,sequence_47787,5.0,sequence_47689,52.0,675.4287999999999
53,sequence_47787,5.0,sequence_47758,22.0,845.0725
52,sequence_47787,5.0,sequence_47730,35.0,823.248
62,sequence_47787,5.0,sequence_47748,79.0,660.2388000000001
117,sequence_47787,5.0,sequence_47746,94.0,846.1728
22,sequence_47787,5.0,sequence_47757,36.0,603.2022999999999
119,sequence_47787,5.0,sequence_47753,74.0,1031.0065
