,id_seq1,target_seq1,id_seq2,target_seq2,distance
81,sequence_47787,5.0,sequence_47688,90.0,744.1894
35,sequence_47787,5.0,sequence_47689,52.0,675.4287999999999
117,sequence_47787,5.0,sequence_47746,94.0,846.1728
22,sequence_47787,5.0,sequence_47757,36.0,603.2022999999999
113,sequence_47787,5.0,sequence_47731,32.0,857.3835
62,sequence_47787,5.0,sequence_47748,79.0,660.2388000000001
53,sequence_47787,5.0,sequence_47758,22.0,845.0725
