,id_seq1,target_seq1,id_seq2,target_seq2,distance
105,sequence_51016,-4.626935645431157,sequence_51165,-8.135108482126563,0.9905698790892178
128,sequence_51016,-4.626935645431157,sequence_51128,-7.354080449503878,0.9981377170077
237,sequence_51016,-4.626935645431157,sequence_51139,-6.942655461209572,1.0102418972626437
125,sequence_51016,-4.626935645431157,sequence_51184,-7.972632247347034,1.0105788658018382
352,sequence_51170,-5.599110392902725,sequence_51165,-8.135108482126563,0.049327214395199
375,sequence_51170,-5.599110392902725,sequence_51128,-7.354080449503878,0.186219023903967
484,sequence_51170,-5.599110392902725,sequence_51139,-6.942655461209572,0.1640724164590333
372,sequence_51170,-5.599110392902725,sequence_51184,-7.972632247347034,0.1634340203010625
