,id_seq1,target_seq1,id_seq2,target_seq2,distance
259,sequence_53082,55.0,sequence_19401,47.4,237.91936234061
247,sequence_53082,55.0,sequence_19400,43.0,278.4178481144004
519,sequence_19402,43.0,sequence_19401,47.4,222.12014494698064
507,sequence_19402,43.0,sequence_19400,43.0,118.46605507037069
