,id_seq1,target_seq1,id_seq2,target_seq2,distance
91,sequence_53082,55.0,sequence_19431,50.5,281.0797255935032
10,sequence_53082,55.0,sequence_19453,47.3,288.78126090933984
117,sequence_53082,55.0,sequence_19521,53.0,271.49012384016726
62,sequence_53082,55.0,sequence_19505,42.4,287.6801096802202
162,sequence_53082,55.0,sequence_19395,49.7,275.6897214207885
129,sequence_53082,55.0,sequence_20049,43.9,275.74082216825605
