,id_seq1,target_seq1,id_seq2,target_seq2,distance
111,sequence_53082,55.0,sequence_19492,58.5,259.9530715032909
371,sequence_19402,43.0,sequence_19492,58.5,223.67013572690095
631,sequence_20054,49.0,sequence_19492,58.5,196.99559848263567
