,id_seq1,target_seq1,id_seq2,target_seq2,distance
23,sequence_40826,539,sequence_40831,525,609.4843253938941
11,sequence_40826,539,sequence_40857,522,217.08585455998735
47,sequence_40826,539,sequence_40824,523,138.74226294265932
22,sequence_40826,539,sequence_40829,528,519.6117605158105
54,sequence_40826,539,sequence_40864,549,228.63637678444775
66,sequence_40826,539,sequence_40832,555,82.33990374423584
