,id_seq1,target_seq1,id_seq2,target_seq2,distance
26,sequence_40826,539,sequence_40851,477,1846.349254858636
31,sequence_40826,539,sequence_40846,483,1846.6256866791684
