,id_seq1,target_seq1,id_seq2,target_seq2,distance
12,sequence_51016,-4.626935645431157,sequence_51144,-7.6062267387969245,5124.7349
13,sequence_51016,-4.626935645431157,sequence_51183,-7.546017632580344,5143.8145
5,sequence_51016,-4.626935645431157,sequence_51149,-7.135845590862672,5414.4781
24,sequence_51016,-4.626935645431157,sequence_51192,-5.696734269383801,5357.2195
26,sequence_51016,-4.626935645431157,sequence_51151,-7.50501562302166,5284.2135
111,sequence_51016,-4.626935645431157,sequence_51152,-6.5750272986407685,5323.5576
