,id_seq1,target_seq1,id_seq2,target_seq2,distance
48,sequence_51016,-4.626935645431157,sequence_32129,-8.31556501084656,4915.7951
197,sequence_51016,-4.626935645431157,sequence_32156,-7.327994265882848,5020.1164
84,sequence_51016,-4.626935645431157,sequence_32180,-7.4665305235863535,5628.3783
239,sequence_51016,-4.626935645431157,sequence_32145,-7.251058911469951,5201.2177
199,sequence_51016,-4.626935645431157,sequence_32157,-7.7422371130498195,4973.0368
139,sequence_51016,-4.626935645431157,sequence_32143,-6.164881645817131,5693.5068
149,sequence_51016,-4.626935645431157,sequence_32146,-7.807595902051432,5879.527
135,sequence_51016,-4.626935645431157,sequence_32120,-5.463833086780952,5231.739799999999
