,id_seq1,target_seq1,id_seq2,target_seq2,distance
127,sequence_47787,5.0,sequence_47719,66.0,1573.134687189463
8,sequence_47787,5.0,sequence_47782,17.0,1251.0446853347207
126,sequence_47787,5.0,sequence_47716,84.0,1721.8106396830256
61,sequence_47787,5.0,sequence_47747,72.0,1653.451025462795
