,id_seq1,target_seq1,id_seq2,target_seq2,distance
12,sequence_51016,-4.626935645431157,sequence_51144,-7.6062267387969245,2890.0927
120,sequence_51016,-4.626935645431157,sequence_51188,-7.477058965090089,2657.864
99,sequence_51016,-4.626935645431157,sequence_51189,-4.558817450583756,2344.6027000000004
126,sequence_51016,-4.626935645431157,sequence_51129,-8.402091964503104,3042.9415
28,sequence_51016,-4.626935645431157,sequence_51187,-6.886468446878718,2695.2628
18,sequence_51016,-4.626935645431157,sequence_51171,-5.988608431336485,3080.3676
217,sequence_51016,-4.626935645431157,sequence_51200,-4.040097249792159,2541.9688
259,sequence_51170,-5.599110392902725,sequence_51144,-7.6062267387969245,1108.1911
367,sequence_51170,-5.599110392902725,sequence_51188,-7.477058965090089,2339.8893000000003
346,sequence_51170,-5.599110392902725,sequence_51189,-4.558817450583756,2129.6151
373,sequence_51170,-5.599110392902725,sequence_51129,-8.402091964503104,1354.6836
275,sequence_51170,-5.599110392902725,sequence_51187,-6.886468446878718,1880.8825
265,sequence_51170,-5.599110392902725,sequence_51171,-5.988608431336485,511.5800999999999
464,sequence_51170,-5.599110392902725,sequence_51200,-4.040097249792159,1621.39
