,id_seq1,target_seq1,id_seq2,target_seq2,distance
180,sequence_51016,-4.626935645431157,sequence_32178,-7.97958130655809,2425.0688
72,sequence_51016,-4.626935645431157,sequence_32162,-7.3445848975979535,2180.0536
48,sequence_51016,-4.626935645431157,sequence_32129,-8.31556501084656,2589.1894
34,sequence_51016,-4.626935645431157,sequence_32117,-6.013942880307312,2701.769
174,sequence_51016,-4.626935645431157,sequence_32179,-7.381695972507586,2485.2225
95,sequence_51016,-4.626935645431157,sequence_32116,-7.723165366142718,2268.369
83,sequence_51016,-4.626935645431157,sequence_32158,-7.7252366227309155,2874.2051
