,id_seq1,target_seq1,id_seq2,target_seq2,distance
77,sequence_40826,539,sequence_40799,597,85.00930877227816
73,sequence_40826,539,sequence_40802,560,77.54035583035332
72,sequence_40826,539,sequence_40801,561,87.4116136353747
