,id_seq1,target_seq1,id_seq2,target_seq2,distance
67,sequence_40826,539,sequence_40833,549,48.66493300985658
7,sequence_40826,539,sequence_40813,528,56.748079691385065
16,sequence_40826,539,sequence_40838,531,88.21865522294038
