,id_seq1,target_seq1,id_seq2,target_seq2,distance
12,sequence_47787,5.0,sequence_47685,24.0,7.607102842621671e-05
8,sequence_47787,5.0,sequence_47782,17.0,1.8561357698620995e-05
16,sequence_47787,5.0,sequence_47686,22.0,6.58948759519884e-05
6,sequence_47787,5.0,sequence_47784,21.0,1.58175869745536e-05
135,sequence_47787,5.0,sequence_47793,16.0,2.3825073852901116e-05
51,sequence_47787,5.0,sequence_47775,23.0,2.9132274318222077e-05
13,sequence_47787,5.0,sequence_47679,44.0,0.0001497921292977
23,sequence_47787,5.0,sequence_47783,24.5,2.8332577113210355e-05
