,id_seq1,target_seq1,id_seq2,target_seq2,distance
120,sequence_51016,-4.626935645431157,sequence_51188,-7.477058965090089,73.71189168897864
3,sequence_51016,-4.626935645431157,sequence_51191,-4.187052068679792,68.92518404486322
131,sequence_51016,-4.626935645431157,sequence_51190,-8.743963500717465,70.72936179425224
