,id_seq1,target_seq1,id_seq2,target_seq2,distance
120,sequence_51016,-4.626935645431157,sequence_51188,-7.477058965090089,73.71189168897864
3,sequence_51016,-4.626935645431157,sequence_51191,-4.187052068679792,68.92518404486322
131,sequence_51016,-4.626935645431157,sequence_51190,-8.743963500717465,70.72936179425224
367,sequence_51170,-5.599110392902725,sequence_51188,-7.477058965090089,65.11240045446156
250,sequence_51170,-5.599110392902725,sequence_51191,-4.187052068679792,63.8067523701328
378,sequence_51170,-5.599110392902725,sequence_51190,-8.743963500717465,62.13487335459755
614,sequence_32130,-5.7157882520247325,sequence_51188,-7.477058965090089,77.00106666033867
497,sequence_32130,-5.7157882520247325,sequence_51191,-4.187052068679792,76.95621909150137
625,sequence_32130,-5.7157882520247325,sequence_51190,-8.743963500717465,73.60015143772705
