,id_seq1,target_seq1,id_seq2,target_seq2,distance
52,sequence_47787,5.0,sequence_47730,35.0,0.0036864525635266
8,sequence_47787,5.0,sequence_47782,17.0,0.0023223893686121
126,sequence_47787,5.0,sequence_47716,84.0,0.0035241190807843
103,sequence_47787,5.0,sequence_47669,32.0,0.009121224765991
22,sequence_47787,5.0,sequence_47757,36.0,0.004140155362391
46,sequence_47787,5.0,sequence_47664,32.0,0.0053022453797428
118,sequence_47787,5.0,sequence_47754,70.0,0.0023457784418934
61,sequence_47787,5.0,sequence_47747,72.0,0.0033532825157538
53,sequence_47787,5.0,sequence_47758,22.0,0.0041419005458405
