,id_seq1,target_seq1,id_seq2,target_seq2,distance
96,sequence_47787,5.0,sequence_47699,62.0,0.0026584426250817
84,sequence_47787,5.0,sequence_47709,119.0,0.0039548076181883
121,sequence_47787,5.0,sequence_47742,108.0,0.0037931574099139
