,id_seq1,target_seq1,id_seq2,target_seq2,distance
128,sequence_47787,5.0,sequence_47723,69.0,0.0029059362085449
129,sequence_47787,5.0,sequence_47722,75.0,0.0029171208437243
100,sequence_47787,5.0,sequence_47712,49.0,0.0032255336066814
43,sequence_47787,5.0,sequence_47804,23.0,0.0020547677308062
101,sequence_47787,5.0,sequence_47714,51.0,0.0039369383893888
67,sequence_47787,5.0,sequence_47774,21.0,0.0021309523377387
102,sequence_47787,5.0,sequence_47725,57.0,0.0028298950896561
