,id_seq1,target_seq1,id_seq2,target_seq2,distance
75,sequence_47787,5.0,sequence_47694,51.0,0.004916874155737
143,sequence_47787,5.0,sequence_47791,4.0,0.0003422650843726
2,sequence_47787,5.0,sequence_47790,9.0,0.0012251931217652
12,sequence_47787,5.0,sequence_47685,24.0,0.0008600735366293
