,id_seq1,target_seq1,id_seq2,target_seq2,distance
23,sequence_40826,539,sequence_40831,525,0.002360138033407
44,sequence_40826,539,sequence_40839,538,5.158064213361957e-05
11,sequence_40826,539,sequence_40857,522,0.0002935437210634
22,sequence_40826,539,sequence_40829,528,0.0017154844940495
18,sequence_40826,539,sequence_40817,528,5.165553948005552e-05
66,sequence_40826,539,sequence_40832,555,4.372476395786418e-05
2,sequence_40826,539,sequence_40794,519,1.358576670629219e-05
