,id_seq1,target_seq1,id_seq2,target_seq2,distance
34,sequence_40826,539,sequence_40861,464,0.0273558075525741
36,sequence_40826,539,sequence_40854,465,0.0224760669504811
37,sequence_40826,539,sequence_40853,463,0.026695195712268
40,sequence_40826,539,sequence_40850,462,0.0230549496221895
35,sequence_40826,539,sequence_40812,464,0.0273278785157551
29,sequence_40826,539,sequence_40852,474,0.0224479392140427
38,sequence_40826,539,sequence_40848,461,0.0230536167649675
39,sequence_40826,539,sequence_40849,464,0.022536386505314
27,sequence_40826,539,sequence_40847,486,0.0225221163887033
