,id_seq1,target_seq1,id_seq2,target_seq2,distance
41,sequence_40826,539,sequence_40792,517,0.0103823747586979
0,sequence_40826,539,sequence_40787,510,0.0052763496843818
