,id_seq1,target_seq1,id_seq2,target_seq2,distance
28,sequence_40826,539,sequence_40858,495,0.012039194146567
30,sequence_40826,539,sequence_40843,495,0.011722442106121
