,id_seq1,target_seq1,id_seq2,target_seq2,distance
30,sequence_40826,539,sequence_40843,495,0.011722442106121
15,sequence_40826,539,sequence_40844,519,0.009353004050872
28,sequence_40826,539,sequence_40858,495,0.012039194146567
