,id_seq1,target_seq1,id_seq2,target_seq2,distance
228,sequence_53082,55.0,sequence_19351,60.9,0.2415232696293784
113,sequence_53082,55.0,sequence_19403,50.9,0.2327852318759543
258,sequence_53082,55.0,sequence_19380,48.1,0.2022138857521118
256,sequence_53082,55.0,sequence_19379,50.3,0.1064308363373206
226,sequence_53082,55.0,sequence_19349,58.9,0.1793641272245444
216,sequence_53082,55.0,sequence_19350,60.1,0.2451454512115616
44,sequence_53082,55.0,sequence_19404,51.3,0.242976801859531
243,sequence_53082,55.0,sequence_19381,50.0,0.2566543026138384
