,id_seq1,target_seq1,id_seq2,target_seq2,distance
137,sequence_47787,5.0,sequence_47805,22.0,601.337334948646
24,sequence_47787,5.0,sequence_47796,20.0,674.1859585469501
