,id_seq1,target_seq1,id_seq2,target_seq2,distance
10,sequence_47787,5.0,sequence_47795,7.0,505.3224
29,sequence_47787,5.0,sequence_47771,18.0,480.1210560861188
9,sequence_47787,5.0,sequence_47772,12.0,337.9506
136,sequence_47787,5.0,sequence_47801,4.0,428.8817
28,sequence_47787,5.0,sequence_47768,17.0,420.44974104449153
26,sequence_47787,5.0,sequence_47760,26.0,346.76486417879767
