,id_seq1,target_seq1,id_seq2,target_seq2,distance
79,sequence_47787,5.0,sequence_47675,57.0,665.5062158720984
15,sequence_47787,5.0,sequence_47710,43.0,676.2037794299142
33,sequence_47787,5.0,sequence_47673,65.5,664.6965913238762
14,sequence_47787,5.0,sequence_47695,52.0,670.062001883475
