,id_seq1,target_seq1,id_seq2,target_seq2,distance
144,sequence_47787,5.0,sequence_47788,5.0,473.5061
120,sequence_47787,5.0,sequence_47740,158.0,683.5666681109604
56,sequence_47787,5.0,sequence_47751,34.0,675.372096311041
138,sequence_47787,5.0,sequence_47802,4.0,638.8642573599653
