,id_seq1,target_seq1,id_seq2,target_seq2,distance
77,sequence_47787,5.0,sequence_47701,63.0,674.7822735284398
34,sequence_47787,5.0,sequence_47700,65.0,673.9863725769238
