,id_seq1,target_seq1,id_seq2,target_seq2,distance
69,sequence_47787,5.0,sequence_47713,51.0,609.279148991905
70,sequence_47787,5.0,sequence_47738,55.0,542.6663970086779
60,sequence_47787,5.0,sequence_47745,83.0,785.67861417208
63,sequence_47787,5.0,sequence_47749,81.0,593.442850799839
62,sequence_47787,5.0,sequence_47748,79.0,638.4870477361385
