,id_seq1,target_seq1,id_seq2,target_seq2,distance
101,sequence_47787,5.0,sequence_47714,51.0,1143.0537438153815
43,sequence_47787,5.0,sequence_47804,23.0,1054.5751583450276
67,sequence_47787,5.0,sequence_47774,21.0,1020.9798529079357
100,sequence_47787,5.0,sequence_47712,49.0,1110.595786968999
44,sequence_47787,5.0,sequence_47800,20.0,1009.3803355277188
