,id_seq1,target_seq1,id_seq2,target_seq2,distance
35,sequence_47787,5.0,sequence_47689,52.0,815.2345221577101
48,sequence_47787,5.0,sequence_47671,36.0,789.9420098929035
47,sequence_47787,5.0,sequence_47666,69.0,861.4409814078501
