,id_seq1,target_seq1,id_seq2,target_seq2,distance
133,sequence_47787,5.0,sequence_47739,35.0,1009.9773065877866
134,sequence_47787,5.0,sequence_47735,55.0,1011.0811874491436
132,sequence_47787,5.0,sequence_47711,57.0,1011.750741813007
