,id_seq1,target_seq1,id_seq2,target_seq2,distance
5,sequence_47787,5.0,sequence_47779,11.0,250.13471711064025
141,sequence_47787,5.0,sequence_47808,4.0,75.6917
146,sequence_47787,5.0,sequence_47809,10.0,188.26923413330175
142,sequence_47787,5.0,sequence_47792,12.0,172.3835
11,sequence_47787,5.0,sequence_47776,9.0,17.49369999999999
