,strategy,siluetas,calinski,davies
0,meanshift-2,0.393023166569628,85.44948829847296,1.0300544083789438
1,meanshift-3,0.393023166569628,85.44948829847296,1.0300544083789438
2,meanshift-4,0.393023166569628,85.44948829847296,1.0300544083789438
3,meanshift-5,0.393023166569628,85.44948829847296,1.0300544083789438
4,meanshift-6,0.393023166569628,85.44948829847296,1.0300544083789438
5,meanshift-7,0.393023166569628,85.44948829847296,1.0300544083789438
6,meanshift-8,0.393023166569628,85.44948829847296,1.0300544083789438
7,meanshift-9,0.393023166569628,85.44948829847296,1.0300544083789438
8,meanshift-10,0.393023166569628,85.44948829847296,1.0300544083789438
9,meanshift-11,0.393023166569628,85.44948829847296,1.0300544083789438
10,meanshift-12,0.393023166569628,85.44948829847296,1.0300544083789438
11,meanshift-13,0.393023166569628,85.44948829847296,1.0300544083789438
12,meanshift-14,0.393023166569628,85.44948829847296,1.0300544083789438
13,meanshift-15,0.393023166569628,85.44948829847296,1.0300544083789438
14,meanshift-16,0.393023166569628,85.44948829847296,1.0300544083789438
15,meanshift-17,0.393023166569628,85.44948829847296,1.0300544083789438
16,meanshift-18,0.393023166569628,85.44948829847296,1.0300544083789438
17,meanshift-19,0.393023166569628,85.44948829847296,1.0300544083789438
18,meanshift-20,0.393023166569628,85.44948829847296,1.0300544083789438
19,meanshift-21,0.393023166569628,85.44948829847296,1.0300544083789438
20,meanshift-22,0.393023166569628,85.44948829847296,1.0300544083789438
21,meanshift-23,0.393023166569628,85.44948829847296,1.0300544083789438
22,meanshift-24,0.393023166569628,85.44948829847296,1.0300544083789438
23,meanshift-25,0.393023166569628,85.44948829847296,1.0300544083789438
24,meanshift-26,0.393023166569628,85.44948829847296,1.0300544083789438
25,meanshift-27,0.393023166569628,85.44948829847296,1.0300544083789438
26,meanshift-28,0.393023166569628,85.44948829847296,1.0300544083789438
27,meanshift-29,0.393023166569628,85.44948829847296,1.0300544083789438
