,id_seq1,target_seq1,id_seq2,target_seq2,distance
129,sequence_47787,5.0,sequence_47722,75.0,240.39160000000004
101,sequence_47787,5.0,sequence_47714,51.0,226.83970000000005
123,sequence_47787,5.0,sequence_47718,81.0,240.3916
133,sequence_47787,5.0,sequence_47739,35.0,237.3608
124,sequence_47787,5.0,sequence_47717,66.0,249.4502
