,id_seq1,target_seq1,id_seq2,target_seq2,distance
73,sequence_47787,5.0,sequence_47672,76.0,189.0288
30,sequence_47787,5.0,sequence_47681,44.0,168.78840000000002
74,sequence_47787,5.0,sequence_47705,71.0,174.0524
13,sequence_47787,5.0,sequence_47679,44.0,162.87060000000002
76,sequence_47787,5.0,sequence_47691,40.0,180.6594
80,sequence_47787,5.0,sequence_47698,56.0,180.6594
