,id_seq1,target_seq1,id_seq2,target_seq2,distance
83,sequence_47787,5.0,sequence_47708,111.0,277.6825
131,sequence_47787,5.0,sequence_47676,56.0,253.6475
128,sequence_47787,5.0,sequence_47723,69.0,284.87260000000003
85,sequence_47787,5.0,sequence_47677,103.0,268.62390000000005
82,sequence_47787,5.0,sequence_47704,98.0,268.62390000000005
84,sequence_47787,5.0,sequence_47709,119.0,268.62390000000005
88,sequence_47787,5.0,sequence_47707,79.0,262.7061
87,sequence_47787,5.0,sequence_47703,95.0,253.6475
132,sequence_47787,5.0,sequence_47711,57.0,264.1553
