,id_seq1,target_seq1,id_seq2,target_seq2,distance
115,sequence_47787,5.0,sequence_47732,30.0,278.2742
112,sequence_47787,5.0,sequence_47662,28.0,280.98310000000004
109,sequence_47787,5.0,sequence_47726,120.0,312.88100000000003
50,sequence_47787,5.0,sequence_47756,37.0,286.90090000000004
49,sequence_47787,5.0,sequence_47727,45.0,272.3564
113,sequence_47787,5.0,sequence_47731,32.0,247.3858
110,sequence_47787,5.0,sequence_47734,110.0,316.69090000000006
