,id_seq1,target_seq1,id_seq2,target_seq2,distance
20,sequence_51016,-4.626935645431157,sequence_51131,-7.774340977997347,248.2515070083861
221,sequence_51016,-4.626935645431157,sequence_51126,-6.8444229718282426,253.76384500739408
98,sequence_51016,-4.626935645431157,sequence_51133,-5.587718813645618,255.8383151412484
123,sequence_51016,-4.626935645431157,sequence_51198,-7.041057436612152,251.074800876816
2,sequence_51016,-4.626935645431157,sequence_51136,-5.335352191963125,255.52324808400056
23,sequence_51016,-4.626935645431157,sequence_51202,-6.673839708394163,252.1248528365884
