,id_seq1,target_seq1,id_seq2,target_seq2,distance
180,sequence_51016,-4.626935645431157,sequence_32178,-7.97958130655809,249.3858806138183
142,sequence_51016,-4.626935645431157,sequence_32176,-7.495966273349671,250.16963042996863
179,sequence_51016,-4.626935645431157,sequence_32175,-7.447858237543301,249.6846525998817
173,sequence_51016,-4.626935645431157,sequence_32166,-7.342049413024209,246.80466276865093
174,sequence_51016,-4.626935645431157,sequence_32179,-7.381695972507586,251.90974838745663
95,sequence_51016,-4.626935645431157,sequence_32116,-7.723165366142718,253.24110564816965
50,sequence_51016,-4.626935645431157,sequence_32167,-8.28781536491833,247.68771060833572
427,sequence_51170,-5.599110392902725,sequence_32178,-7.97958130655809,260.3985354682258
389,sequence_51170,-5.599110392902725,sequence_32176,-7.495966273349671,263.03100295304506
426,sequence_51170,-5.599110392902725,sequence_32175,-7.447858237543301,258.98630568049657
420,sequence_51170,-5.599110392902725,sequence_32166,-7.342049413024209,264.3876079909782
421,sequence_51170,-5.599110392902725,sequence_32179,-7.381695972507586,261.98290086711705
342,sequence_51170,-5.599110392902725,sequence_32116,-7.723165366142718,262.8470372789848
297,sequence_51170,-5.599110392902725,sequence_32167,-8.28781536491833,264.2562462117924
674,sequence_32130,-5.7157882520247325,sequence_32178,-7.97958130655809,81.92492602816193
636,sequence_32130,-5.7157882520247325,sequence_32176,-7.495966273349671,26.461585127776125
673,sequence_32130,-5.7157882520247325,sequence_32175,-7.447858237543301,84.57624984766568
667,sequence_32130,-5.7157882520247325,sequence_32166,-7.342049413024209,86.90750759473313
668,sequence_32130,-5.7157882520247325,sequence_32179,-7.381695972507586,87.92122290262355
589,sequence_32130,-5.7157882520247325,sequence_32116,-7.723165366142718,56.85418759697511
544,sequence_32130,-5.7157882520247325,sequence_32167,-8.28781536491833,109.32748204142464
