,id_seq1,target_seq1,id_seq2,target_seq2,distance
101,sequence_47787,5.0,sequence_47714,51.0,0.0018624769851881
69,sequence_47787,5.0,sequence_47713,51.0,0.002107729870804
