,id_seq1,target_seq1,id_seq2,target_seq2,distance
145,sequence_47787,5.0,sequence_47729,34.0,0.0010909456151751
139,sequence_47787,5.0,sequence_47794,18.0,0.0010231136474236
137,sequence_47787,5.0,sequence_47805,22.0,0.00101433171584
7,sequence_47787,5.0,sequence_47786,18.0,0.0009340847863352
135,sequence_47787,5.0,sequence_47793,16.0,0.0010141048415599
142,sequence_47787,5.0,sequence_47792,12.0,0.0007111963211542
