,id_seq1,target_seq1,id_seq2,target_seq2,distance
107,sequence_47787,5.0,sequence_47661,52.0,0.0032343455741981
59,sequence_47787,5.0,sequence_47752,67.0,0.0014175983490047
55,sequence_47787,5.0,sequence_47798,23.0,0.0026972534136177
24,sequence_47787,5.0,sequence_47796,20.0,0.0025151501123835
105,sequence_47787,5.0,sequence_47670,97.0,0.0032708297537685
126,sequence_47787,5.0,sequence_47716,84.0,0.0019628881800274
106,sequence_47787,5.0,sequence_47665,50.0,0.0032579834740128
48,sequence_47787,5.0,sequence_47671,36.0,0.0035874669315685
8,sequence_47787,5.0,sequence_47782,17.0,0.0009340847863352
