,id_seq1,target_seq1,id_seq2,target_seq2,distance
127,sequence_47787,5.0,sequence_47719,66.0,0.01140731317561
68,sequence_47787,5.0,sequence_47770,25.0,0.0101682799428088
63,sequence_47787,5.0,sequence_47749,81.0,0.0101319570460899
64,sequence_47787,5.0,sequence_47744,69.0,0.0103772714616962
