,id_seq1,target_seq1,id_seq2,target_seq2,distance
69,sequence_47787,5.0,sequence_47713,51.0,0.002107729870804
101,sequence_47787,5.0,sequence_47714,51.0,0.0018624769851881
133,sequence_47787,5.0,sequence_47739,35.0,0.0020444302008187
