,id_seq1,target_seq1,id_seq2,target_seq2,distance
125,sequence_47787,5.0,sequence_47720,80.0,0.0120263189086513
61,sequence_47787,5.0,sequence_47747,72.0,0.0112183217514266
