,id_seq1,target_seq1,id_seq2,target_seq2,distance
72,sequence_47787,5.0,sequence_47702,69.0,0.0156809411150766
34,sequence_47787,5.0,sequence_47700,65.0,0.0156712165318791
91,sequence_47787,5.0,sequence_47767,105.0,0.0166525912168369
95,sequence_47787,5.0,sequence_47763,122.0,0.0156877942219197
87,sequence_47787,5.0,sequence_47703,95.0,0.0159096332897852
