,id_seq1,target_seq1,id_seq2,target_seq2,distance
146,sequence_47787,5.0,sequence_47809,10.0,0.0033019366614264
150,sequence_47787,5.0,sequence_47736,19.0,0.0029793772633611
147,sequence_47787,5.0,sequence_47737,27.0,0.003680274810757
141,sequence_47787,5.0,sequence_47808,4.0,0.0026004168805439
