,id_seq1,target_seq1,id_seq2,target_seq2,distance
27,sequence_47787,5.0,sequence_47773,19.0,0.0006266705852451
140,sequence_47787,5.0,sequence_47728,12.0,0.000380378278366
56,sequence_47787,5.0,sequence_47751,34.0,0.0008445953765777
9,sequence_47787,5.0,sequence_47772,12.0,0.000380378278366
65,sequence_47787,5.0,sequence_47721,40.0,0.0010302218491671
29,sequence_47787,5.0,sequence_47771,18.0,0.0004147077915228
25,sequence_47787,5.0,sequence_47750,25.0,0.0008358538190822
66,sequence_47787,5.0,sequence_47759,36.0,0.0010260095549372
