,id_seq1,target_seq1,id_seq2,target_seq2,distance
21,sequence_47787,5.0,sequence_47663,36.0,0.0028464525988881
46,sequence_47787,5.0,sequence_47664,32.0,0.0028553549011743
