,id_seq1,target_seq1,id_seq2,target_seq2,distance
2,sequence_40826,539,sequence_40794,519,87.1036
1,sequence_40826,539,sequence_40789,510,29.08030000000001
78,sequence_40826,539,sequence_40788,510,76.88159999999999
0,sequence_40826,539,sequence_40787,510,217.422
