,id_seq1,target_seq1,id_seq2,target_seq2,distance
26,sequence_40826,539,sequence_40851,477,0.0043967358271107
22,sequence_40826,539,sequence_40829,528,0.0040829492697338
