,id_seq1,target_seq1,id_seq2,target_seq2,distance
23,sequence_47787,5.0,sequence_47783,24.5,127.61400555315235
111,sequence_47787,5.0,sequence_47811,24.0,128.44016853605416
54,sequence_47787,5.0,sequence_47797,27.0,128.6873360035089
51,sequence_47787,5.0,sequence_47775,23.0,132.39578666135867
