,id_seq1,target_seq1,id_seq2,target_seq2,distance
134,sequence_47787,5.0,sequence_47735,55.0,128.51243392613807
91,sequence_47787,5.0,sequence_47767,105.0,100.39835023694364
95,sequence_47787,5.0,sequence_47763,122.0,92.93659381024248
