,id_seq1,target_seq1,id_seq2,target_seq2,distance
146,sequence_47787,5.0,sequence_47809,10.0,93.56289894830108
26,sequence_47787,5.0,sequence_47760,26.0,102.27039865537829
150,sequence_47787,5.0,sequence_47736,19.0,95.99960691987232
147,sequence_47787,5.0,sequence_47737,27.0,101.9620481589596
141,sequence_47787,5.0,sequence_47808,4.0,87.0269
