,id_seq1,target_seq1,id_seq2,target_seq2,distance
130,sequence_47787,5.0,sequence_47674,38.0,93.07193919866504
72,sequence_47787,5.0,sequence_47702,69.0,91.0558195251682
34,sequence_47787,5.0,sequence_47700,65.0,90.86331444846157
79,sequence_47787,5.0,sequence_47675,57.0,104.06833056852598
33,sequence_47787,5.0,sequence_47673,65.5,92.88361270622498
78,sequence_47787,5.0,sequence_47706,77.0,93.04763105141366
77,sequence_47787,5.0,sequence_47701,63.0,92.08927445430332
