,id_seq1,target_seq1,id_seq2,target_seq2,distance
37,sequence_47787,5.0,sequence_47697,55.5,62.395580155408446
0,sequence_47787,5.0,sequence_47684,23.0,50.91960426594064
16,sequence_47787,5.0,sequence_47686,22.0,62.11093166818544
