,id_seq1,target_seq1,id_seq2,target_seq2,distance
145,sequence_47787,5.0,sequence_47729,34.0,53.127939364895376
140,sequence_47787,5.0,sequence_47728,12.0,40.5246
25,sequence_47787,5.0,sequence_47750,25.0,59.12722630540012
56,sequence_47787,5.0,sequence_47751,34.0,59.422632451028285
