,id_seq1,target_seq1,id_seq2,target_seq2,distance
49,sequence_47787,5.0,sequence_47727,45.0,133.89390433653057
115,sequence_47787,5.0,sequence_47732,30.0,134.91728448512444
112,sequence_47787,5.0,sequence_47662,28.0,134.1715229524134
113,sequence_47787,5.0,sequence_47731,32.0,115.0981910844823
110,sequence_47787,5.0,sequence_47734,110.0,139.94404653878635
109,sequence_47787,5.0,sequence_47726,120.0,139.8921757055769
50,sequence_47787,5.0,sequence_47756,37.0,134.6815506991585
