,id_seq1,target_seq1,id_seq2,target_seq2,distance
136,sequence_47787,5.0,sequence_47801,4.0,5.953200000000001
2,sequence_47787,5.0,sequence_47790,9.0,29.86506931182313
