,id_seq1,target_seq1,id_seq2,target_seq2,distance
171,sequence_53082,55.0,sequence_19524,46.4,0.000300605858106
19,sequence_53082,55.0,sequence_19417,47.9,0.0003068300179709
154,sequence_53082,55.0,sequence_19491,48.8,0.0003411228558902
39,sequence_53082,55.0,sequence_19530,45.6,0.0003081184401169
62,sequence_53082,55.0,sequence_19505,42.4,0.0003400902029102
115,sequence_53082,55.0,sequence_19377,50.3,0.0003523325275102
60,sequence_53082,55.0,sequence_19371,49.0,0.0003409995342058
43,sequence_53082,55.0,sequence_19519,50.3,0.0002719231176503
