,id_seq1,target_seq1,id_seq2,target_seq2,distance
49,sequence_47787,5.0,sequence_47727,45.0,0.0577860709860083
23,sequence_47787,5.0,sequence_47783,24.5,0.0476599412504883
110,sequence_47787,5.0,sequence_47734,110.0,0.060681051408162
51,sequence_47787,5.0,sequence_47775,23.0,0.0502147388721678
109,sequence_47787,5.0,sequence_47726,120.0,0.0635735794178682
