,id_seq1,target_seq1,id_seq2,target_seq2,distance
43,sequence_47787,5.0,sequence_47804,23.0,0.0430259224189325
44,sequence_47787,5.0,sequence_47800,20.0,0.0476804991584609
67,sequence_47787,5.0,sequence_47774,21.0,0.0440993197226442
68,sequence_47787,5.0,sequence_47770,25.0,0.0536183737164789
