,id_seq1,target_seq1,id_seq2,target_seq2,distance
87,sequence_47787,5.0,sequence_47703,95.0,0.0748292723471236
78,sequence_47787,5.0,sequence_47706,77.0,0.0690751040534865
77,sequence_47787,5.0,sequence_47701,63.0,0.0785038215630296
88,sequence_47787,5.0,sequence_47707,79.0,0.0692815271194277
74,sequence_47787,5.0,sequence_47705,71.0,0.071476639540482
72,sequence_47787,5.0,sequence_47702,69.0,0.0733967301723993
