,id_seq1,target_seq1,id_seq2,target_seq2,distance
128,sequence_47787,5.0,sequence_47723,69.0,0.0663003016584389
100,sequence_47787,5.0,sequence_47712,49.0,0.0615782429109503
101,sequence_47787,5.0,sequence_47714,51.0,0.0606013201176344
102,sequence_47787,5.0,sequence_47725,57.0,0.0643575170434658
