,id_seq1,target_seq1,id_seq2,target_seq2,distance
145,sequence_47787,5.0,sequence_47729,34.0,0.0485374082538406
8,sequence_47787,5.0,sequence_47782,17.0,0.0441079357939135
146,sequence_47787,5.0,sequence_47809,10.0,0.0476766190076435
137,sequence_47787,5.0,sequence_47805,22.0,0.0549307746167847
135,sequence_47787,5.0,sequence_47793,16.0,0.047980933713299
