,id_seq1,target_seq1,id_seq2,target_seq2,distance
33,sequence_47787,5.0,sequence_47673,65.5,0.0791063840660157
73,sequence_47787,5.0,sequence_47672,76.0,0.0864367977194898
13,sequence_47787,5.0,sequence_47679,44.0,0.0744573032012306
