,id_seq1,target_seq1,id_seq2,target_seq2,distance
69,sequence_47787,5.0,sequence_47713,51.0,0.0740059457070849
48,sequence_47787,5.0,sequence_47671,36.0,0.0677030279972764
57,sequence_47787,5.0,sequence_47741,102.0,0.0841414879830396
70,sequence_47787,5.0,sequence_47738,55.0,0.0759411614343631
