,id_seq1,target_seq1,id_seq2,target_seq2,distance
10,sequence_47787,5.0,sequence_47795,7.0,0.0285664138456334
9,sequence_47787,5.0,sequence_47772,12.0,0.0161449682563949
136,sequence_47787,5.0,sequence_47801,4.0,0.0198627792617246
140,sequence_47787,5.0,sequence_47728,12.0,0.0223810187435693
11,sequence_47787,5.0,sequence_47776,9.0,0.0131529464379659
