,id_seq1,target_seq1,id_seq2,target_seq2,distance
125,sequence_47787,5.0,sequence_47720,80.0,0.063774132687164
123,sequence_47787,5.0,sequence_47718,81.0,0.073676115532783
124,sequence_47787,5.0,sequence_47717,66.0,0.0746568817993358
