,id_seq1,target_seq1,id_seq2,target_seq2,distance
69,sequence_47787,5.0,sequence_47713,51.0,176.1632573195103
79,sequence_47787,5.0,sequence_47675,57.0,149.79852057356908
