,id_seq1,target_seq1,id_seq2,target_seq2,distance
111,sequence_47787,5.0,sequence_47811,24.0,127.2617389462363
109,sequence_47787,5.0,sequence_47726,120.0,132.10588324423708
50,sequence_47787,5.0,sequence_47756,37.0,134.4969745126633
51,sequence_47787,5.0,sequence_47775,23.0,117.33190941691863
49,sequence_47787,5.0,sequence_47727,45.0,124.73202649800892
23,sequence_47787,5.0,sequence_47783,24.5,116.89393688664951
110,sequence_47787,5.0,sequence_47734,110.0,140.62779998901357
