,id_seq1,target_seq1,id_seq2,target_seq2,distance
73,sequence_47787,5.0,sequence_47672,76.0,152.2194088474594
30,sequence_47787,5.0,sequence_47681,44.0,151.6268722537664
74,sequence_47787,5.0,sequence_47705,71.0,155.25986990082146
72,sequence_47787,5.0,sequence_47702,69.0,155.58988298787298
