,id_seq1,target_seq1,id_seq2,target_seq2,distance
131,sequence_47787,5.0,sequence_47676,56.0,176.45103140296462
85,sequence_47787,5.0,sequence_47677,103.0,182.9626356880552
