,id_seq1,target_seq1,id_seq2,target_seq2,distance
55,sequence_47787,5.0,sequence_47798,23.0,151.70133797659796
43,sequence_47787,5.0,sequence_47804,23.0,154.3000023470188
