,id_seq1,target_seq1,id_seq2,target_seq2,distance
24,sequence_47787,5.0,sequence_47796,20.0,115.14519165666452
113,sequence_47787,5.0,sequence_47731,32.0,123.795660926585
53,sequence_47787,5.0,sequence_47758,22.0,132.97991891202972
52,sequence_47787,5.0,sequence_47730,35.0,123.09468353706428
