,id_seq1,target_seq1,id_seq2,target_seq2,distance
145,sequence_47787,5.0,sequence_47729,34.0,86.33674746247974
146,sequence_47787,5.0,sequence_47809,10.0,77.9677601720737
147,sequence_47787,5.0,sequence_47737,27.0,89.29085944087447
7,sequence_47787,5.0,sequence_47786,18.0,52.86307065352901
135,sequence_47787,5.0,sequence_47793,16.0,77.2182357200681
142,sequence_47787,5.0,sequence_47792,12.0,74.5664
