,id_seq1,target_seq1,id_seq2,target_seq2,distance
45,sequence_47787,5.0,sequence_47799,24.0,160.52496247132407
20,sequence_47787,5.0,sequence_47803,12.0,148.88912126938624
42,sequence_47787,5.0,sequence_47807,42.0,159.4850171694194
100,sequence_47787,5.0,sequence_47712,49.0,163.27460377404074
44,sequence_47787,5.0,sequence_47800,20.0,156.9840602694745
