,id_seq1,target_seq1,id_seq2,target_seq2,distance
21,sequence_47787,5.0,sequence_47663,36.0,3.817218791918285
81,sequence_47787,5.0,sequence_47688,90.0,4.514205574405247
22,sequence_47787,5.0,sequence_47757,36.0,3.817218791918285
99,sequence_47787,5.0,sequence_47690,63.0,4.6704284051593135
