,id_seq1,target_seq1,id_seq2,target_seq2,distance
55,sequence_47787,5.0,sequence_47798,23.0,3.817218791918285
81,sequence_47787,5.0,sequence_47688,90.0,4.514205574405247
23,sequence_47787,5.0,sequence_47783,24.5,3.817218791918285
114,sequence_47787,5.0,sequence_47733,25.0,4.419359204775544
54,sequence_47787,5.0,sequence_47797,27.0,3.817218791918285
35,sequence_47787,5.0,sequence_47689,52.0,3.5142055744052465
52,sequence_47787,5.0,sequence_47730,35.0,3.817218791918285
