,id_seq1,target_seq1,id_seq2,target_seq2,distance
42,sequence_40826,539,sequence_40790,523,0.0005191512326123
41,sequence_40826,539,sequence_40792,517,0.0005158056332649
2,sequence_40826,539,sequence_40794,519,0.0007911218176516
