,id_seq1,target_seq1,id_seq2,target_seq2,distance
28,sequence_40826,539,sequence_40858,495,0.0004280562654087
1,sequence_40826,539,sequence_40789,510,0.0008213690371299
32,sequence_40826,539,sequence_40791,454,0.0013249830762946
33,sequence_40826,539,sequence_40793,456,0.0013385284689315
78,sequence_40826,539,sequence_40788,510,0.0014297746290669
0,sequence_40826,539,sequence_40787,510,0.0007991702897693
