,id_seq1,target_seq1,id_seq2,target_seq2,distance
4,sequence_40826,539,sequence_40807,528,0.0008533871767522
79,sequence_40826,539,sequence_40867,622,0.0008345401963001
77,sequence_40826,539,sequence_40799,597,0.0007359290045929
74,sequence_40826,539,sequence_40796,567,0.0008732192676229
