,id_seq1,target_seq1,id_seq2,target_seq2,distance
79,sequence_40826,539,sequence_40867,622,0.0008345401963001
9,sequence_40826,539,sequence_40845,495,0.0003147943960165
77,sequence_40826,539,sequence_40799,597,0.0007359290045929
74,sequence_40826,539,sequence_40796,567,0.0008732192676229
