,id_seq1,target_seq1,id_seq2,target_seq2,distance
59,sequence_47787,5.0,sequence_47752,67.0,0.000893035120106
116,sequence_47787,5.0,sequence_47755,100.0,0.0011381216498218
68,sequence_47787,5.0,sequence_47770,25.0,0.001068378550055
76,sequence_47787,5.0,sequence_47691,40.0,0.0015159076990324
86,sequence_47787,5.0,sequence_47692,87.5,0.0013619011004816
123,sequence_47787,5.0,sequence_47718,81.0,0.0014888440812717
64,sequence_47787,5.0,sequence_47744,69.0,0.0015300296863279
