,id_seq1,target_seq1,id_seq2,target_seq2,distance
126,sequence_47787,5.0,sequence_47716,84.0,0.0017629088362494
97,sequence_47787,5.0,sequence_47687,92.0,0.0017312978210504
118,sequence_47787,5.0,sequence_47754,70.0,0.0011420859036079
8,sequence_47787,5.0,sequence_47782,17.0,0.0012324688439812
61,sequence_47787,5.0,sequence_47747,72.0,0.0016977613138963
