,id_seq1,target_seq1,id_seq2,target_seq2,distance
12,sequence_47787,5.0,sequence_47685,24.0,0.0004413391132428
138,sequence_47787,5.0,sequence_47802,4.0,0.0002840239990713
31,sequence_47787,5.0,sequence_47696,47.0,0.0006126521949968
2,sequence_47787,5.0,sequence_47790,9.0,0.0005704012472962
144,sequence_47787,5.0,sequence_47788,5.0,0.0001158791855014
