,id_seq1,target_seq1,id_seq2,target_seq2,distance
8,sequence_47787,5.0,sequence_47782,17.0,0.0012324688439812
48,sequence_47787,5.0,sequence_47671,36.0,0.0035032953336108
105,sequence_47787,5.0,sequence_47670,97.0,0.0030496869268857
