,id_seq1,target_seq1,id_seq2,target_seq2,distance
35,sequence_47787,5.0,sequence_47689,52.0,0.0022134195325361
105,sequence_47787,5.0,sequence_47670,97.0,0.0030496869268857
99,sequence_47787,5.0,sequence_47690,63.0,0.0022134360840037
48,sequence_47787,5.0,sequence_47671,36.0,0.0035032953336108
