,id_seq1,target_seq1,id_seq2,target_seq2,distance
148,sequence_47787,5.0,sequence_47810,5.57,4.012451325530186e-06
27,sequence_47787,5.0,sequence_47773,19.0,0.0002114789304812
1,sequence_47787,5.0,sequence_47789,10.0,2.3438298983879946e-06
11,sequence_47787,5.0,sequence_47776,9.0,0.0002735557133237
