,id_seq1,target_seq1,id_seq2,target_seq2,distance
40,sequence_47787,5.0,sequence_47724,48.0,0.0190760682665659
36,sequence_47787,5.0,sequence_47683,75.0,0.021288200418155
12,sequence_47787,5.0,sequence_47685,24.0,0.0145789722466067
39,sequence_47787,5.0,sequence_47682,53.0,0.0200598358556931
16,sequence_47787,5.0,sequence_47686,22.0,0.0175148822565748
