,id_seq1,target_seq1,id_seq2,target_seq2,distance
58,sequence_47787,5.0,sequence_47743,63.0,0.0206070525219461
60,sequence_47787,5.0,sequence_47745,83.0,0.0189280100065921
53,sequence_47787,5.0,sequence_47758,22.0,0.0182760381960065
63,sequence_47787,5.0,sequence_47749,81.0,0.0199664015521536
