,id_seq1,target_seq1,id_seq2,target_seq2,distance
47,sequence_47787,5.0,sequence_47666,69.0,0.0154872350511275
69,sequence_47787,5.0,sequence_47713,51.0,0.0204337088534794
48,sequence_47787,5.0,sequence_47671,36.0,0.0191814385402072
108,sequence_47787,5.0,sequence_47667,86.0,0.0165263781861292
