,id_seq1,target_seq1,id_seq2,target_seq2,distance
37,sequence_47787,5.0,sequence_47697,55.5,0.0236288968461087
66,sequence_47787,5.0,sequence_47759,36.0,0.0244575577531031
38,sequence_47787,5.0,sequence_47678,37.0,0.0204741197545399
99,sequence_47787,5.0,sequence_47690,63.0,0.0262663722333664
97,sequence_47787,5.0,sequence_47687,92.0,0.0281718604745159
