,id_seq1,target_seq1,id_seq2,target_seq2,distance
72,sequence_47787,5.0,sequence_47702,69.0,0.019457825635213
34,sequence_47787,5.0,sequence_47700,65.0,0.0167296859847064
30,sequence_47787,5.0,sequence_47681,44.0,0.0183437942903421
73,sequence_47787,5.0,sequence_47672,76.0,0.0170701480088204
32,sequence_47787,5.0,sequence_47680,73.0,0.0184985807967113
78,sequence_47787,5.0,sequence_47706,77.0,0.0190784433502191
74,sequence_47787,5.0,sequence_47705,71.0,0.0174752956423133
77,sequence_47787,5.0,sequence_47701,63.0,0.0202004865391947
