,id_seq1,target_seq1,id_seq2,target_seq2,distance
130,sequence_47787,5.0,sequence_47674,38.0,0.0198875436907958
131,sequence_47787,5.0,sequence_47676,56.0,0.0215769593956562
76,sequence_47787,5.0,sequence_47691,40.0,0.024138489354238
79,sequence_47787,5.0,sequence_47675,57.0,0.0234194961147457
80,sequence_47787,5.0,sequence_47698,56.0,0.0232446761866859
