,id_seq1,target_seq1,id_seq2,target_seq2,distance
83,sequence_47787,5.0,sequence_47708,111.0,0.0222686034572722
82,sequence_47787,5.0,sequence_47704,98.0,0.0235559010914671
84,sequence_47787,5.0,sequence_47709,119.0,0.0215220020278987
88,sequence_47787,5.0,sequence_47707,79.0,0.0195631887290159
87,sequence_47787,5.0,sequence_47703,95.0,0.0206160219598861
