,id_seq1,target_seq1,id_seq2,target_seq2,distance
127,sequence_47787,5.0,sequence_47719,66.0,0.0236975452862821
126,sequence_47787,5.0,sequence_47716,84.0,0.0261285222603143
129,sequence_47787,5.0,sequence_47722,75.0,0.0234988353396055
125,sequence_47787,5.0,sequence_47720,80.0,0.0222411163744821
123,sequence_47787,5.0,sequence_47718,81.0,0.0243874486380444
124,sequence_47787,5.0,sequence_47717,66.0,0.0246536191782576
