,id_seq1,target_seq1,id_seq2,target_seq2,distance
146,sequence_47787,5.0,sequence_47809,10.0,0.0112123857277224
135,sequence_47787,5.0,sequence_47793,16.0,0.0111883146523304
142,sequence_47787,5.0,sequence_47792,12.0,0.0099536308937974
