,id_seq1,target_seq1,id_seq2,target_seq2,distance
21,sequence_47787,5.0,sequence_47663,36.0,0.0138806661907838
111,sequence_47787,5.0,sequence_47811,24.0,0.0123962327364776
22,sequence_47787,5.0,sequence_47757,36.0,0.0145998240985048
