,id_seq1,target_seq1,id_seq2,target_seq2,distance
128,sequence_47787,5.0,sequence_47723,69.0,0.0216275635103147
85,sequence_47787,5.0,sequence_47677,103.0,0.0225241619151603
132,sequence_47787,5.0,sequence_47711,57.0,0.0213644506067261
134,sequence_47787,5.0,sequence_47735,55.0,0.0202107480136898
