,id_seq1,target_seq1,id_seq2,target_seq2,distance
45,sequence_47787,5.0,sequence_47799,24.0,0.0194047325817978
43,sequence_47787,5.0,sequence_47804,23.0,0.0203589019205938
44,sequence_47787,5.0,sequence_47800,20.0,0.0209092471929428
