,id_seq1,target_seq1,id_seq2,target_seq2,distance
148,sequence_47787,5.0,sequence_47810,5.57,0.0048207454551609
143,sequence_47787,5.0,sequence_47791,4.0,0.0060091355100659
141,sequence_47787,5.0,sequence_47808,4.0,0.0051918055494406
6,sequence_47787,5.0,sequence_47784,21.0,0.0057843379488446
149,sequence_47787,5.0,sequence_47766,4.19,0.0081502792350651
11,sequence_47787,5.0,sequence_47776,9.0,0.0045815371497018
