,id_seq1,target_seq1,id_seq2,target_seq2,distance
145,sequence_47787,5.0,sequence_47729,34.0,0.0143434240995216
146,sequence_47787,5.0,sequence_47809,10.0,0.0112123857277224
147,sequence_47787,5.0,sequence_47737,27.0,0.0153241543982115
142,sequence_47787,5.0,sequence_47792,12.0,0.0099536308937974
