,id_seq1,target_seq1,id_seq2,target_seq2,distance
101,sequence_47787,5.0,sequence_47714,51.0,0.0271018593371059
102,sequence_47787,5.0,sequence_47725,57.0,0.0240141787096969
98,sequence_47787,5.0,sequence_47693,64.0,0.0248116476995254
96,sequence_47787,5.0,sequence_47699,62.0,0.0250058944390178
86,sequence_47787,5.0,sequence_47692,87.5,0.0262943375888436
100,sequence_47787,5.0,sequence_47712,49.0,0.0254406032162097
