,id_seq1,target_seq1,id_seq2,target_seq2,distance
107,sequence_47787,5.0,sequence_47661,52.0,82.57000000000001
126,sequence_47787,5.0,sequence_47716,84.0,45.6107
106,sequence_47787,5.0,sequence_47665,50.0,82.57000000000001
