,id_seq1,target_seq1,id_seq2,target_seq2,distance
126,sequence_47787,5.0,sequence_47716,84.0,1421.3926199625666
97,sequence_47787,5.0,sequence_47687,92.0,1407.5333330156484
118,sequence_47787,5.0,sequence_47754,70.0,1141.8685118086803
8,sequence_47787,5.0,sequence_47782,17.0,1186.9969592424152
