,id_seq1,target_seq1,id_seq2,target_seq2,distance
93,sequence_51016,-4.626935645431157,sequence_51053,-7.141996997362572,0.994140625
