,id_seq1,target_seq1,id_seq2,target_seq2,distance
10,sequence_47787,5.0,sequence_47795,7.0,0.9953125
143,sequence_47787,5.0,sequence_47791,4.0,0.99140625
9,sequence_47787,5.0,sequence_47772,12.0,0.9921875
136,sequence_47787,5.0,sequence_47801,4.0,0.99296875
138,sequence_47787,5.0,sequence_47802,4.0,0.9984375
11,sequence_47787,5.0,sequence_47776,9.0,0.99296875
