,id_seq1,target_seq1,id_seq2,target_seq2,distance
64,sequence_47787,5.0,sequence_47744,69.0,0.99921875
150,sequence_47787,5.0,sequence_47736,19.0,0.996875
60,sequence_47787,5.0,sequence_47745,83.0,0.99765625
22,sequence_47787,5.0,sequence_47757,36.0,0.9984375
58,sequence_47787,5.0,sequence_47743,63.0,0.99921875
59,sequence_47787,5.0,sequence_47752,67.0,0.9984375
62,sequence_47787,5.0,sequence_47748,79.0,0.99765625
61,sequence_47787,5.0,sequence_47747,72.0,0.99609375
