,id_seq1,target_seq1,id_seq2,target_seq2,distance
27,sequence_47787,5.0,sequence_47773,19.0,0.99609375
20,sequence_47787,5.0,sequence_47803,12.0,0.9984375
2,sequence_47787,5.0,sequence_47790,9.0,0.9984375
1,sequence_47787,5.0,sequence_47789,10.0,0.99765625
68,sequence_47787,5.0,sequence_47770,25.0,0.99609375
