,id_seq1,target_seq1,id_seq2,target_seq2,distance
60,sequence_47787,5.0,sequence_47745,83.0,0.99765625
62,sequence_47787,5.0,sequence_47748,79.0,0.99765625
61,sequence_47787,5.0,sequence_47747,72.0,0.99609375
25,sequence_47787,5.0,sequence_47750,25.0,0.9984375
