,id_seq1,target_seq1,id_seq2,target_seq2,distance
34,sequence_47787,5.0,sequence_47700,65.0,0.0574817137668047
13,sequence_47787,5.0,sequence_47679,44.0,0.0483446098254586
0,sequence_47787,5.0,sequence_47684,23.0,0.0437634234946133
32,sequence_47787,5.0,sequence_47680,73.0,0.0485390567807896
78,sequence_47787,5.0,sequence_47706,77.0,0.0497355210075262
77,sequence_47787,5.0,sequence_47701,63.0,0.0575735870437638
