,id_seq1,target_seq1,id_seq2,target_seq2,distance
127,sequence_47787,5.0,sequence_47719,66.0,0.0859924563928671
37,sequence_47787,5.0,sequence_47697,55.5,0.0873660811661059
65,sequence_47787,5.0,sequence_47721,40.0,0.0865755745632889
38,sequence_47787,5.0,sequence_47678,37.0,0.0852690731414465
124,sequence_47787,5.0,sequence_47717,66.0,0.0901079802154343
122,sequence_47787,5.0,sequence_47715,101.0,0.0898941467916014
