,id_seq1,target_seq1,id_seq2,target_seq2,distance
55,sequence_47787,5.0,sequence_47798,23.0,0.0727463344823085
108,sequence_47787,5.0,sequence_47667,86.0,0.085256768916867
