,id_seq1,target_seq1,id_seq2,target_seq2,distance
115,sequence_47787,5.0,sequence_47732,30.0,0.0732059041261678
54,sequence_47787,5.0,sequence_47797,27.0,0.0674342265395483
109,sequence_47787,5.0,sequence_47726,120.0,0.0673403330461157
