,id_seq1,target_seq1,id_seq2,target_seq2,distance
114,sequence_47787,5.0,sequence_47733,25.0,0.0726288571081315
119,sequence_47787,5.0,sequence_47753,74.0,0.0803301557422284
116,sequence_47787,5.0,sequence_47755,100.0,0.0713158022820519
