,id_seq1,target_seq1,id_seq2,target_seq2,distance
66,sequence_47787,5.0,sequence_47759,36.0,0.0777262600268818
133,sequence_47787,5.0,sequence_47739,35.0,0.0782997696411856
