,id_seq1,target_seq1,id_seq2,target_seq2,distance
128,sequence_47787,5.0,sequence_47723,69.0,0.0951520734240075
102,sequence_47787,5.0,sequence_47725,57.0,0.0978205659642243
126,sequence_47787,5.0,sequence_47716,84.0,0.0954721429162436
99,sequence_47787,5.0,sequence_47690,63.0,0.0960951280472824
129,sequence_47787,5.0,sequence_47722,75.0,0.0950920348084089
96,sequence_47787,5.0,sequence_47699,62.0,0.0966284904060016
97,sequence_47787,5.0,sequence_47687,92.0,0.0962884052558883
86,sequence_47787,5.0,sequence_47692,87.5,0.0957269244919897
123,sequence_47787,5.0,sequence_47718,81.0,0.0949102353480145
