,id_seq1,target_seq1,id_seq2,target_seq2,distance
60,sequence_47787,5.0,sequence_47745,83.0,0.0675500308316128
70,sequence_47787,5.0,sequence_47738,55.0,0.0470640899223864
69,sequence_47787,5.0,sequence_47713,51.0,0.0514455469040177
63,sequence_47787,5.0,sequence_47749,81.0,0.0513825629679246
62,sequence_47787,5.0,sequence_47748,79.0,0.0549361593972436
