,id_seq1,target_seq1,id_seq2,target_seq2,distance
83,sequence_47787,5.0,sequence_47708,111.0,0.0845662817778677
40,sequence_47787,5.0,sequence_47724,48.0,0.0856287072924091
36,sequence_47787,5.0,sequence_47683,75.0,0.0845818690123886
88,sequence_47787,5.0,sequence_47707,79.0,0.0843440280636462
39,sequence_47787,5.0,sequence_47682,53.0,0.084164648359746
16,sequence_47787,5.0,sequence_47686,22.0,0.0802505512213864
