,id_seq1,target_seq1,id_seq2,target_seq2,distance
12,sequence_47787,5.0,sequence_47685,24.0,0.1565005111812738
6,sequence_47787,5.0,sequence_47784,21.0,0.0730651763838288
