,id_seq1,target_seq1,id_seq2,target_seq2,distance
69,sequence_40826,539,sequence_40798,579,0.0135656932880491
76,sequence_40826,539,sequence_40866,620,0.016286597070238
78,sequence_40826,539,sequence_40788,510,0.0135686697914911
21,sequence_40826,539,sequence_40828,519,0.0018547621865072
77,sequence_40826,539,sequence_40799,597,0.0232264410860861
74,sequence_40826,539,sequence_40796,567,0.0162537173638054
18,sequence_40826,539,sequence_40817,528,0.0044403745798703
70,sequence_40826,539,sequence_40865,580,0.0236433768392696
