,id_seq1,target_seq1,id_seq2,target_seq2,distance
26,sequence_40826,539,sequence_40851,477,0.0109934532927408
22,sequence_40826,539,sequence_40829,528,0.0168318748548269
31,sequence_40826,539,sequence_40846,483,0.0144401736804136
