,id_seq1,target_seq1,id_seq2,target_seq2,distance
23,sequence_40826,539,sequence_40831,525,0.0389952186571807
39,sequence_40826,539,sequence_40849,464,0.0422490418498818
29,sequence_40826,539,sequence_40852,474,0.0408194939175872
35,sequence_40826,539,sequence_40812,464,0.0416136907741391
32,sequence_40826,539,sequence_40791,454,0.0407832851590005
33,sequence_40826,539,sequence_40793,456,0.0422061281326994
