,id_seq1,target_seq1,id_seq2,target_seq2,distance
13,sequence_47787,5.0,sequence_47679,44.0,0.0618999999999998
8,sequence_47787,5.0,sequence_47782,17.0,0.0221999999999999
135,sequence_47787,5.0,sequence_47793,16.0,0.0235999999999998
6,sequence_47787,5.0,sequence_47784,21.0,0.0233
12,sequence_47787,5.0,sequence_47685,24.0,0.0370000000000001
142,sequence_47787,5.0,sequence_47792,12.0,0.0318999999999999
