,id_seq1,target_seq1,id_seq2,target_seq2,distance
90,sequence_47787,5.0,sequence_47765,118.0,5.25776934000544
93,sequence_47787,5.0,sequence_47761,120.0,5.25776934000544
91,sequence_47787,5.0,sequence_47767,105.0,5.25776934000544
