,id_seq1,target_seq1,id_seq2,target_seq2,distance
146,sequence_47787,5.0,sequence_47809,10.0,1.180041763803546
11,sequence_47787,5.0,sequence_47776,9.0,0.0328807377110035
141,sequence_47787,5.0,sequence_47808,4.0,0.180041763803546
142,sequence_47787,5.0,sequence_47792,12.0,1.0
5,sequence_47787,5.0,sequence_47779,11.0,1.2248886022944372
