,id_seq1,target_seq1,id_seq2,target_seq2,distance
68,sequence_47787,5.0,sequence_47770,25.0,3.4545590968601614
27,sequence_47787,5.0,sequence_47773,19.0,3.0
20,sequence_47787,5.0,sequence_47803,12.0,3.0
42,sequence_47787,5.0,sequence_47807,42.0,5.224888602294437
