,id_seq1,target_seq1,id_seq2,target_seq2,distance
34,sequence_47787,5.0,sequence_47700,65.0,4.25776934000544
77,sequence_47787,5.0,sequence_47701,63.0,4.3211717215544825
