,id_seq1,target_seq1,id_seq2,target_seq2,distance
40,sequence_47787,5.0,sequence_47724,48.0,5.224888602294437
36,sequence_47787,5.0,sequence_47683,75.0,5.284238181417071
39,sequence_47787,5.0,sequence_47682,53.0,5.224888602294437
