,id_seq1,target_seq1,id_seq2,target_seq2,distance
49,sequence_47787,5.0,sequence_47727,45.0,4.030585405755755
50,sequence_47787,5.0,sequence_47756,37.0,4.177034475496708
