,id_seq1,target_seq1,id_seq2,target_seq2,distance
115,sequence_47787,5.0,sequence_47732,30.0,5.0
116,sequence_47787,5.0,sequence_47755,100.0,5.146449069740954
114,sequence_47787,5.0,sequence_47733,25.0,5.0
109,sequence_47787,5.0,sequence_47726,120.0,5.030585405755755
119,sequence_47787,5.0,sequence_47753,74.0,5.146449069740954
