,id_seq1,target_seq1,id_seq2,target_seq2,distance
145,sequence_47787,5.0,sequence_47729,34.0,2.0
147,sequence_47787,5.0,sequence_47737,27.0,2.180041763803546
140,sequence_47787,5.0,sequence_47728,12.0,1.0
150,sequence_47787,5.0,sequence_47736,19.0,1.180041763803546
