,id_seq1,target_seq1,id_seq2,target_seq2,distance
58,sequence_47787,5.0,sequence_47743,63.0,3.430687251158025
57,sequence_47787,5.0,sequence_47741,102.0,3.371337672035392
59,sequence_47787,5.0,sequence_47752,67.0,3.3167699851840444
