,id_seq1,target_seq1,id_seq2,target_seq2,distance
120,sequence_47787,5.0,sequence_47740,158.0,4.458512842393404
56,sequence_47787,5.0,sequence_47751,34.0,3.146449069740954
118,sequence_47787,5.0,sequence_47754,70.0,4.40355393548794
138,sequence_47787,5.0,sequence_47802,4.0,2.0
