,id_seq1,target_seq1,id_seq2,target_seq2,distance
127,sequence_47787,5.0,sequence_47719,66.0,0.0015561809739259
126,sequence_47787,5.0,sequence_47716,84.0,0.0018619414823958
8,sequence_47787,5.0,sequence_47782,17.0,0.0009839780195289
61,sequence_47787,5.0,sequence_47747,72.0,0.001718439776451
