,id_seq1,target_seq1,id_seq2,target_seq2,distance
115,sequence_47787,5.0,sequence_47732,30.0,553.5724212510049
54,sequence_47787,5.0,sequence_47797,27.0,523.7832428102392
112,sequence_47787,5.0,sequence_47662,28.0,535.4938205986227
111,sequence_47787,5.0,sequence_47811,24.0,473.1504366754616
109,sequence_47787,5.0,sequence_47726,120.0,536.2668246010655
51,sequence_47787,5.0,sequence_47775,23.0,476.0758230137086
23,sequence_47787,5.0,sequence_47783,24.5,472.6468310757304
110,sequence_47787,5.0,sequence_47734,110.0,590.7961886818499
