,id_seq1,target_seq1,id_seq2,target_seq2,distance
145,sequence_47787,5.0,sequence_47729,34.0,223.93024003901303
15,sequence_47787,5.0,sequence_47710,43.0,220.14342530137029
14,sequence_47787,5.0,sequence_47695,52.0,197.0091365571912
