,id_seq1,target_seq1,id_seq2,target_seq2,distance
117,sequence_47787,5.0,sequence_47746,94.0,380.7603250855845
60,sequence_47787,5.0,sequence_47745,83.0,347.7859070351184
119,sequence_47787,5.0,sequence_47753,74.0,509.7919717518215
