,id_seq1,target_seq1,id_seq2,target_seq2,distance
94,sequence_47787,5.0,sequence_47764,118.0,623.7128937100066
90,sequence_47787,5.0,sequence_47765,118.0,566.7440859058522
93,sequence_47787,5.0,sequence_47761,120.0,556.5575550960655
91,sequence_47787,5.0,sequence_47767,105.0,568.3248850130179
95,sequence_47787,5.0,sequence_47763,122.0,596.0373083564317
