,id_seq1,target_seq1,id_seq2,target_seq2,distance
99,sequence_47787,5.0,sequence_47690,63.0,491.2320960765695
50,sequence_47787,5.0,sequence_47756,37.0,505.9297143349756
49,sequence_47787,5.0,sequence_47727,45.0,505.4587688890361
