,id_seq1,target_seq1,id_seq2,target_seq2,distance
122,sequence_47787,5.0,sequence_47715,101.0,627.7333502814711
126,sequence_47787,5.0,sequence_47716,84.0,595.2483606873606
