,id_seq1,target_seq1,id_seq2,target_seq2,distance
148,sequence_47787,5.0,sequence_47810,5.57,425.0868
147,sequence_47787,5.0,sequence_47737,27.0,535.8158681867681
26,sequence_47787,5.0,sequence_47760,26.0,521.8242948061637
141,sequence_47787,5.0,sequence_47808,4.0,486.7791
146,sequence_47787,5.0,sequence_47809,10.0,504.9803010809927
150,sequence_47787,5.0,sequence_47736,19.0,518.6978237063464
