,id_seq1,target_seq1,id_seq2,target_seq2,distance
85,sequence_51016,-4.626935645431157,sequence_51046,-7.53760401737095,0.2188704421988233
332,sequence_51170,-5.599110392902725,sequence_51046,-7.53760401737095,1.0093221861025197
579,sequence_32130,-5.7157882520247325,sequence_51046,-7.53760401737095,1.0336191697784805
