,id_seq1,target_seq1,id_seq2,target_seq2,distance
156,sequence_51016,-4.626935645431157,sequence_32164,-7.229515353903711,0.9164338702791912
403,sequence_51170,-5.599110392902725,sequence_32164,-7.229515353903711,1.045688778047693
