,id_seq1,target_seq1,id_seq2,target_seq2,distance
128,sequence_51016,-4.626935645431157,sequence_51128,-7.354080449503878,0.9807121797955872
375,sequence_51170,-5.599110392902725,sequence_51128,-7.354080449503878,0.1430131793954409
