,id_seq1,target_seq1,id_seq2,target_seq2,distance
104,sequence_47787,5.0,sequence_47668,48.0,977.4572372999904
103,sequence_47787,5.0,sequence_47669,32.0,1012.4976816292766
