,id_seq1,target_seq1,id_seq2,target_seq2,distance
52,sequence_47787,5.0,sequence_47730,35.0,754.146746159015
113,sequence_47787,5.0,sequence_47731,32.0,754.3413949283705
53,sequence_47787,5.0,sequence_47758,22.0,756.4625175115222
