,id_seq1,target_seq1,id_seq2,target_seq2,distance
49,sequence_47787,5.0,sequence_47727,45.0,755.1284629850342
23,sequence_47787,5.0,sequence_47783,24.5,675.2839310762399
111,sequence_47787,5.0,sequence_47811,24.0,677.8691711734795
51,sequence_47787,5.0,sequence_47775,23.0,675.510486306075
50,sequence_47787,5.0,sequence_47756,37.0,757.4412328806637
