,id_seq1,target_seq1,id_seq2,target_seq2,distance
85,sequence_47787,5.0,sequence_47677,103.0,1083.6444802644223
131,sequence_47787,5.0,sequence_47676,56.0,1080.457727029392
84,sequence_47787,5.0,sequence_47709,119.0,1149.6632857625095
125,sequence_47787,5.0,sequence_47720,80.0,1146.4368121408174
98,sequence_47787,5.0,sequence_47693,64.0,1115.3538739620174
