,id_seq1,target_seq1,id_seq2,target_seq2,distance
114,sequence_47787,5.0,sequence_47733,25.0,890.4747843029807
109,sequence_47787,5.0,sequence_47726,120.0,827.3026070613461
