,id_seq1,target_seq1,id_seq2,target_seq2,distance
75,sequence_47787,5.0,sequence_47694,51.0,997.5458810647858
105,sequence_47787,5.0,sequence_47670,97.0,928.8145094121052
76,sequence_47787,5.0,sequence_47691,40.0,935.848825253796
80,sequence_47787,5.0,sequence_47698,56.0,935.848825253796
