,id_seq1,target_seq1,id_seq2,target_seq2,distance
26,sequence_40826,539,sequence_40851,477,21.17743935821406
31,sequence_40826,539,sequence_40846,483,21.20492224101052
