,id_seq1,target_seq1,id_seq2,target_seq2,distance
4,sequence_40826,539,sequence_40807,528,17.09644616769601
55,sequence_40826,539,sequence_40808,543,16.92773229035692
