,id_seq1,target_seq1,id_seq2,target_seq2,distance
13,sequence_40826,539,sequence_40841,528,2.730772894851735
47,sequence_40826,539,sequence_40824,523,2.172802083135687
44,sequence_40826,539,sequence_40839,538,1.3404415720816614
12,sequence_40826,539,sequence_40840,528,1.4609415305634692
46,sequence_40826,539,sequence_40819,532,5.610619513147956
7,sequence_40826,539,sequence_40813,528,1.2551567284653382
56,sequence_40826,539,sequence_40810,549,3.717753120835348
16,sequence_40826,539,sequence_40838,531,3.2322046270795086
