,id_seq1,target_seq1,id_seq2,target_seq2,distance
66,sequence_40826,539,sequence_40832,555,2.729094545136128
64,sequence_40826,539,sequence_40823,546,1.8846883495698417
11,sequence_40826,539,sequence_40857,522,2.972660835558501
60,sequence_40826,539,sequence_40837,543,5.162639063440785
63,sequence_40826,539,sequence_40822,549,7.303146047433803
59,sequence_40826,539,sequence_40836,543,3.432324829079941
18,sequence_40826,539,sequence_40817,528,1.3945725041320454
10,sequence_40826,539,sequence_40855,522,1.3288755803320127
0,sequence_40826,539,sequence_40787,510,0.4643037591677502
