,id_seq1,target_seq1,id_seq2,target_seq2,distance
52,sequence_40826,539,sequence_40804,561,9.170282571297053
50,sequence_40826,539,sequence_40800,558,10.53790459525282
53,sequence_40826,539,sequence_40805,564,8.731252894749375
