,id_seq1,target_seq1,id_seq2,target_seq2,distance
20,sequence_40826,539,sequence_40827,525,9.601898495688626
68,sequence_40826,539,sequence_40830,558,12.608526323702668
70,sequence_40826,539,sequence_40865,580,13.617924799913038
21,sequence_40826,539,sequence_40828,519,12.796475008899389
