,id_seq1,target_seq1,id_seq2,target_seq2,distance
24,sequence_40826,539,sequence_40856,498,10.9488452256652
28,sequence_40826,539,sequence_40858,495,10.955061199926844
30,sequence_40826,539,sequence_40843,495,11.0688796931446
