,id_seq1,target_seq1,id_seq2,target_seq2,distance
22,sequence_40826,539,sequence_40829,528,9.768953017408569
23,sequence_40826,539,sequence_40831,525,8.378149505244473
