,id_seq1,target_seq1,id_seq2,target_seq2,distance
5,sequence_40826,539,sequence_40809,528,8.159559035712514
3,sequence_40826,539,sequence_40806,525,6.045361307677059
