,id_seq1,target_seq1,id_seq2,target_seq2,distance
17,sequence_40826,539,sequence_40816,531,8.44797047552484
19,sequence_40826,539,sequence_40818,522,12.627937186920065
