,id_seq1,target_seq1,id_seq2,target_seq2,distance
180,sequence_51016,-4.626935645431157,sequence_32178,-7.97958130655809,0.2317688172080284
75,sequence_51016,-4.626935645431157,sequence_32115,-8.287149988801819,0.2404592915986361
427,sequence_51170,-5.599110392902725,sequence_32178,-7.97958130655809,0.260063450780426
322,sequence_51170,-5.599110392902725,sequence_32115,-8.287149988801819,0.267909540114511
