,id_seq1,target_seq1,id_seq2,target_seq2,distance
133,sequence_47787,5.0,sequence_47739,35.0,0.0059986238624125
134,sequence_47787,5.0,sequence_47735,55.0,0.0053526797061489
121,sequence_47787,5.0,sequence_47742,108.0,0.0060052536424117
66,sequence_47787,5.0,sequence_47759,36.0,0.0047179663682397
132,sequence_47787,5.0,sequence_47711,57.0,0.0054990842163162
