,id_seq1,target_seq1,id_seq2,target_seq2,distance
4,sequence_47787,5.0,sequence_47777,11.0,0.0010301806811144
28,sequence_47787,5.0,sequence_47768,17.0,0.0014007091148743
3,sequence_47787,5.0,sequence_47781,12.0,0.0007082477910886
