,id_seq1,target_seq1,id_seq2,target_seq2,distance
80,sequence_47787,5.0,sequence_47698,56.0,0.0095669152298754
31,sequence_47787,5.0,sequence_47696,47.0,0.0090344091929913
