,id_seq1,target_seq1,id_seq2,target_seq2,distance
20,sequence_47787,5.0,sequence_47803,12.0,0.0063143406717535
100,sequence_47787,5.0,sequence_47712,49.0,0.0076197954550403
43,sequence_47787,5.0,sequence_47804,23.0,0.0067441181219182
45,sequence_47787,5.0,sequence_47799,24.0,0.0070234628233953
55,sequence_47787,5.0,sequence_47798,23.0,0.0067315779533387
44,sequence_47787,5.0,sequence_47800,20.0,0.0067622097003239
42,sequence_47787,5.0,sequence_47807,42.0,0.0070100692246833
