,id_seq1,target_seq1,id_seq2,target_seq2,distance
126,sequence_47787,5.0,sequence_47716,84.0,0.0111927458262528
125,sequence_47787,5.0,sequence_47720,80.0,0.0123709348605055
123,sequence_47787,5.0,sequence_47718,81.0,0.011014810082388
108,sequence_47787,5.0,sequence_47667,86.0,0.0090938751811182
