,id_seq1,target_seq1,id_seq2,target_seq2,distance
112,sequence_47787,5.0,sequence_47662,28.0,0.0079218691854777
107,sequence_47787,5.0,sequence_47661,52.0,0.0074072180878216
104,sequence_47787,5.0,sequence_47668,48.0,0.0074079385651804
106,sequence_47787,5.0,sequence_47665,50.0,0.0081724802699575
46,sequence_47787,5.0,sequence_47664,32.0,0.0065523717832941
