,id_seq1,target_seq1,id_seq2,target_seq2,distance
101,sequence_47787,5.0,sequence_47714,51.0,0.0143392919961176
102,sequence_47787,5.0,sequence_47725,57.0,0.0107468608908718
96,sequence_47787,5.0,sequence_47699,62.0,0.0112097398656677
