,id_seq1,target_seq1,id_seq2,target_seq2,distance
143,sequence_47787,5.0,sequence_47791,4.0,0.000118853194525
141,sequence_47787,5.0,sequence_47808,4.0,0.0001530616003602
140,sequence_47787,5.0,sequence_47728,12.0,0.0006020667412967
9,sequence_47787,5.0,sequence_47772,12.0,0.000553372908795
150,sequence_47787,5.0,sequence_47736,19.0,0.0007385886441458
11,sequence_47787,5.0,sequence_47776,9.0,2.9986117730640416e-05
