,id_seq1,target_seq1,id_seq2,target_seq2,distance
27,sequence_40826,539,sequence_40847,486,0.0098087373324803
34,sequence_40826,539,sequence_40861,464,0.0117512451840526
25,sequence_40826,539,sequence_40815,498,0.0092939711289751
38,sequence_40826,539,sequence_40848,461,0.0108968734124443
39,sequence_40826,539,sequence_40849,464,0.0100118189416478
29,sequence_40826,539,sequence_40852,474,0.0094761412455944
36,sequence_40826,539,sequence_40854,465,0.0098153288748171
