,id_seq1,target_seq1,id_seq2,target_seq2,distance
44,sequence_40826,539,sequence_40839,538,0.0003341772593361
11,sequence_40826,539,sequence_40857,522,0.0007491904912057
12,sequence_40826,539,sequence_40840,528,0.000346326438619
7,sequence_40826,539,sequence_40813,528,0.000300052736497
18,sequence_40826,539,sequence_40817,528,0.0003339540596313
10,sequence_40826,539,sequence_40855,522,0.0003341772593361
0,sequence_40826,539,sequence_40787,510,0.0001113786085388
