,id_seq1,target_seq1,id_seq2,target_seq2,distance
59,sequence_40826,539,sequence_40836,543,75.657
44,sequence_40826,539,sequence_40839,538,29.543199999999985
13,sequence_40826,539,sequence_40841,528,57.165400000000005
11,sequence_40826,539,sequence_40857,522,66.2053
