,id_seq1,target_seq1,id_seq2,target_seq2,distance
4,sequence_40826,539,sequence_40807,528,0.0391795064226946
9,sequence_40826,539,sequence_40845,495,0.023894829935599
