,id_seq1,target_seq1,id_seq2,target_seq2,distance
28,sequence_40826,539,sequence_40858,495,0.0283435580494439
29,sequence_40826,539,sequence_40852,474,0.0309372357473684
27,sequence_40826,539,sequence_40847,486,0.0318002133955563
