,id_seq1,target_seq1,id_seq2,target_seq2,distance
4,sequence_40826,539,sequence_40807,528,0.0391795064226946
79,sequence_40826,539,sequence_40867,622,0.0377082044216051
77,sequence_40826,539,sequence_40799,597,0.0352815273643384
9,sequence_40826,539,sequence_40845,495,0.023894829935599
74,sequence_40826,539,sequence_40796,567,0.0383186291040647
