,id_seq1,target_seq1,id_seq2,target_seq2,distance
78,sequence_40826,539,sequence_40788,510,0.0491683506944314
38,sequence_40826,539,sequence_40848,461,0.0434635115605695
39,sequence_40826,539,sequence_40849,464,0.0344962238870914
35,sequence_40826,539,sequence_40812,464,0.0334278428182307
32,sequence_40826,539,sequence_40791,454,0.0483580806637331
33,sequence_40826,539,sequence_40793,456,0.04852630409274
1,sequence_40826,539,sequence_40789,510,0.037599911927947
0,sequence_40826,539,sequence_40787,510,0.0368220619109922
