,id_seq1,target_seq1,id_seq2,target_seq2,distance
23,sequence_47787,5.0,sequence_47783,24.5,2.024995315817432
13,sequence_47787,5.0,sequence_47679,44.0,4.302842555064429
51,sequence_47787,5.0,sequence_47775,23.0,2.5285141677395853
8,sequence_47787,5.0,sequence_47782,17.0,2.026295209171597
142,sequence_47787,5.0,sequence_47792,12.0,2.357702926000296
16,sequence_47787,5.0,sequence_47686,22.0,3.671799020353664
