,id_seq1,target_seq1,id_seq2,target_seq2,distance
132,sequence_47787,5.0,sequence_47711,57.0,4.074079881246742
108,sequence_47787,5.0,sequence_47667,86.0,4.106927007469167
100,sequence_47787,5.0,sequence_47712,49.0,4.814030932143628
107,sequence_47787,5.0,sequence_47661,52.0,4.371908453905366
131,sequence_47787,5.0,sequence_47676,56.0,4.662173203462468
105,sequence_47787,5.0,sequence_47670,97.0,4.026476201236145
67,sequence_47787,5.0,sequence_47774,21.0,3.825633251403628
71,sequence_47787,5.0,sequence_47769,25.0,3.509112644935906
