,id_seq1,target_seq1,id_seq2,target_seq2,distance
92,sequence_47787,5.0,sequence_47812,121.0,8.895301986559797
90,sequence_47787,5.0,sequence_47765,118.0,8.939104543900395
