,id_seq1,target_seq1,id_seq2,target_seq2,distance
43,sequence_40826,539,sequence_40860,535,0.0011645810500086
73,sequence_40826,539,sequence_40802,560,0.0029858660139647
57,sequence_40826,539,sequence_40862,546,0.0016568483145502
