,id_seq1,target_seq1,id_seq2,target_seq2,distance
49,sequence_40826,539,sequence_40797,558,0.0006946462831103
52,sequence_40826,539,sequence_40804,561,0.0011597600319942
50,sequence_40826,539,sequence_40800,558,0.0015514449937358
53,sequence_40826,539,sequence_40805,564,0.0010470228071013
