,id_seq1,target_seq1,id_seq2,target_seq2,distance
4,sequence_40826,539,sequence_40807,528,0.0048558153274471
55,sequence_40826,539,sequence_40808,543,0.0047485800816173
