,id_seq1,target_seq1,id_seq2,target_seq2,distance
63,sequence_40826,539,sequence_40822,549,0.0007891731529442
59,sequence_40826,539,sequence_40836,543,0.0001729728688687
12,sequence_40826,539,sequence_40840,528,2.893361004352446e-05
56,sequence_40826,539,sequence_40810,549,0.0002007721946776
13,sequence_40826,539,sequence_40841,528,0.0001005825956976
60,sequence_40826,539,sequence_40837,543,0.0003916834694357
46,sequence_40826,539,sequence_40819,532,0.0004626032898251
