,id_seq1,target_seq1,id_seq2,target_seq2,distance
20,sequence_40826,539,sequence_40827,525,0.0011330273704052
68,sequence_40826,539,sequence_40830,558,0.0020650295360559
70,sequence_40826,539,sequence_40865,580,0.002876622356139
21,sequence_40826,539,sequence_40828,519,0.002134973786071
