,id_seq1,target_seq1,id_seq2,target_seq2,distance
97,sequence_51016,-4.626935645431157,sequence_32149,-7.516758509933092,0.0297211421021459
34,sequence_51016,-4.626935645431157,sequence_32117,-6.013942880307312,0.0338141527215205
143,sequence_51016,-4.626935645431157,sequence_32109,-8.8749984685552,0.031990092724229
42,sequence_51016,-4.626935645431157,sequence_32114,-8.025415659124889,0.0324172308282032
344,sequence_51170,-5.599110392902725,sequence_32149,-7.516758509933092,0.0316847188224518
281,sequence_51170,-5.599110392902725,sequence_32117,-6.013942880307312,0.0336742488947193
390,sequence_51170,-5.599110392902725,sequence_32109,-8.8749984685552,0.0365726115010697
289,sequence_51170,-5.599110392902725,sequence_32114,-8.025415659124889,0.0369361813713321
