,id_seq1,target_seq1,id_seq2,target_seq2,distance
52,sequence_47787,5.0,sequence_47730,35.0,0.0044205392823554
8,sequence_47787,5.0,sequence_47782,17.0,0.0029318281251051
114,sequence_47787,5.0,sequence_47733,25.0,0.0051015386465586
