,id_seq1,target_seq1,id_seq2,target_seq2,distance
127,sequence_47787,5.0,sequence_47719,66.0,0.005419435869299
126,sequence_47787,5.0,sequence_47716,84.0,0.005659542516125
53,sequence_47787,5.0,sequence_47758,22.0,0.0053460437227027
125,sequence_47787,5.0,sequence_47720,80.0,0.0063413482443237
61,sequence_47787,5.0,sequence_47747,72.0,0.0053516324759516
22,sequence_47787,5.0,sequence_47757,36.0,0.0052856668008255
