,id_seq1,target_seq1,id_seq2,target_seq2,distance
75,sequence_47787,5.0,sequence_47694,51.0,0.0066887398296485
29,sequence_47787,5.0,sequence_47771,18.0,0.0016436497616688
140,sequence_47787,5.0,sequence_47728,12.0,0.0008708301978455
66,sequence_47787,5.0,sequence_47759,36.0,0.0019585128331646
