,id_seq1,target_seq1,id_seq2,target_seq2,distance
14,sequence_40826,539,sequence_40842,522,0.0679657266568967
3,sequence_40826,539,sequence_40806,525,0.084426299220089
58,sequence_40826,539,sequence_40859,543,0.0845488024752569
57,sequence_40826,539,sequence_40862,546,0.0465255843595757
