,id_seq1,target_seq1,id_seq2,target_seq2,distance
144,sequence_47787,5.0,sequence_47788,5.0,776.5499072889841
143,sequence_47787,5.0,sequence_47791,4.0,228.4390386683721
141,sequence_47787,5.0,sequence_47808,4.0,260.24638946705875
140,sequence_47787,5.0,sequence_47728,12.0,514.2393039399168
9,sequence_47787,5.0,sequence_47772,12.0,493.1023189191975
150,sequence_47787,5.0,sequence_47736,19.0,571.1506213818209
11,sequence_47787,5.0,sequence_47776,9.0,115.11611401671784
