,id_seq1,target_seq1,id_seq2,target_seq2,distance
58,sequence_47787,5.0,sequence_47743,63.0,1249.2426449354025
117,sequence_47787,5.0,sequence_47746,94.0,1683.7339443520875
