,id_seq1,target_seq1,id_seq2,target_seq2,distance
128,sequence_47787,5.0,sequence_47723,69.0,1873.6348172582536
16,sequence_47787,5.0,sequence_47686,22.0,1776.6762931095582
