,id_seq1,target_seq1,id_seq2,target_seq2,distance
112,sequence_47787,5.0,sequence_47662,28.0,1860.754925818744
107,sequence_47787,5.0,sequence_47661,52.0,1798.6613192565717
104,sequence_47787,5.0,sequence_47668,48.0,1798.750172430385
106,sequence_47787,5.0,sequence_47665,50.0,1890.3007847761344
46,sequence_47787,5.0,sequence_47664,32.0,1692.5629036344528
