,id_seq1,target_seq1,id_seq2,target_seq2,distance
82,sequence_47787,5.0,sequence_47704,98.0,2034.7978282700128
87,sequence_47787,5.0,sequence_47703,95.0,1960.3645133813584
