,id_seq1,target_seq1,id_seq2,target_seq2,distance
33,sequence_47787,5.0,sequence_47673,65.5,1613.3731987050176
32,sequence_47787,5.0,sequence_47680,73.0,1568.0300168064002
77,sequence_47787,5.0,sequence_47701,63.0,1607.802073335067
13,sequence_47787,5.0,sequence_47679,44.0,1547.379132995159
