,id_seq1,target_seq1,id_seq2,target_seq2,distance
45,sequence_47787,5.0,sequence_47799,24.0,1753.7723311536392
43,sequence_47787,5.0,sequence_47804,23.0,1718.388894484255
20,sequence_47787,5.0,sequence_47803,12.0,1662.3228835655366
42,sequence_47787,5.0,sequence_47807,42.0,1753.1488047072448
100,sequence_47787,5.0,sequence_47712,49.0,1824.172708519421
44,sequence_47787,5.0,sequence_47800,20.0,1720.529976271111
