,id_seq1,target_seq1,id_seq2,target_seq2,distance
180,sequence_51016,-4.626935645431157,sequence_32178,-7.97958130655809,262.2930419292276
179,sequence_51016,-4.626935645431157,sequence_32175,-7.447858237543301,264.4855500665865
427,sequence_51170,-5.599110392902725,sequence_32178,-7.97958130655809,267.8770681220268
426,sequence_51170,-5.599110392902725,sequence_32175,-7.447858237543301,267.3141103098721
