,id_seq1,target_seq1,id_seq2,target_seq2,distance
28,sequence_40826,539,sequence_40858,495,2.0566437100285504
29,sequence_40826,539,sequence_40852,474,2.29785175326869
67,sequence_40826,539,sequence_40833,549,3.435815275884313
27,sequence_40826,539,sequence_40847,486,2.3684228359817845
