,id_seq1,target_seq1,id_seq2,target_seq2,distance
4,sequence_40826,539,sequence_40807,528,0.000868581007845
22,sequence_40826,539,sequence_40829,528,0.000132652066363
3,sequence_40826,539,sequence_40806,525,3.448900320723869e-05
11,sequence_40826,539,sequence_40857,522,9.823087353721947e-05
7,sequence_40826,539,sequence_40813,528,5.347126102894784e-05
56,sequence_40826,539,sequence_40810,549,0.0012183648785999
