,id_seq1,target_seq1,id_seq2,target_seq2,distance
32,sequence_47787,5.0,sequence_47680,73.0,988.0228999999996
78,sequence_47787,5.0,sequence_47706,77.0,1062.2530000000006
0,sequence_47787,5.0,sequence_47684,23.0,725.9815000000008
77,sequence_47787,5.0,sequence_47701,63.0,1268.9737000000005
13,sequence_47787,5.0,sequence_47679,44.0,1004.3515999999996
34,sequence_47787,5.0,sequence_47700,65.0,1245.0537999999997
