,id_seq1,target_seq1,id_seq2,target_seq2,distance
75,sequence_47787,5.0,sequence_47694,51.0,2092.5399
105,sequence_47787,5.0,sequence_47670,97.0,1740.4327000000003
76,sequence_47787,5.0,sequence_47691,40.0,1915.4529
80,sequence_47787,5.0,sequence_47698,56.0,1930.1058000000005
