,id_seq1,target_seq1,id_seq2,target_seq2,distance
18,sequence_47787,5.0,sequence_47780,23.0,1292.8317000000002
1,sequence_47787,5.0,sequence_47789,10.0,1180.8263000000006
19,sequence_47787,5.0,sequence_47785,25.0,1627.5982000000004
