,id_seq1,target_seq1,id_seq2,target_seq2,distance
52,sequence_47787,5.0,sequence_47730,35.0,1410.8788
24,sequence_47787,5.0,sequence_47796,20.0,1103.6219
137,sequence_47787,5.0,sequence_47805,22.0,985.9092
113,sequence_47787,5.0,sequence_47731,32.0,1404.6862999999998
53,sequence_47787,5.0,sequence_47758,22.0,1353.8499000000002
