,id_seq1,target_seq1,id_seq2,target_seq2,distance
21,sequence_47787,5.0,sequence_47663,36.0,1333.7129000000004
35,sequence_47787,5.0,sequence_47689,52.0,1727.4862000000005
48,sequence_47787,5.0,sequence_47671,36.0,1592.9326
