,id_seq1,target_seq1,id_seq2,target_seq2,distance
49,sequence_47787,5.0,sequence_47727,45.0,1318.6930000000002
50,sequence_47787,5.0,sequence_47756,37.0,1351.6964000000005
