,id_seq1,target_seq1,id_seq2,target_seq2,distance
57,sequence_47787,5.0,sequence_47741,102.0,991.9091999999996
58,sequence_47787,5.0,sequence_47743,63.0,1021.3197999999998
