,id_seq1,target_seq1,id_seq2,target_seq2,distance
180,sequence_51016,-4.626935645431157,sequence_32178,-7.97958130655809,0.9592030635726272
72,sequence_51016,-4.626935645431157,sequence_32162,-7.3445848975979535,1.013563191288417
156,sequence_51016,-4.626935645431157,sequence_32164,-7.229515353903711,0.9697777094449656
92,sequence_51016,-4.626935645431157,sequence_32150,-7.3196132933177775,0.9931990110699588
174,sequence_51016,-4.626935645431157,sequence_32179,-7.381695972507586,0.9756558648557764
95,sequence_51016,-4.626935645431157,sequence_32116,-7.723165366142718,1.0190343529627697
50,sequence_51016,-4.626935645431157,sequence_32167,-8.28781536491833,0.9761702265348388
