,id_seq1,target_seq1,id_seq2,target_seq2,distance
125,sequence_51016,-4.626935645431157,sequence_51184,-7.972632247347034,0.9971079038842382
372,sequence_51170,-5.599110392902725,sequence_51184,-7.972632247347034,0.1791101125647732
619,sequence_32130,-5.7157882520247325,sequence_51184,-7.972632247347034,1.0919219599501968
