,id_seq1,target_seq1,id_seq2,target_seq2,distance
247,sequence_53082,55.0,sequence_19400,43.0,0.0188369843264429
507,sequence_19402,43.0,sequence_19400,43.0,0.0017422073570496
767,sequence_20054,49.0,sequence_19400,43.0,0.0121343042992569
