,id_seq1,target_seq1,id_seq2,target_seq2,distance
13,sequence_47787,5.0,sequence_47679,44.0,3.5033600673632783
32,sequence_47787,5.0,sequence_47680,73.0,3.7259045567617033
