,id_seq1,target_seq1,id_seq2,target_seq2,distance
132,sequence_47787,5.0,sequence_47711,57.0,4.564735672211825
134,sequence_47787,5.0,sequence_47735,55.0,4.496099631347694
