,id_seq1,target_seq1,id_seq2,target_seq2,distance
41,sequence_47787,5.0,sequence_47806,73.0,3.8546995288470702
17,sequence_47787,5.0,sequence_47778,26.0,3.3327302043306704
92,sequence_47787,5.0,sequence_47812,121.0,4.281544854406921
95,sequence_47787,5.0,sequence_47763,122.0,4.079984862001668
18,sequence_47787,5.0,sequence_47780,23.0,3.3327302043306704
