,id_seq1,target_seq1,id_seq2,target_seq2,distance
34,sequence_47787,5.0,sequence_47700,65.0,4.025329391879678
77,sequence_47787,5.0,sequence_47701,63.0,4.247873881278103
