,id_seq1,target_seq1,id_seq2,target_seq2,distance
145,sequence_47787,5.0,sequence_47729,34.0,1.2344075048972245
146,sequence_47787,5.0,sequence_47809,10.0,0.8876967298244136
147,sequence_47787,5.0,sequence_47737,27.0,1.3910567971876917
7,sequence_47787,5.0,sequence_47786,18.0,1.5898506998537796
135,sequence_47787,5.0,sequence_47793,16.0,1.1534570923230216
142,sequence_47787,5.0,sequence_47792,12.0,0.7310474375339463
