,id_seq1,target_seq1,id_seq2,target_seq2,distance
143,sequence_47787,5.0,sequence_47791,4.0,0.4224096547890752
141,sequence_47787,5.0,sequence_47808,4.0,0.1566492922904673
25,sequence_47787,5.0,sequence_47750,25.0,1.4335654602864063
11,sequence_47787,5.0,sequence_47776,9.0,0.0845110849666658
