,id_seq1,target_seq1,id_seq2,target_seq2,distance
64,sequence_47787,5.0,sequence_47744,69.0,3.4335654602864065
60,sequence_47787,5.0,sequence_47745,83.0,3.4335654602864065
58,sequence_47787,5.0,sequence_47743,63.0,3.4335654602864065
