,id_seq1,target_seq1,id_seq2,target_seq2,distance
23,sequence_47787,5.0,sequence_47783,24.5,2.9357625950101367
110,sequence_47787,5.0,sequence_47734,110.0,4.471404405386927
111,sequence_47787,5.0,sequence_47811,24.0,3.362607920569987
51,sequence_47787,5.0,sequence_47775,23.0,3.0202736799768024
