,id_seq1,target_seq1,id_seq2,target_seq2,distance
49,sequence_47787,5.0,sequence_47727,45.0,3.439122662373415
109,sequence_47787,5.0,sequence_47726,120.0,3.942482729736693
50,sequence_47787,5.0,sequence_47756,37.0,3.865967987933265
