,id_seq1,target_seq1,id_seq2,target_seq2,distance
19,sequence_47787,5.0,sequence_47785,25.0,2.830028224711421
1,sequence_47787,5.0,sequence_47789,10.0,1.3327302043306704
