,id_seq1,target_seq1,id_seq2,target_seq2,distance
118,sequence_47787,5.0,sequence_47754,70.0,3.855975115075482
119,sequence_47787,5.0,sequence_47753,74.0,3.855975115075482
