,id_seq1,target_seq1,id_seq2,target_seq2,distance
56,sequence_47787,5.0,sequence_47751,34.0,2.4335654602864065
116,sequence_47787,5.0,sequence_47755,100.0,3.278384769864557
