,id_seq1,target_seq1,id_seq2,target_seq2,distance
126,sequence_47787,5.0,sequence_47716,84.0,4.929301038911007
123,sequence_47787,5.0,sequence_47718,81.0,4.761859993846302
