,id_seq1,target_seq1,id_seq2,target_seq2,distance
129,sequence_47787,5.0,sequence_47722,75.0,4.761859993846302
65,sequence_47787,5.0,sequence_47721,40.0,3.339450339057227
38,sequence_47787,5.0,sequence_47678,37.0,3.339450339057227
16,sequence_47787,5.0,sequence_47686,22.0,2.8360902716939487
