,id_seq1,target_seq1,id_seq2,target_seq2,distance
107,sequence_47787,5.0,sequence_47661,52.0,4.641095488749254
104,sequence_47787,5.0,sequence_47668,48.0,4.6471718354412905
