,id_seq1,target_seq1,id_seq2,target_seq2,distance
85,sequence_47787,5.0,sequence_47677,103.0,5.339450339057227
131,sequence_47787,5.0,sequence_47676,56.0,5.339450339057227
39,sequence_47787,5.0,sequence_47682,53.0,4.836090271693949
36,sequence_47787,5.0,sequence_47683,75.0,4.836090271693949
40,sequence_47787,5.0,sequence_47724,48.0,4.836090271693949
