,id_seq1,target_seq1,id_seq2,target_seq2,distance
58,sequence_47787,5.0,sequence_47743,63.0,3.4335654602864065
57,sequence_47787,5.0,sequence_47741,102.0,3.4335654602864065
60,sequence_47787,5.0,sequence_47745,83.0,3.4335654602864065
70,sequence_47787,5.0,sequence_47738,55.0,3.4335654602864065
61,sequence_47787,5.0,sequence_47747,72.0,3.4335654602864065
64,sequence_47787,5.0,sequence_47744,69.0,3.4335654602864065
