,id_seq1,target_seq1,id_seq2,target_seq2,distance
201,sequence_53082,55.0,sequence_19366,60.0,0.3291780825024655
259,sequence_53082,55.0,sequence_19401,47.4,0.299859883945819
202,sequence_53082,55.0,sequence_19361,55.6,0.3131724764406988
77,sequence_53082,55.0,sequence_20035,52.5,0.2449132091170259
172,sequence_53082,55.0,sequence_19414,54.7,0.2852409507767074
36,sequence_53082,55.0,sequence_20039,52.6,0.2542863543330629
68,sequence_53082,55.0,sequence_20046,47.4,0.2717847309912756
