,id_seq1,target_seq1,id_seq2,target_seq2,distance
78,sequence_47787,5.0,sequence_47706,77.0,0.0585838362774853
77,sequence_47787,5.0,sequence_47701,63.0,0.0646781388448735
