,id_seq1,target_seq1,id_seq2,target_seq2,distance
59,sequence_47787,5.0,sequence_47752,67.0,41.555
118,sequence_47787,5.0,sequence_47754,70.0,41.555
61,sequence_47787,5.0,sequence_47747,72.0,50.613600000000005
64,sequence_47787,5.0,sequence_47744,69.0,50.613600000000005
