,id_seq1,target_seq1,id_seq2,target_seq2,distance
26,sequence_47787,5.0,sequence_47760,26.0,0.0058138444982198
0,sequence_47787,5.0,sequence_47684,23.0,0.0013510451201108
141,sequence_47787,5.0,sequence_47808,4.0,0.0036132265797242
15,sequence_47787,5.0,sequence_47710,43.0,0.0053929117511531
