,id_seq1,target_seq1,id_seq2,target_seq2,distance
101,sequence_47787,5.0,sequence_47714,51.0,429.5376000000001
102,sequence_47787,5.0,sequence_47725,57.0,385.3421000000001
96,sequence_47787,5.0,sequence_47699,62.0,391.9939
