,id_seq1,target_seq1,id_seq2,target_seq2,distance
132,sequence_47787,5.0,sequence_47711,57.0,240.65010000000007
66,sequence_47787,5.0,sequence_47759,36.0,246.2384
134,sequence_47787,5.0,sequence_47735,55.0,232.85390000000007
