,id_seq1,target_seq1,id_seq2,target_seq2,distance
7,sequence_47787,5.0,sequence_47786,18.0,74.1678
146,sequence_47787,5.0,sequence_47809,10.0,96.90589999999996
135,sequence_47787,5.0,sequence_47793,16.0,94.62900000000002
142,sequence_47787,5.0,sequence_47792,12.0,74.56640000000004
