,id_seq1,target_seq1,id_seq2,target_seq2,distance
49,sequence_47787,5.0,sequence_47727,45.0,199.91009999999997
23,sequence_47787,5.0,sequence_47783,24.5,159.2405
110,sequence_47787,5.0,sequence_47734,110.0,253.608
111,sequence_47787,5.0,sequence_47811,24.0,193.3331
51,sequence_47787,5.0,sequence_47775,23.0,159.4207
109,sequence_47787,5.0,sequence_47726,120.0,225.75140000000005
50,sequence_47787,5.0,sequence_47756,37.0,219.0414
