,id_seq1,target_seq1,id_seq2,target_seq2,distance
57,sequence_47787,5.0,sequence_47741,102.0,195.1166000000001
60,sequence_47787,5.0,sequence_47745,83.0,259.8110000000001
70,sequence_47787,5.0,sequence_47738,55.0,196.34840000000008
61,sequence_47787,5.0,sequence_47747,72.0,216.4954
64,sequence_47787,5.0,sequence_47744,69.0,223.0503000000001
