,id_seq1,target_seq1,id_seq2,target_seq2,distance
74,sequence_47787,5.0,sequence_47705,71.0,274.17520000000013
72,sequence_47787,5.0,sequence_47702,69.0,282.98209999999995
