,id_seq1,target_seq1,id_seq2,target_seq2,distance
130,sequence_47787,5.0,sequence_47674,38.0,284.74929999999995
72,sequence_47787,5.0,sequence_47702,69.0,282.98209999999995
30,sequence_47787,5.0,sequence_47681,44.0,269.1114
73,sequence_47787,5.0,sequence_47672,76.0,255.7833
74,sequence_47787,5.0,sequence_47705,71.0,274.17520000000013
