,id_seq1,target_seq1,id_seq2,target_seq2,distance
127,sequence_47787,5.0,sequence_47719,66.0,373.3448000000001
85,sequence_47787,5.0,sequence_47677,103.0,338.92409999999995
122,sequence_47787,5.0,sequence_47715,101.0,351.96450000000004
36,sequence_47787,5.0,sequence_47683,75.0,316.84760000000006
83,sequence_47787,5.0,sequence_47708,111.0,333.8619000000001
88,sequence_47787,5.0,sequence_47707,79.0,313.9897000000001
124,sequence_47787,5.0,sequence_47717,66.0,369.9850000000001
