,id_seq1,target_seq1,id_seq2,target_seq2,distance
69,sequence_47787,5.0,sequence_47713,51.0,293.94900000000007
78,sequence_47787,5.0,sequence_47706,77.0,269.8861
34,sequence_47787,5.0,sequence_47700,65.0,261.0918000000001
