,id_seq1,target_seq1,id_seq2,target_seq2,distance
10,sequence_47787,5.0,sequence_47795,7.0,126.3017000000001
136,sequence_47787,5.0,sequence_47801,4.0,105.84230000000002
138,sequence_47787,5.0,sequence_47802,4.0,174.5082
137,sequence_47787,5.0,sequence_47805,22.0,200.47130000000004
