,id_seq1,target_seq1,id_seq2,target_seq2,distance
252,sequence_53082,55.0,sequence_53084,39.0,0.0027787790251119
512,sequence_19402,43.0,sequence_53084,39.0,0.0184912901949555
