,id_seq1,target_seq1,id_seq2,target_seq2,distance
91,sequence_53082,55.0,sequence_19431,50.5,0.0171696872776728
10,sequence_53082,55.0,sequence_19453,47.3,0.0184065774316976
117,sequence_53082,55.0,sequence_19521,53.0,0.0151325986495722
62,sequence_53082,55.0,sequence_19505,42.4,0.0180260585779142
162,sequence_53082,55.0,sequence_19395,49.7,0.0175638240347272
129,sequence_53082,55.0,sequence_20049,43.9,0.0182157975605085
