,id_seq1,target_seq1,id_seq2,target_seq2,distance
52,sequence_47787,5.0,sequence_47730,35.0,0.0071072482230831
81,sequence_47787,5.0,sequence_47688,90.0,0.0055326652013381
24,sequence_47787,5.0,sequence_47796,20.0,0.0060342938055401
35,sequence_47787,5.0,sequence_47689,52.0,0.0053688421482551
117,sequence_47787,5.0,sequence_47746,94.0,0.004879261576468
22,sequence_47787,5.0,sequence_47757,36.0,0.0051629068384335
113,sequence_47787,5.0,sequence_47731,32.0,0.007150324318312
53,sequence_47787,5.0,sequence_47758,22.0,0.0071273746053553
