,id_seq1,target_seq1,id_seq2,target_seq2,distance
120,sequence_47787,5.0,sequence_47740,158.0,0.0102806811016301
97,sequence_47787,5.0,sequence_47687,92.0,0.008775816466657
121,sequence_47787,5.0,sequence_47742,108.0,0.0109834622939596
