,id_seq1,target_seq1,id_seq2,target_seq2,distance
40,sequence_47787,5.0,sequence_47724,48.0,0.0114451978018526
102,sequence_47787,5.0,sequence_47725,57.0,0.0150782143040709
132,sequence_47787,5.0,sequence_47711,57.0,0.0136244988961666
