,id_seq1,target_seq1,id_seq2,target_seq2,distance
99,sequence_47787,5.0,sequence_47690,63.0,0.0081647137606762
50,sequence_47787,5.0,sequence_47756,37.0,0.0086694981670365
49,sequence_47787,5.0,sequence_47727,45.0,0.0086501544846138
