,id_seq1,target_seq1,id_seq2,target_seq2,distance
115,sequence_47787,5.0,sequence_47732,30.0,0.0103602136187758
54,sequence_47787,5.0,sequence_47797,27.0,0.0092806164853509
112,sequence_47787,5.0,sequence_47662,28.0,0.0097239246408489
111,sequence_47787,5.0,sequence_47811,24.0,0.0075840389134403
109,sequence_47787,5.0,sequence_47726,120.0,0.0097296612939208
51,sequence_47787,5.0,sequence_47775,23.0,0.0076777660461456
23,sequence_47787,5.0,sequence_47783,24.5,0.007565563178275
110,sequence_47787,5.0,sequence_47734,110.0,0.0118133696312475
