,id_seq1,target_seq1,id_seq2,target_seq2,distance
69,sequence_47787,5.0,sequence_47713,51.0,0.011977281778371
128,sequence_47787,5.0,sequence_47723,69.0,0.0159314700432392
132,sequence_47787,5.0,sequence_47711,57.0,0.0136244988961666
129,sequence_47787,5.0,sequence_47722,75.0,0.0167896158174225
100,sequence_47787,5.0,sequence_47712,49.0,0.0161830813653718
101,sequence_47787,5.0,sequence_47714,51.0,0.0173332029876593
123,sequence_47787,5.0,sequence_47718,81.0,0.0167896158174225
102,sequence_47787,5.0,sequence_47725,57.0,0.0150782143040709
134,sequence_47787,5.0,sequence_47735,55.0,0.0190563965066963
