,id_seq1,target_seq1,id_seq2,target_seq2,distance
27,sequence_47787,5.0,sequence_47773,19.0,0.0038878809710353
65,sequence_47787,5.0,sequence_47721,40.0,0.0073437937955457
16,sequence_47787,5.0,sequence_47686,22.0,0.003894999555801
20,sequence_47787,5.0,sequence_47803,12.0,0.0030256980710172
37,sequence_47787,5.0,sequence_47697,55.5,0.0041147334785083
38,sequence_47787,5.0,sequence_47678,37.0,0.004974265659322
1,sequence_47787,5.0,sequence_47789,10.0,0.0028040212817553
