,id_seq1,target_seq1,id_seq2,target_seq2,distance
60,sequence_47787,5.0,sequence_47745,83.0,0.0040798906955523
119,sequence_47787,5.0,sequence_47753,74.0,0.0087639701484416
