,id_seq1,target_seq1,id_seq2,target_seq2,distance
60,sequence_47787,5.0,sequence_47745,83.0,0.0040798906955523
117,sequence_47787,5.0,sequence_47746,94.0,0.004879261576468
22,sequence_47787,5.0,sequence_47757,36.0,0.0051629068384335
