,id_seq1,target_seq1,id_seq2,target_seq2,distance
49,sequence_47787,5.0,sequence_47727,45.0,0.0086501544846138
23,sequence_47787,5.0,sequence_47783,24.5,0.007565563178275
112,sequence_47787,5.0,sequence_47662,28.0,0.0097239246408489
110,sequence_47787,5.0,sequence_47734,110.0,0.0118133696312475
111,sequence_47787,5.0,sequence_47811,24.0,0.0075840389134403
51,sequence_47787,5.0,sequence_47775,23.0,0.0076777660461456
109,sequence_47787,5.0,sequence_47726,120.0,0.0097296612939208
50,sequence_47787,5.0,sequence_47756,37.0,0.0086694981670365
