,id_seq1,target_seq1,id_seq2,target_seq2,distance
2,sequence_47787,5.0,sequence_47790,9.0,0.0019823629902129
66,sequence_47787,5.0,sequence_47759,36.0,0.0061167768903147
