,id_seq1,target_seq1,id_seq2,target_seq2,distance
41,sequence_47787,5.0,sequence_47806,73.0,0.0295124828821083
94,sequence_47787,5.0,sequence_47764,118.0,0.0318630727454538
89,sequence_47787,5.0,sequence_47762,127.0,0.029811421250509
92,sequence_47787,5.0,sequence_47812,121.0,0.0295967272978381
95,sequence_47787,5.0,sequence_47763,122.0,0.0296974923314482
