,id_seq1,target_seq1,id_seq2,target_seq2,distance
111,sequence_47787,5.0,sequence_47811,24.0,0.0149302697310559
50,sequence_47787,5.0,sequence_47756,37.0,0.0186782811566075
51,sequence_47787,5.0,sequence_47775,23.0,0.0148340721472535
49,sequence_47787,5.0,sequence_47727,45.0,0.0185780600742467
23,sequence_47787,5.0,sequence_47783,24.5,0.0148288148793754
