,id_seq1,target_seq1,id_seq2,target_seq2,distance
132,sequence_47787,5.0,sequence_47711,57.0,0.0332259092896825
133,sequence_47787,5.0,sequence_47739,35.0,0.0331234617583547
134,sequence_47787,5.0,sequence_47735,55.0,0.0331868504785168
