,id_seq1,target_seq1,id_seq2,target_seq2,distance
85,sequence_47787,5.0,sequence_47677,103.0,0.0381189504831852
131,sequence_47787,5.0,sequence_47676,56.0,0.0379169485826941
84,sequence_47787,5.0,sequence_47709,119.0,0.0427636524029124
125,sequence_47787,5.0,sequence_47720,80.0,0.0425539243057246
98,sequence_47787,5.0,sequence_47693,64.0,0.0403506801764197
