,id_seq1,target_seq1,id_seq2,target_seq2,distance
115,sequence_47787,5.0,sequence_47732,30.0,0.0263584887671357
114,sequence_47787,5.0,sequence_47733,25.0,0.0258452013666701
54,sequence_47787,5.0,sequence_47797,27.0,0.0225938354252933
119,sequence_47787,5.0,sequence_47753,74.0,0.0315882894659897
