,id_seq1,target_seq1,id_seq2,target_seq2,distance
83,sequence_47787,5.0,sequence_47708,111.0,0.0350128222911422
40,sequence_47787,5.0,sequence_47724,48.0,0.0352563181706575
36,sequence_47787,5.0,sequence_47683,75.0,0.0343387472925799
88,sequence_47787,5.0,sequence_47707,79.0,0.0348118517557384
39,sequence_47787,5.0,sequence_47682,53.0,0.0341360845150052
16,sequence_47787,5.0,sequence_47686,22.0,0.0321285553877993
