,id_seq1,target_seq1,id_seq2,target_seq2,distance
86,sequence_47787,5.0,sequence_47692,87.5,0.0447037983592291
128,sequence_47787,5.0,sequence_47723,69.0,0.0435915970493884
129,sequence_47787,5.0,sequence_47722,75.0,0.0435408820585727
96,sequence_47787,5.0,sequence_47699,62.0,0.0447037983592291
126,sequence_47787,5.0,sequence_47716,84.0,0.0441676556908142
123,sequence_47787,5.0,sequence_47718,81.0,0.0435408820585727
99,sequence_47787,5.0,sequence_47690,63.0,0.0451136743515685
102,sequence_47787,5.0,sequence_47725,57.0,0.0458193986843942
97,sequence_47787,5.0,sequence_47687,92.0,0.0453300013304538
