,id_seq1,target_seq1,id_seq2,target_seq2,distance
5,sequence_47787,5.0,sequence_47779,11.0,0.0020343450003734
141,sequence_47787,5.0,sequence_47808,4.0,0.0001856814892607
146,sequence_47787,5.0,sequence_47809,10.0,0.0011528970915889
142,sequence_47787,5.0,sequence_47792,12.0,0.0009673007737641
11,sequence_47787,5.0,sequence_47776,9.0,9.90828545588407e-06
