,id_seq1,target_seq1,id_seq2,target_seq2,distance
47,sequence_47787,5.0,sequence_47666,69.0,0.0241449853386069
35,sequence_47787,5.0,sequence_47689,52.0,0.0216633279415898
48,sequence_47787,5.0,sequence_47671,36.0,0.0203326273104375
