,id_seq1,target_seq1,id_seq2,target_seq2,distance
127,sequence_47787,5.0,sequence_47719,66.0,0.0376975535080758
65,sequence_47787,5.0,sequence_47721,40.0,0.0369792052750762
122,sequence_47787,5.0,sequence_47715,101.0,0.0389872277075469
37,sequence_47787,5.0,sequence_47697,55.5,0.0381433906722831
38,sequence_47787,5.0,sequence_47678,37.0,0.0359066636948436
124,sequence_47787,5.0,sequence_47717,66.0,0.0391881821183689
