,id_seq1,target_seq1,id_seq2,target_seq2,distance
10,sequence_47787,5.0,sequence_47795,7.0,0.0083094612769445
29,sequence_47787,5.0,sequence_47771,18.0,0.0075027944685455
9,sequence_47787,5.0,sequence_47772,12.0,0.0037213549626582
136,sequence_47787,5.0,sequence_47801,4.0,0.0059911942270491
28,sequence_47787,5.0,sequence_47768,17.0,0.005758602128204
26,sequence_47787,5.0,sequence_47760,26.0,0.0039145581711482
