,id_seq1,target_seq1,id_seq2,target_seq2,distance
101,sequence_47787,5.0,sequence_47714,51.0,0.042167327673813
43,sequence_47787,5.0,sequence_47804,23.0,0.0360458753767349
67,sequence_47787,5.0,sequence_47774,21.0,0.0338129359158219
100,sequence_47787,5.0,sequence_47712,49.0,0.0400109359223925
