,id_seq1,target_seq1,id_seq2,target_seq2,distance
138,sequence_47787,5.0,sequence_47802,4.0,0.0132968172287071
144,sequence_47787,5.0,sequence_47788,5.0,0.0072961060481003
120,sequence_47787,5.0,sequence_47740,158.0,0.0152573227693505
56,sequence_47787,5.0,sequence_47751,34.0,0.0148841443413322
