,id_seq1,target_seq1,id_seq2,target_seq2,distance
74,sequence_53082,55.0,sequence_19451,51.0,0.95703125
209,sequence_53082,55.0,sequence_19481,63.1,0.953125
222,sequence_53082,55.0,sequence_19483,60.6,0.9521484375
334,sequence_19402,43.0,sequence_19451,51.0,0.9287109375
469,sequence_19402,43.0,sequence_19481,63.1,0.94140625
482,sequence_19402,43.0,sequence_19483,60.6,0.9384765625
