,id_seq1,target_seq1,id_seq2,target_seq2,distance
143,sequence_47787,5.0,sequence_47791,4.0,0.0025125628140703
139,sequence_47787,5.0,sequence_47794,18.0,0.0100502512562814
137,sequence_47787,5.0,sequence_47805,22.0,0.007537688442211
7,sequence_47787,5.0,sequence_47786,18.0,0.0050251256281407
135,sequence_47787,5.0,sequence_47793,16.0,0.0050251256281407
