,id_seq1,target_seq1,id_seq2,target_seq2,distance
79,sequence_47787,5.0,sequence_47675,57.0,0.0175879396984924
78,sequence_47787,5.0,sequence_47706,77.0,0.0175879396984924
77,sequence_47787,5.0,sequence_47701,63.0,0.0175879396984924
72,sequence_47787,5.0,sequence_47702,69.0,0.0175879396984924
