,id_seq1,target_seq1,id_seq2,target_seq2,distance
73,sequence_47787,5.0,sequence_47672,76.0,0.0150753768844221
32,sequence_47787,5.0,sequence_47680,73.0,0.0125628140703517
74,sequence_47787,5.0,sequence_47705,71.0,0.0150753768844221
76,sequence_47787,5.0,sequence_47691,40.0,0.0150753768844221
80,sequence_47787,5.0,sequence_47698,56.0,0.0150753768844221
