,id_seq1,target_seq1,id_seq2,target_seq2,distance
144,sequence_47787,5.0,sequence_47788,5.0,0.0025125628140703
148,sequence_47787,5.0,sequence_47810,5.57,0.0025125628140703
136,sequence_47787,5.0,sequence_47801,4.0,0.0025125628140703
138,sequence_47787,5.0,sequence_47802,4.0,0.0050251256281407
142,sequence_47787,5.0,sequence_47792,12.0,0.0025125628140703
149,sequence_47787,5.0,sequence_47766,4.19,0.0025125628140703
