,id_seq1,target_seq1,id_seq2,target_seq2,distance
60,sequence_47787,5.0,sequence_47745,83.0,0.0125628140703517
120,sequence_47787,5.0,sequence_47740,158.0,0.0175879396984924
63,sequence_47787,5.0,sequence_47749,81.0,0.0125628140703517
