,id_seq1,target_seq1,id_seq2,target_seq2,distance
57,sequence_47787,5.0,sequence_47741,102.0,0.0125628140703517
117,sequence_47787,5.0,sequence_47746,94.0,0.0150753768844221
60,sequence_47787,5.0,sequence_47745,83.0,0.0125628140703517
119,sequence_47787,5.0,sequence_47753,74.0,0.0150753768844221
63,sequence_47787,5.0,sequence_47749,81.0,0.0125628140703517
58,sequence_47787,5.0,sequence_47743,63.0,0.0125628140703517
116,sequence_47787,5.0,sequence_47755,100.0,0.0150753768844221
