,id_seq1,target_seq1,id_seq2,target_seq2,distance
48,sequence_47787,5.0,sequence_47671,36.0,0.0150753768844221
106,sequence_47787,5.0,sequence_47665,50.0,0.0175879396984924
105,sequence_47787,5.0,sequence_47670,97.0,0.0175879396984924
114,sequence_47787,5.0,sequence_47733,25.0,0.0125628140703517
47,sequence_47787,5.0,sequence_47666,69.0,0.0150753768844221
53,sequence_47787,5.0,sequence_47758,22.0,0.0125628140703517
