,id_seq1,target_seq1,id_seq2,target_seq2,distance
52,sequence_47787,5.0,sequence_47730,35.0,0.0100502512562814
107,sequence_47787,5.0,sequence_47661,52.0,0.0150753768844221
62,sequence_47787,5.0,sequence_47748,79.0,0.0125628140703517
