,id_seq1,target_seq1,id_seq2,target_seq2,distance
18,sequence_47787,5.0,sequence_47780,23.0,0.0100502512562814
43,sequence_47787,5.0,sequence_47804,23.0,0.0125628140703517
45,sequence_47787,5.0,sequence_47799,24.0,0.0125628140703517
44,sequence_47787,5.0,sequence_47800,20.0,0.0125628140703517
19,sequence_47787,5.0,sequence_47785,25.0,0.0100502512562814
17,sequence_47787,5.0,sequence_47778,26.0,0.0100502512562814
