,id_seq1,target_seq1,id_seq2,target_seq2,distance
13,sequence_47787,5.0,sequence_47679,44.0,0.0100502512562814
30,sequence_47787,5.0,sequence_47681,44.0,0.0125628140703517
32,sequence_47787,5.0,sequence_47680,73.0,0.0125628140703517
