,id_seq1,target_seq1,id_seq2,target_seq2,distance
93,sequence_47787,5.0,sequence_47761,120.0,0.0175879396984924
94,sequence_47787,5.0,sequence_47764,118.0,0.0175879396984924
89,sequence_47787,5.0,sequence_47762,127.0,0.0175879396984924
92,sequence_47787,5.0,sequence_47812,121.0,0.0175879396984924
28,sequence_47787,5.0,sequence_47768,17.0,0.007537688442211
90,sequence_47787,5.0,sequence_47765,118.0,0.0175879396984924
41,sequence_47787,5.0,sequence_47806,73.0,0.0150753768844221
42,sequence_47787,5.0,sequence_47807,42.0,0.0150753768844221
