,id_seq1,target_seq1,id_seq2,target_seq2,distance
55,sequence_47787,5.0,sequence_47798,23.0,0.002326118744419
24,sequence_47787,5.0,sequence_47796,20.0,0.0021458946945657
6,sequence_47787,5.0,sequence_47784,21.0,0.0019959510050604
