,id_seq1,target_seq1,id_seq2,target_seq2,distance
73,sequence_47787,5.0,sequence_47672,76.0,0.0020486593002199
30,sequence_47787,5.0,sequence_47681,44.0,0.0019811729714284
32,sequence_47787,5.0,sequence_47680,73.0,0.0019937173415864
74,sequence_47787,5.0,sequence_47705,71.0,0.0019777380978912
13,sequence_47787,5.0,sequence_47679,44.0,0.0019967662937094
80,sequence_47787,5.0,sequence_47698,56.0,0.0021137595305429
