,id_seq1,target_seq1,id_seq2,target_seq2,distance
23,sequence_47787,5.0,sequence_47783,24.5,0.0043041725771604
111,sequence_47787,5.0,sequence_47811,24.0,0.0043976087144793
54,sequence_47787,5.0,sequence_47797,27.0,0.0043033406879695
51,sequence_47787,5.0,sequence_47775,23.0,0.0045619592035851
