,id_seq1,target_seq1,id_seq2,target_seq2,distance
100,sequence_47787,5.0,sequence_47712,49.0,0.002596726785225
96,sequence_47787,5.0,sequence_47699,62.0,0.0023732354954217
39,sequence_47787,5.0,sequence_47682,53.0,0.0022417963095231
102,sequence_47787,5.0,sequence_47725,57.0,0.0030097731638684
36,sequence_47787,5.0,sequence_47683,75.0,0.0025886138542531
40,sequence_47787,5.0,sequence_47724,48.0,0.002881778234141
98,sequence_47787,5.0,sequence_47693,64.0,0.0025980287780525
