,id_seq1,target_seq1,id_seq2,target_seq2,distance
57,sequence_47787,5.0,sequence_47741,102.0,0.0022165260353421
70,sequence_47787,5.0,sequence_47738,55.0,0.0021937196356552
117,sequence_47787,5.0,sequence_47746,94.0,0.0026467451632355
63,sequence_47787,5.0,sequence_47749,81.0,0.0018518484074292
58,sequence_47787,5.0,sequence_47743,63.0,0.0025484470521893
116,sequence_47787,5.0,sequence_47755,100.0,0.0019435517849762
