,id_seq1,target_seq1,id_seq2,target_seq2,distance
136,sequence_47787,5.0,sequence_47801,4.0,1.0263944754007603e-05
138,sequence_47787,5.0,sequence_47802,4.0,1.969765980780469e-05
144,sequence_47787,5.0,sequence_47788,5.0,9.13651181111419e-06
142,sequence_47787,5.0,sequence_47792,12.0,0.0003615819592804
