,id_seq1,target_seq1,id_seq2,target_seq2,distance
60,sequence_47787,5.0,sequence_47745,83.0,0.002654794248282
70,sequence_47787,5.0,sequence_47738,55.0,0.0021937196356552
69,sequence_47787,5.0,sequence_47713,51.0,0.0023895892698677
117,sequence_47787,5.0,sequence_47746,94.0,0.0026467451632355
119,sequence_47787,5.0,sequence_47753,74.0,0.0024224467605259
