,id_seq1,target_seq1,id_seq2,target_seq2,distance
130,sequence_47787,5.0,sequence_47674,38.0,0.0024529199528441
72,sequence_47787,5.0,sequence_47702,69.0,0.0023368480250394
34,sequence_47787,5.0,sequence_47700,65.0,0.0023503162694704
79,sequence_47787,5.0,sequence_47675,57.0,0.0030706287046508
33,sequence_47787,5.0,sequence_47673,65.5,0.002466344763547
78,sequence_47787,5.0,sequence_47706,77.0,0.0023825809960276
77,sequence_47787,5.0,sequence_47701,63.0,0.0023526233579875
