,id_seq1,target_seq1,id_seq2,target_seq2,distance
93,sequence_47787,5.0,sequence_47761,120.0,0.0018576312150719
94,sequence_47787,5.0,sequence_47764,118.0,0.0020687484741502
89,sequence_47787,5.0,sequence_47762,127.0,0.0020150208357474
92,sequence_47787,5.0,sequence_47812,121.0,0.0018812958046801
90,sequence_47787,5.0,sequence_47765,118.0,0.0019533217065329
41,sequence_47787,5.0,sequence_47806,73.0,0.0018562983946774
67,sequence_47787,5.0,sequence_47774,21.0,0.0020890901321785
42,sequence_47787,5.0,sequence_47807,42.0,0.0016992391973287
71,sequence_47787,5.0,sequence_47769,25.0,0.0019666386887919
