,id_seq1,target_seq1,id_seq2,target_seq2,distance
15,sequence_40826,539,sequence_40844,519,18.776613277304808
24,sequence_40826,539,sequence_40856,498,19.411950267644308
28,sequence_40826,539,sequence_40858,495,19.914739393703623
30,sequence_40826,539,sequence_40843,495,19.578239015144877
