,id_seq1,target_seq1,id_seq2,target_seq2,distance
43,sequence_40826,539,sequence_40860,535,13.234978406061645
57,sequence_40826,539,sequence_40862,546,22.86309911536214
