,id_seq1,target_seq1,id_seq2,target_seq2,distance
14,sequence_40826,539,sequence_40842,522,0.1379158038296367
55,sequence_40826,539,sequence_40808,543,9.637580834855642
56,sequence_40826,539,sequence_40810,549,2.116151565490576
59,sequence_40826,539,sequence_40836,543,5.799990299551999
18,sequence_40826,539,sequence_40817,528,1.325218034449264
