,id_seq1,target_seq1,id_seq2,target_seq2,distance
59,sequence_40826,539,sequence_40836,543,5.799990299551999
47,sequence_40826,539,sequence_40824,523,2.1052276209436536
55,sequence_40826,539,sequence_40808,543,9.637580834855642
18,sequence_40826,539,sequence_40817,528,1.325218034449264
