,id_seq1,target_seq1,id_seq2,target_seq2,distance
211,sequence_51016,-4.626935645431157,sequence_51142,-7.121316080640148,70.16894817074912
13,sequence_51016,-4.626935645431157,sequence_51183,-7.546017632580344,71.9932346596342
206,sequence_51016,-4.626935645431157,sequence_51150,-7.330164570040457,64.32599253702796
127,sequence_51016,-4.626935645431157,sequence_51185,-5.7929627601304565,69.15315305102104
19,sequence_51016,-4.626935645431157,sequence_51182,-5.384437728556348,65.10491452878219
