,id_seq1,target_seq1,id_seq2,target_seq2,distance
99,sequence_51016,-4.626935645431157,sequence_51189,-4.558817450583756,64.06991149111641
116,sequence_51016,-4.626935645431157,sequence_51180,-6.304185064160062,74.44244172472384
100,sequence_51016,-4.626935645431157,sequence_51167,-6.709785800218548,74.34925517749136
113,sequence_51016,-4.626935645431157,sequence_51161,-8.29923749627917,72.12068152859463
10,sequence_51016,-4.626935645431157,sequence_51169,-6.371702819572715,74.33670176170543
18,sequence_51016,-4.626935645431157,sequence_51171,-5.988608431336485,71.71891934985875
2,sequence_51016,-4.626935645431157,sequence_51136,-5.335352191963125,72.71754164732432
22,sequence_51016,-4.626935645431157,sequence_51196,-7.3141295128133885,66.84213837777628
232,sequence_51016,-4.626935645431157,sequence_51201,-6.724658769791372,68.4961990547933
115,sequence_51016,-4.626935645431157,sequence_51156,-6.2249740524313975,73.90596571193241
