,id_seq1,target_seq1,id_seq2,target_seq2,distance
199,sequence_53082,55.0,sequence_19470,61.0,4.316871181770426
123,sequence_53082,55.0,sequence_19442,47.4,3.410015095274506
214,sequence_53082,55.0,sequence_19464,62.2,4.577316070581099
259,sequence_53082,55.0,sequence_19401,47.4,3.7730888778294105
459,sequence_19402,43.0,sequence_19470,61.0,3.689718401179146
383,sequence_19402,43.0,sequence_19442,47.4,3.753972523873876
474,sequence_19402,43.0,sequence_19464,62.2,4.308937670702606
519,sequence_19402,43.0,sequence_19401,47.4,3.766485890057202
