,id_seq1,target_seq1,id_seq2,target_seq2,distance
37,sequence_53082,55.0,sequence_19506,49.3,5.319800236851004
297,sequence_19402,43.0,sequence_19506,49.3,3.496095181770656
557,sequence_20054,49.0,sequence_19506,49.3,3.520605828547125
