,id_seq1,target_seq1,id_seq2,target_seq2,distance
97,sequence_53082,55.0,sequence_53074,48.3,0.990234375
357,sequence_19402,43.0,sequence_53074,48.3,0.9931640625
617,sequence_20054,49.0,sequence_53074,48.3,0.9873046875
