,id_seq1,target_seq1,id_seq2,target_seq2,distance
73,sequence_40826,539,sequence_40802,560,0.0274818878201394
76,sequence_40826,539,sequence_40866,620,0.0274187263744364
77,sequence_40826,539,sequence_40799,597,0.0291147565373372
72,sequence_40826,539,sequence_40801,561,0.0309233353690617
