,id_seq1,target_seq1,id_seq2,target_seq2,distance
78,sequence_47787,5.0,sequence_47706,77.0,22.218654323452014
77,sequence_47787,5.0,sequence_47701,63.0,23.431031186833597
