,id_seq1,target_seq1,id_seq2,target_seq2,distance
60,sequence_47787,5.0,sequence_47745,83.0,10.836303407609964
47,sequence_47787,5.0,sequence_47666,69.0,14.403136697150892
113,sequence_47787,5.0,sequence_47731,32.0,14.486349770523258
48,sequence_47787,5.0,sequence_47671,36.0,14.314897272075356
62,sequence_47787,5.0,sequence_47748,79.0,10.491249206130668
117,sequence_47787,5.0,sequence_47746,94.0,12.224199269715356
119,sequence_47787,5.0,sequence_47753,74.0,15.616244254125863
