,id_seq1,target_seq1,id_seq2,target_seq2,distance
52,sequence_47787,5.0,sequence_47730,35.0,14.246259164556449
81,sequence_47787,5.0,sequence_47688,90.0,13.207787665320376
24,sequence_47787,5.0,sequence_47796,20.0,14.779734437332992
35,sequence_47787,5.0,sequence_47689,52.0,13.072546606172452
22,sequence_47787,5.0,sequence_47757,36.0,12.939677113639242
113,sequence_47787,5.0,sequence_47731,32.0,14.486349770523258
