,id_seq1,target_seq1,id_seq2,target_seq2,distance
126,sequence_47787,5.0,sequence_47716,84.0,19.1294559264848
124,sequence_47787,5.0,sequence_47717,66.0,19.35386136479677
