,id_seq1,target_seq1,id_seq2,target_seq2,distance
145,sequence_47787,5.0,sequence_47729,34.0,987.3849601113792
147,sequence_47787,5.0,sequence_47737,27.0,1012.3819333998114
7,sequence_47787,5.0,sequence_47786,18.0,616.7161043739331
146,sequence_47787,5.0,sequence_47809,10.0,884.2625161482081
135,sequence_47787,5.0,sequence_47793,16.0,869.1367337857491
142,sequence_47787,5.0,sequence_47792,12.0,851.8235195349973
