,id_seq1,target_seq1,id_seq2,target_seq2,distance
52,sequence_47787,5.0,sequence_47730,35.0,1402.3148760311287
24,sequence_47787,5.0,sequence_47796,20.0,1310.7036922962643
113,sequence_47787,5.0,sequence_47731,32.0,1411.5416987119827
53,sequence_47787,5.0,sequence_47758,22.0,1526.1779174538465
