,id_seq1,target_seq1,id_seq2,target_seq2,distance
116,sequence_47787,5.0,sequence_47755,100.0,1228.7429724078222
56,sequence_47787,5.0,sequence_47751,34.0,1196.863169245691
118,sequence_47787,5.0,sequence_47754,70.0,1285.6476633020145
119,sequence_47787,5.0,sequence_47753,74.0,1540.37714313519
