,id_seq1,target_seq1,id_seq2,target_seq2,distance
81,sequence_47787,5.0,sequence_47688,90.0,1952.515423496583
15,sequence_47787,5.0,sequence_47710,43.0,1938.5844299446285
14,sequence_47787,5.0,sequence_47695,52.0,1839.2456532597516
