,id_seq1,target_seq1,id_seq2,target_seq2,distance
94,sequence_47787,5.0,sequence_47764,118.0,2249.64056437793
90,sequence_47787,5.0,sequence_47765,118.0,2124.85668243222
89,sequence_47787,5.0,sequence_47762,127.0,1865.4754749088984
93,sequence_47787,5.0,sequence_47761,120.0,1965.478435177016
91,sequence_47787,5.0,sequence_47767,105.0,1867.369174128788
