,id_seq1,target_seq1,id_seq2,target_seq2,distance
111,sequence_47787,5.0,sequence_47811,24.0,1423.683977092764
109,sequence_47787,5.0,sequence_47726,120.0,1463.759998186554
50,sequence_47787,5.0,sequence_47756,37.0,1448.5344441559132
51,sequence_47787,5.0,sequence_47775,23.0,1325.175480437142
49,sequence_47787,5.0,sequence_47727,45.0,1351.6927156062025
23,sequence_47787,5.0,sequence_47783,24.5,1313.2915388151025
110,sequence_47787,5.0,sequence_47734,110.0,1590.1479654305067
