,id_seq1,target_seq1,id_seq2,target_seq2,distance
137,sequence_47787,5.0,sequence_47805,22.0,1514.0754628227685
136,sequence_47787,5.0,sequence_47801,4.0,1186.6122151344432
10,sequence_47787,5.0,sequence_47795,7.0,1408.6628775558722
138,sequence_47787,5.0,sequence_47802,4.0,1434.3148121041695
