,id_seq1,target_seq1,id_seq2,target_seq2,distance
64,sequence_47787,5.0,sequence_47744,69.0,1278.5980964572018
57,sequence_47787,5.0,sequence_47741,102.0,1131.2671460062516
70,sequence_47787,5.0,sequence_47738,55.0,1132.7678024644724
60,sequence_47787,5.0,sequence_47745,83.0,1497.1257378583173
61,sequence_47787,5.0,sequence_47747,72.0,1253.249651103893
