,id_seq1,target_seq1,id_seq2,target_seq2,distance
4,sequence_47787,5.0,sequence_47777,11.0,672.3938016330088
5,sequence_47787,5.0,sequence_47779,11.0,673.4831293248554
28,sequence_47787,5.0,sequence_47768,17.0,783.2473662186743
3,sequence_47787,5.0,sequence_47781,12.0,557.3086752252382
