,id_seq1,target_seq1,id_seq2,target_seq2,distance
41,sequence_47787,5.0,sequence_47806,73.0,1426.3774609197771
71,sequence_47787,5.0,sequence_47769,25.0,1433.2941922186455
68,sequence_47787,5.0,sequence_47770,25.0,1549.4911807083895
17,sequence_47787,5.0,sequence_47778,26.0,1378.7778179852148
92,sequence_47787,5.0,sequence_47812,121.0,1540.113822629542
95,sequence_47787,5.0,sequence_47763,122.0,1471.2743548061014
18,sequence_47787,5.0,sequence_47780,23.0,1383.1850677306595
