,id_seq1,target_seq1,id_seq2,target_seq2,distance
93,sequence_47787,5.0,sequence_47761,120.0,0.0155769059828966
41,sequence_47787,5.0,sequence_47806,73.0,0.0136612590927776
