,id_seq1,target_seq1,id_seq2,target_seq2,distance
87,sequence_47787,5.0,sequence_47703,95.0,0.0164642035944651
79,sequence_47787,5.0,sequence_47675,57.0,0.0171043854025802
78,sequence_47787,5.0,sequence_47706,77.0,0.0161480648995475
77,sequence_47787,5.0,sequence_47701,63.0,0.0168525962391555
72,sequence_47787,5.0,sequence_47702,69.0,0.0159536829603699
