,id_seq1,target_seq1,id_seq2,target_seq2,distance
75,sequence_47787,5.0,sequence_47694,51.0,0.0165399516323355
99,sequence_47787,5.0,sequence_47690,63.0,0.0175971588615889
98,sequence_47787,5.0,sequence_47693,64.0,0.0177093195803791
96,sequence_47787,5.0,sequence_47699,62.0,0.0176343414960695
76,sequence_47787,5.0,sequence_47691,40.0,0.0172707845797462
97,sequence_47787,5.0,sequence_47687,92.0,0.0183251193720532
86,sequence_47787,5.0,sequence_47692,87.5,0.0177251234128284
80,sequence_47787,5.0,sequence_47698,56.0,0.0169543504741408
