,id_seq1,target_seq1,id_seq2,target_seq2,distance
65,sequence_47787,5.0,sequence_47721,40.0,0.0135081456906564
12,sequence_47787,5.0,sequence_47685,24.0,0.0121827747249959
16,sequence_47787,5.0,sequence_47686,22.0,0.0126134848475748
37,sequence_47787,5.0,sequence_47697,55.5,0.0151086068186315
31,sequence_47787,5.0,sequence_47696,47.0,0.0144239384358087
66,sequence_47787,5.0,sequence_47759,36.0,0.0155283611498444
38,sequence_47787,5.0,sequence_47678,37.0,0.0140712472794702
56,sequence_47787,5.0,sequence_47751,34.0,0.0144689322342735
