,id_seq1,target_seq1,id_seq2,target_seq2,distance
27,sequence_47787,5.0,sequence_47773,19.0,0.010351811435686
20,sequence_47787,5.0,sequence_47803,12.0,0.011438968484964
138,sequence_47787,5.0,sequence_47802,4.0,0.0106508215645554
2,sequence_47787,5.0,sequence_47790,9.0,0.0101999999999999
144,sequence_47787,5.0,sequence_47788,5.0,0.008639444426582
1,sequence_47787,5.0,sequence_47789,10.0,0.0090199778270237
