,id_seq1,target_seq1,id_seq2,target_seq2,distance
46,sequence_47787,5.0,sequence_47664,32.0,0.0138351002887582
106,sequence_47787,5.0,sequence_47665,50.0,0.0152702324802211
