,id_seq1,target_seq1,id_seq2,target_seq2,distance
4,sequence_47787,5.0,sequence_47777,11.0,85.28020000000001
5,sequence_47787,5.0,sequence_47779,11.0,85.28020000000001
19,sequence_47787,5.0,sequence_47785,25.0,96.01919999999998
3,sequence_47787,5.0,sequence_47781,12.0,91.2214
