,id_seq1,target_seq1,id_seq2,target_seq2,distance
56,sequence_40826,539,sequence_40810,549,0.8429752066115702
43,sequence_40826,539,sequence_40860,535,0.8429752066115702
50,sequence_40826,539,sequence_40800,558,0.8429752066115702
4,sequence_40826,539,sequence_40807,528,0.8429752066115702
53,sequence_40826,539,sequence_40805,564,0.8429752066115702
73,sequence_40826,539,sequence_40802,560,0.859504132231405
72,sequence_40826,539,sequence_40801,561,0.859504132231405
2,sequence_40826,539,sequence_40794,519,0.8429752066115702
