,id_seq1,target_seq1,id_seq2,target_seq2,distance
1,sequence_40826,539,sequence_40789,510,0.8429752066115702
78,sequence_40826,539,sequence_40788,510,0.8760330578512396
