,id_seq1,target_seq1,id_seq2,target_seq2,distance
35,sequence_47787,5.0,sequence_47689,52.0,0.0053245485591421
117,sequence_47787,5.0,sequence_47746,94.0,0.0066706179352676
22,sequence_47787,5.0,sequence_47757,36.0,0.0047524657889968
119,sequence_47787,5.0,sequence_47753,74.0,0.0081395740666376
113,sequence_47787,5.0,sequence_47731,32.0,0.0067586383699971
62,sequence_47787,5.0,sequence_47748,79.0,0.005204179386132
