,id_seq1,target_seq1,id_seq2,target_seq2,distance
60,sequence_47787,5.0,sequence_47745,83.0,0.0054546856600405
52,sequence_47787,5.0,sequence_47730,35.0,0.006491299547165
119,sequence_47787,5.0,sequence_47753,74.0,0.0081395740666376
