,id_seq1,target_seq1,id_seq2,target_seq2,distance
16,sequence_47787,5.0,sequence_47686,22.0,0.004635121103906
37,sequence_47787,5.0,sequence_47697,55.5,0.0052743334624616
38,sequence_47787,5.0,sequence_47678,37.0,0.0060515329631224
