,id_seq1,target_seq1,id_seq2,target_seq2,distance
115,sequence_47787,5.0,sequence_47732,30.0,0.0089135434958956
99,sequence_47787,5.0,sequence_47690,63.0,0.008455972032425
109,sequence_47787,5.0,sequence_47726,120.0,0.0091137981747122
50,sequence_47787,5.0,sequence_47756,37.0,0.0078651976562561
