,id_seq1,target_seq1,id_seq2,target_seq2,distance
49,sequence_47787,5.0,sequence_47727,45.0,0.0076922297342533
110,sequence_47787,5.0,sequence_47734,110.0,0.0110750688696234
54,sequence_47787,5.0,sequence_47797,27.0,0.0074938583025822
