,id_seq1,target_seq1,id_seq2,target_seq2,distance
94,sequence_47787,5.0,sequence_47764,118.0,0.0118565442824387
90,sequence_47787,5.0,sequence_47765,118.0,0.0108500102766584
93,sequence_47787,5.0,sequence_47761,120.0,0.0106115555439086
91,sequence_47787,5.0,sequence_47767,105.0,0.0108843554155753
95,sequence_47787,5.0,sequence_47763,122.0,0.0114131665985966
