,id_seq1,target_seq1,id_seq2,target_seq2,distance
26,sequence_40826,539,sequence_40851,477,0.0145418436894623
31,sequence_40826,539,sequence_40846,483,0.0148233237525688
