,id_seq1,target_seq1,id_seq2,target_seq2,distance
78,sequence_51016,-4.626935645431157,sequence_32113,-9.174039097210208,316.2494644854484
325,sequence_51170,-5.599110392902725,sequence_32113,-9.174039097210208,318.3763907588317
572,sequence_32130,-5.7157882520247325,sequence_32113,-9.174039097210208,220.4479340448148
