,id_seq1,target_seq1,id_seq2,target_seq2,distance
221,sequence_51016,-4.626935645431157,sequence_51126,-6.8444229718282426,0.9196675900277008
98,sequence_51016,-4.626935645431157,sequence_51133,-5.587718813645618,0.9196675900277008
123,sequence_51016,-4.626935645431157,sequence_51198,-7.041057436612152,0.9141274238227148
2,sequence_51016,-4.626935645431157,sequence_51136,-5.335352191963125,0.9168975069252078
468,sequence_51170,-5.599110392902725,sequence_51126,-6.8444229718282426,0.3074792243767313
345,sequence_51170,-5.599110392902725,sequence_51133,-5.587718813645618,0.3240997229916897
370,sequence_51170,-5.599110392902725,sequence_51198,-7.041057436612152,0.2825484764542936
249,sequence_51170,-5.599110392902725,sequence_51136,-5.335352191963125,0.3462603878116344
