,id_seq1,target_seq1,id_seq2,target_seq2,distance
30,sequence_40826,539,sequence_40843,495,1412.54409523068
15,sequence_40826,539,sequence_40844,519,1268.247218668876
24,sequence_40826,539,sequence_40856,498,1411.2313808834645
