,id_seq1,target_seq1,id_seq2,target_seq2,distance
66,sequence_40826,539,sequence_40832,555,82.33990374423584
22,sequence_40826,539,sequence_40829,528,519.6117605158105
54,sequence_40826,539,sequence_40864,549,228.63637678444775
44,sequence_40826,539,sequence_40839,538,95.73170845127537
11,sequence_40826,539,sequence_40857,522,217.08585455998735
23,sequence_40826,539,sequence_40831,525,609.4843253938941
