,id_seq1,target_seq1,id_seq2,target_seq2,distance
32,sequence_40826,539,sequence_40791,454,2571.302789726978
33,sequence_40826,539,sequence_40793,456,2314.541726010808
