,id_seq1,target_seq1,id_seq2,target_seq2,distance
79,sequence_53082,55.0,sequence_19397,49.6,133.476509202817
339,sequence_19402,43.0,sequence_19397,49.6,76.03337981693986
599,sequence_20054,49.0,sequence_19397,49.6,73.24447405516736
