,id_seq1,target_seq1,id_seq2,target_seq2,distance
33,sequence_47787,5.0,sequence_47673,65.5,7763.145135795631
14,sequence_47787,5.0,sequence_47695,52.0,7828.216878300623
79,sequence_47787,5.0,sequence_47675,57.0,7787.990605749499
15,sequence_47787,5.0,sequence_47710,43.0,7834.190017184955
