,id_seq1,target_seq1,id_seq2,target_seq2,distance
58,sequence_47787,5.0,sequence_47743,63.0,6453.869812483865
57,sequence_47787,5.0,sequence_47741,102.0,6393.662348181672
59,sequence_47787,5.0,sequence_47752,67.0,7296.552719583739
