,id_seq1,target_seq1,id_seq2,target_seq2,distance
115,sequence_47787,5.0,sequence_47732,30.0,10155.04586847364
116,sequence_47787,5.0,sequence_47755,100.0,9806.068516532288
114,sequence_47787,5.0,sequence_47733,25.0,10069.301562657887
54,sequence_47787,5.0,sequence_47797,27.0,9353.741883521783
119,sequence_47787,5.0,sequence_47753,74.0,11137.18930250501
