,id_seq1,target_seq1,id_seq2,target_seq2,distance
128,sequence_47787,5.0,sequence_47723,69.0,12933.869430480388
102,sequence_47787,5.0,sequence_47725,57.0,13293.612726730436
126,sequence_47787,5.0,sequence_47716,84.0,13023.60183798273
99,sequence_47787,5.0,sequence_47690,63.0,13167.246435901176
129,sequence_47787,5.0,sequence_47722,75.0,12925.747216081932
96,sequence_47787,5.0,sequence_47699,62.0,13116.683880002687
97,sequence_47787,5.0,sequence_47687,92.0,13202.375888322513
86,sequence_47787,5.0,sequence_47692,87.5,13100.245747980358
123,sequence_47787,5.0,sequence_47718,81.0,12921.188797030914
