,id_seq1,target_seq1,id_seq2,target_seq2,distance
85,sequence_47787,5.0,sequence_47677,103.0,11860.590184281817
131,sequence_47787,5.0,sequence_47676,56.0,11840.124131515651
84,sequence_47787,5.0,sequence_47709,119.0,12464.507447134214
125,sequence_47787,5.0,sequence_47720,80.0,12650.9594701775
98,sequence_47787,5.0,sequence_47693,64.0,12195.904449990603
