,id_seq1,target_seq1,id_seq2,target_seq2,distance
49,sequence_47787,5.0,sequence_47727,45.0,8417.037747803104
23,sequence_47787,5.0,sequence_47783,24.5,7553.342900414356
111,sequence_47787,5.0,sequence_47811,24.0,7570.498690970401
51,sequence_47787,5.0,sequence_47775,23.0,7554.590998103742
50,sequence_47787,5.0,sequence_47756,37.0,8427.65848626332
