,id_seq1,target_seq1,id_seq2,target_seq2,distance
107,sequence_47787,5.0,sequence_47661,52.0,10452.66646308691
75,sequence_47787,5.0,sequence_47694,51.0,11433.166663798076
105,sequence_47787,5.0,sequence_47670,97.0,10425.85692616759
76,sequence_47787,5.0,sequence_47691,40.0,10690.94073462122
80,sequence_47787,5.0,sequence_47698,56.0,10727.668398857975
