,id_seq1,target_seq1,id_seq2,target_seq2,distance
69,sequence_47787,5.0,sequence_47713,51.0,6922.440899256576
70,sequence_47787,5.0,sequence_47738,55.0,6263.5682532631145
60,sequence_47787,5.0,sequence_47745,83.0,8993.333278340278
63,sequence_47787,5.0,sequence_47749,81.0,6823.5282674367845
62,sequence_47787,5.0,sequence_47748,79.0,7342.4803861204755
