,id_seq1,target_seq1,id_seq2,target_seq2,distance
94,sequence_47787,5.0,sequence_47764,118.0,11138.711568316668
89,sequence_47787,5.0,sequence_47762,127.0,10770.562579157862
92,sequence_47787,5.0,sequence_47812,121.0,10738.000510534448
95,sequence_47787,5.0,sequence_47763,122.0,10757.973243692946
41,sequence_47787,5.0,sequence_47806,73.0,10719.55854557042
