,id_seq1,target_seq1,id_seq2,target_seq2,distance
112,sequence_47787,5.0,sequence_47662,28.0,9668.165156302764
46,sequence_47787,5.0,sequence_47664,32.0,9565.082363006515
