,id_seq1,target_seq1,id_seq2,target_seq2,distance
133,sequence_47787,5.0,sequence_47739,35.0,10951.896813298636
134,sequence_47787,5.0,sequence_47735,55.0,10963.102885190248
66,sequence_47787,5.0,sequence_47759,36.0,10564.425328375228
132,sequence_47787,5.0,sequence_47711,57.0,10970.091381255505
