,id_seq1,target_seq1,id_seq2,target_seq2,distance
35,sequence_47787,5.0,sequence_47689,52.0,0.0641146457175724
14,sequence_47787,5.0,sequence_47695,52.0,0.0612502182145361
15,sequence_47787,5.0,sequence_47710,43.0,0.0674760075409647
