,id_seq1,target_seq1,id_seq2,target_seq2,distance
51,sequence_47787,5.0,sequence_47775,23.0,0.0459657249548537
109,sequence_47787,5.0,sequence_47726,120.0,0.0465412168882765
117,sequence_47787,5.0,sequence_47746,94.0,0.0425373043261903
