,id_seq1,target_seq1,id_seq2,target_seq2,distance
37,sequence_47787,5.0,sequence_47697,55.5,0.0772070746222789
96,sequence_47787,5.0,sequence_47699,62.0,0.0816542906677478
102,sequence_47787,5.0,sequence_47725,57.0,0.0794195392958897
98,sequence_47787,5.0,sequence_47693,64.0,0.0770588001979964
