,id_seq1,target_seq1,id_seq2,target_seq2,distance
116,sequence_47787,5.0,sequence_47755,100.0,0.0474691839294655
119,sequence_47787,5.0,sequence_47753,74.0,0.0478164875030232
