,id_seq1,target_seq1,id_seq2,target_seq2,distance
126,sequence_47787,5.0,sequence_47716,84.0,0.0689097778143224
125,sequence_47787,5.0,sequence_47720,80.0,0.0679345346090876
123,sequence_47787,5.0,sequence_47718,81.0,0.0667671571617991
