,id_seq1,target_seq1,id_seq2,target_seq2,distance
73,sequence_47787,5.0,sequence_47672,76.0,0.057138747502514
30,sequence_47787,5.0,sequence_47681,44.0,0.0562908362443165
74,sequence_47787,5.0,sequence_47705,71.0,0.0563609450706815
72,sequence_47787,5.0,sequence_47702,69.0,0.0568042659301212
