,id_seq1,target_seq1,id_seq2,target_seq2,distance
133,sequence_47787,5.0,sequence_47739,35.0,0.0536249547070991
94,sequence_47787,5.0,sequence_47764,118.0,0.0535702534370341
134,sequence_47787,5.0,sequence_47735,55.0,0.0537039813032591
121,sequence_47787,5.0,sequence_47742,108.0,0.0532551435455197
92,sequence_47787,5.0,sequence_47812,121.0,0.0535302101273734
