,id_seq1,target_seq1,id_seq2,target_seq2,distance
112,sequence_47787,5.0,sequence_47662,28.0,0.0564889775910174
46,sequence_47787,5.0,sequence_47664,32.0,0.0539379724934477
104,sequence_47787,5.0,sequence_47668,48.0,0.0562785014997936
