,id_seq1,target_seq1,id_seq2,target_seq2,distance
94,sequence_47787,5.0,sequence_47764,118.0,0.0535702534370341
18,sequence_47787,5.0,sequence_47780,23.0,0.051995975519218
132,sequence_47787,5.0,sequence_47711,57.0,0.0539611236156334
95,sequence_47787,5.0,sequence_47763,122.0,0.0540347627239757
121,sequence_47787,5.0,sequence_47742,108.0,0.0532551435455197
41,sequence_47787,5.0,sequence_47806,73.0,0.0536033900459097
17,sequence_47787,5.0,sequence_47778,26.0,0.0524976711720492
71,sequence_47787,5.0,sequence_47769,25.0,0.0537828485724472
68,sequence_47787,5.0,sequence_47770,25.0,0.0545189830273028
