,id_seq1,target_seq1,id_seq2,target_seq2,distance
56,sequence_47787,5.0,sequence_47751,34.0,491.4636999999993
12,sequence_47787,5.0,sequence_47685,24.0,342.8298
15,sequence_47787,5.0,sequence_47710,43.0,346.56150000000025
31,sequence_47787,5.0,sequence_47696,47.0,401.90970000000016
