,id_seq1,target_seq1,id_seq2,target_seq2,distance
94,sequence_47787,5.0,sequence_47764,118.0,1040.5757999999996
95,sequence_47787,5.0,sequence_47763,122.0,995.3567999999996
