,id_seq1,target_seq1,id_seq2,target_seq2,distance
111,sequence_47787,5.0,sequence_47811,24.0,767.7849999999999
109,sequence_47787,5.0,sequence_47726,120.0,1035.0150000000003
51,sequence_47787,5.0,sequence_47775,23.0,769.8164999999999
23,sequence_47787,5.0,sequence_47783,24.5,777.4956000000002
