,id_seq1,target_seq1,id_seq2,target_seq2,distance
27,sequence_47787,5.0,sequence_47773,19.0,562.4421000000001
65,sequence_47787,5.0,sequence_47721,40.0,976.8446
66,sequence_47787,5.0,sequence_47759,36.0,896.1595000000002
38,sequence_47787,5.0,sequence_47678,37.0,726.9428000000003
1,sequence_47787,5.0,sequence_47789,10.0,395.78380000000016
