,id_seq1,target_seq1,id_seq2,target_seq2,distance
83,sequence_47787,5.0,sequence_47708,111.0,930.9668999999994
133,sequence_47787,5.0,sequence_47739,35.0,1011.5094
19,sequence_47787,5.0,sequence_47785,25.0,698.1901999999991
131,sequence_47787,5.0,sequence_47676,56.0,1020.1925
85,sequence_47787,5.0,sequence_47677,103.0,990.3535999999996
45,sequence_47787,5.0,sequence_47799,24.0,778.6086999999989
96,sequence_47787,5.0,sequence_47699,62.0,1076.9501999999993
88,sequence_47787,5.0,sequence_47707,79.0,960.8058
86,sequence_47787,5.0,sequence_47692,87.5,1076.9501999999993
