,id_seq1,target_seq1,id_seq2,target_seq2,distance
9,sequence_47787,5.0,sequence_47772,12.0,179.14669999999933
136,sequence_47787,5.0,sequence_47801,4.0,80.90959999999995
11,sequence_47787,5.0,sequence_47776,9.0,57.03650000000016
142,sequence_47787,5.0,sequence_47792,12.0,134.35480000000007
