,id_seq1,target_seq1,id_seq2,target_seq2,distance
130,sequence_47787,5.0,sequence_47674,38.0,1088.9530999999995
137,sequence_47787,5.0,sequence_47805,22.0,618.5266999999994
143,sequence_47787,5.0,sequence_47791,4.0,403.2622999999994
139,sequence_47787,5.0,sequence_47794,18.0,773.5214999999998
8,sequence_47787,5.0,sequence_47782,17.0,488.5529999999999
64,sequence_47787,5.0,sequence_47744,69.0,966.8428999999996
135,sequence_47787,5.0,sequence_47793,16.0,537.6170999999995
