,id_seq1,target_seq1,id_seq2,target_seq2,distance
49,sequence_47787,5.0,sequence_47727,45.0,871.4813000000004
115,sequence_47787,5.0,sequence_47732,30.0,1039.8166
50,sequence_47787,5.0,sequence_47756,37.0,891.3015999999998
