,id_seq1,target_seq1,id_seq2,target_seq2,distance
21,sequence_47787,5.0,sequence_47663,36.0,716.7943999999998
81,sequence_47787,5.0,sequence_47688,90.0,645.3238999999999
24,sequence_47787,5.0,sequence_47796,20.0,591.8307000000004
35,sequence_47787,5.0,sequence_47689,52.0,614.8620000000001
6,sequence_47787,5.0,sequence_47784,21.0,401.9690000000001
22,sequence_47787,5.0,sequence_47757,36.0,587.9503
47,sequence_47787,5.0,sequence_47666,69.0,867.4757
62,sequence_47787,5.0,sequence_47748,79.0,594.9269999999997
