,id_seq1,target_seq1,id_seq2,target_seq2,distance
33,sequence_47787,5.0,sequence_47673,65.5,933.9582999999992
28,sequence_47787,5.0,sequence_47768,17.0,767.9529999999995
64,sequence_47787,5.0,sequence_47744,69.0,966.8428999999996
57,sequence_47787,5.0,sequence_47741,102.0,925.2752
70,sequence_47787,5.0,sequence_47738,55.0,925.2752
78,sequence_47787,5.0,sequence_47706,77.0,844.7326999999996
58,sequence_47787,5.0,sequence_47743,63.0,895.4362999999994
61,sequence_47787,5.0,sequence_47747,72.0,769.0294999999996
