,id_seq1,target_seq1,id_seq2,target_seq2,distance
146,sequence_47787,5.0,sequence_47809,10.0,609.6478999999999
26,sequence_47787,5.0,sequence_47760,26.0,708.6864
150,sequence_47787,5.0,sequence_47736,19.0,662.5318000000002
148,sequence_47787,5.0,sequence_47810,5.57,425.0868
141,sequence_47787,5.0,sequence_47808,4.0,486.7791000000002
