,id_seq1,target_seq1,id_seq2,target_seq2,distance
23,sequence_47787,5.0,sequence_47783,24.5,0.0100502512562814
110,sequence_47787,5.0,sequence_47734,110.0,0.0175879396984924
