,id_seq1,target_seq1,id_seq2,target_seq2,distance
136,sequence_47787,5.0,sequence_47801,4.0,10.396900000000002
10,sequence_47787,5.0,sequence_47795,7.0,12.575999999999992
9,sequence_47787,5.0,sequence_47772,12.0,6.421700000000007
138,sequence_47787,5.0,sequence_47802,4.0,15.99700000000001
