,id_seq1,target_seq1,id_seq2,target_seq2,distance
82,sequence_47787,5.0,sequence_47704,98.0,27.691300000000005
84,sequence_47787,5.0,sequence_47709,119.0,30.01430000000001
36,sequence_47787,5.0,sequence_47683,75.0,27.903600000000004
83,sequence_47787,5.0,sequence_47708,111.0,28.5989
