,id_seq1,target_seq1,id_seq2,target_seq2,distance
27,sequence_47787,5.0,sequence_47773,19.0,17.053199999999997
20,sequence_47787,5.0,sequence_47803,12.0,20.375
2,sequence_47787,5.0,sequence_47790,9.0,16.4485
1,sequence_47787,5.0,sequence_47789,10.0,14.498899999999995
68,sequence_47787,5.0,sequence_47770,25.0,20.380299999999995
