,id_seq1,target_seq1,id_seq2,target_seq2,distance
12,sequence_47787,5.0,sequence_47685,24.0,24.384200000000007
35,sequence_47787,5.0,sequence_47689,52.0,25.433800000000005
31,sequence_47787,5.0,sequence_47696,47.0,27.0126
14,sequence_47787,5.0,sequence_47695,52.0,23.130700000000004
0,sequence_47787,5.0,sequence_47684,23.0,20.97460000000001
15,sequence_47787,5.0,sequence_47710,43.0,24.2612
