,id_seq1,target_seq1,id_seq2,target_seq2,distance
26,sequence_47787,5.0,sequence_47760,26.0,18.7112
149,sequence_47787,5.0,sequence_47766,4.19,16.112899999999996
148,sequence_47787,5.0,sequence_47810,5.57,15.516300000000005
141,sequence_47787,5.0,sequence_47808,4.0,15.868700000000008
