,id_seq1,target_seq1,id_seq2,target_seq2,distance
18,sequence_47787,5.0,sequence_47780,23.0,18.6531
45,sequence_47787,5.0,sequence_47799,24.0,22.8161
41,sequence_47787,5.0,sequence_47806,73.0,21.8619
42,sequence_47787,5.0,sequence_47807,42.0,21.991699999999994
17,sequence_47787,5.0,sequence_47778,26.0,19.722199999999997
71,sequence_47787,5.0,sequence_47769,25.0,21.075
