,id_seq1,target_seq1,id_seq2,target_seq2,distance
133,sequence_47787,5.0,sequence_47739,35.0,27.456200000000003
40,sequence_47787,5.0,sequence_47724,48.0,23.411900000000003
