,id_seq1,target_seq1,id_seq2,target_seq2,distance
127,sequence_47787,5.0,sequence_47719,66.0,25.57990000000001
126,sequence_47787,5.0,sequence_47716,84.0,27.49000000000001
