,id_seq1,target_seq1,id_seq2,target_seq2,distance
143,sequence_47787,5.0,sequence_47791,4.0,7.457400000000004
11,sequence_47787,5.0,sequence_47776,9.0,3.6424000000000007
