,id_seq1,target_seq1,id_seq2,target_seq2,distance
116,sequence_47787,5.0,sequence_47755,100.0,31.5984
56,sequence_47787,5.0,sequence_47751,34.0,25.365300000000005
118,sequence_47787,5.0,sequence_47754,70.0,28.213300000000004
117,sequence_47787,5.0,sequence_47746,94.0,27.985200000000003
119,sequence_47787,5.0,sequence_47753,74.0,27.9512
