,id_seq1,target_seq1,id_seq2,target_seq2,distance
108,sequence_47787,5.0,sequence_47667,86.0,22.243700000000004
48,sequence_47787,5.0,sequence_47671,36.0,23.142000000000003
