,id_seq1,target_seq1,id_seq2,target_seq2,distance
29,sequence_47787,5.0,sequence_47771,18.0,16.289000000000005
137,sequence_47787,5.0,sequence_47805,22.0,19.8163
135,sequence_47787,5.0,sequence_47793,16.0,17.290800000000004
142,sequence_47787,5.0,sequence_47792,12.0,14.638600000000007
