,id_seq1,target_seq1,id_seq2,target_seq2,distance
19,sequence_47787,5.0,sequence_47785,25.0,21.462200000000003
43,sequence_47787,5.0,sequence_47804,23.0,23.6358
67,sequence_47787,5.0,sequence_47774,21.0,22.297300000000007
44,sequence_47787,5.0,sequence_47800,20.0,25.151200000000003
