,id_seq1,target_seq1,id_seq2,target_seq2,distance
180,sequence_51016,-4.626935645431157,sequence_32178,-7.97958130655809,0.9467459642794284
171,sequence_51016,-4.626935645431157,sequence_32171,-6.784871272007103,0.9658471174714338
72,sequence_51016,-4.626935645431157,sequence_32162,-7.3445848975979535,0.999893260995482
142,sequence_51016,-4.626935645431157,sequence_32176,-7.495966273349671,0.932918822432668
185,sequence_51016,-4.626935645431157,sequence_32165,-6.872613250606912,0.9576879840622882
187,sequence_51016,-4.626935645431157,sequence_32177,-8.394682697575568,0.94404162966176
174,sequence_51016,-4.626935645431157,sequence_32179,-7.381695972507586,0.9596690099309606
95,sequence_51016,-4.626935645431157,sequence_32116,-7.723165366142718,0.9918598005828828
50,sequence_51016,-4.626935645431157,sequence_32167,-8.28781536491833,0.9501142322380608
