,id_seq1,target_seq1,id_seq2,target_seq2,distance
128,sequence_47787,5.0,sequence_47723,69.0,703.9726508102996
129,sequence_47787,5.0,sequence_47722,75.0,709.5273260195128
