,id_seq1,target_seq1,id_seq2,target_seq2,distance
90,sequence_47787,5.0,sequence_47765,118.0,629.9557575656327
89,sequence_47787,5.0,sequence_47762,127.0,625.6116000058903
93,sequence_47787,5.0,sequence_47761,120.0,663.6875166409038
91,sequence_47787,5.0,sequence_47767,105.0,683.1006742459124
