,id_seq1,target_seq1,id_seq2,target_seq2,distance
20,sequence_47787,5.0,sequence_47803,12.0,659.5248546859474
45,sequence_47787,5.0,sequence_47799,24.0,681.2325674087815
44,sequence_47787,5.0,sequence_47800,20.0,668.1474367581754
42,sequence_47787,5.0,sequence_47807,42.0,670.4259438416148
