,id_seq1,target_seq1,id_seq2,target_seq2,distance
27,sequence_47787,5.0,sequence_47773,19.0,535.2962793953363
2,sequence_47787,5.0,sequence_47790,9.0,527.0035037161043
66,sequence_47787,5.0,sequence_47759,36.0,549.0584482636707
139,sequence_47787,5.0,sequence_47794,18.0,562.2373306482503
1,sequence_47787,5.0,sequence_47789,10.0,521.1790159671435
19,sequence_47787,5.0,sequence_47785,25.0,565.6354554773684
67,sequence_47787,5.0,sequence_47774,21.0,572.2950907963303
