,id_seq1,target_seq1,id_seq2,target_seq2,distance
144,sequence_47787,5.0,sequence_47788,5.0,340.6725
120,sequence_47787,5.0,sequence_47740,158.0,435.0153088721361
56,sequence_47787,5.0,sequence_47751,34.0,382.2735677961008
