,id_seq1,target_seq1,id_seq2,target_seq2,distance
223,sequence_53082,55.0,sequence_19472,59.9,0.052289195824759
483,sequence_19402,43.0,sequence_19472,59.9,0.0438326362428727
743,sequence_20054,49.0,sequence_19472,59.9,0.047058793014696
