,id_seq1,target_seq1,id_seq2,target_seq2,distance
48,sequence_53082,55.0,sequence_19497,54.9,0.0514481292176887
233,sequence_53082,55.0,sequence_19356,59.0,0.0529696139310076
308,sequence_19402,43.0,sequence_19497,54.9,0.0526958252615897
493,sequence_19402,43.0,sequence_19356,59.0,0.0496016128770022
