,id_seq1,target_seq1,id_seq2,target_seq2,distance
214,sequence_53082,55.0,sequence_19464,62.2,0.0508331584696446
229,sequence_53082,55.0,sequence_19460,61.0,0.0439476961853519
149,sequence_53082,55.0,sequence_19466,56.9,0.0457355441642493
198,sequence_53082,55.0,sequence_19458,62.9,0.0503441158428668
226,sequence_53082,55.0,sequence_19349,58.9,0.0502757396763091
219,sequence_53082,55.0,sequence_19475,59.1,0.0454594324645612
207,sequence_53082,55.0,sequence_19473,60.6,0.0493449085519468
230,sequence_53082,55.0,sequence_19352,58.5,0.0504950492622791
