,id_seq1,target_seq1,id_seq2,target_seq2,distance
232,sequence_53082,55.0,sequence_19518,61.6,0.0468244594202645
492,sequence_19402,43.0,sequence_19518,61.6,0.0509318171676605
752,sequence_20054,49.0,sequence_19518,61.6,0.0417743940710095
