,id_seq1,target_seq1,id_seq2,target_seq2,distance
156,sequence_53082,55.0,sequence_19514,53.0,0.0441302617259403
416,sequence_19402,43.0,sequence_19514,53.0,0.0449882206805292
