,id_seq1,target_seq1,id_seq2,target_seq2,distance
186,sequence_53082,55.0,sequence_19528,47.1,0.0445583886602736
163,sequence_53082,55.0,sequence_19510,47.8,0.048509792825779
175,sequence_53082,55.0,sequence_19493,50.4,0.0491146617620441
