,id_seq1,target_seq1,id_seq2,target_seq2,distance
13,sequence_53082,55.0,sequence_19523,50.8,0.054935325611122
273,sequence_19402,43.0,sequence_19523,50.8,0.0656019054601312
533,sequence_20054,49.0,sequence_19523,50.8,0.0360671595776545
