,id_seq1,target_seq1,id_seq2,target_seq2,distance
122,sequence_53082,55.0,sequence_20073,51.0,0.0503870022922578
46,sequence_53082,55.0,sequence_20063,48.9,0.0469451807963288
92,sequence_53082,55.0,sequence_20058,54.9,0.0513947468132687
15,sequence_53082,55.0,sequence_20069,53.4,0.0505232619691167
73,sequence_53082,55.0,sequence_20071,44.9,0.0422590818641389
108,sequence_53082,55.0,sequence_20070,51.8,0.0413415045686535
161,sequence_53082,55.0,sequence_20074,47.1,0.0459104563253296
54,sequence_53082,55.0,sequence_20067,50.8,0.0515730549802898
