,id_seq1,target_seq1,id_seq2,target_seq2,distance
170,sequence_53082,55.0,sequence_20066,49.9,0.0496214671286531
1,sequence_53082,55.0,sequence_20054,49.0,0.0534568049924422
87,sequence_53082,55.0,sequence_20065,46.5,0.0519296639696426
127,sequence_53082,55.0,sequence_20055,46.3,0.0511971678904214
430,sequence_19402,43.0,sequence_20066,49.9,0.0550856605660674
261,sequence_19402,43.0,sequence_20054,49.0,0.0610435090734469
347,sequence_19402,43.0,sequence_20065,46.5,0.0583519494104524
387,sequence_19402,43.0,sequence_20055,46.3,0.0561367081329142
