,id_seq1,target_seq1,id_seq2,target_seq2,distance
114,sequence_53082,55.0,sequence_19428,49.3,0.0447652767220308
374,sequence_19402,43.0,sequence_19428,49.3,0.0446227520442206
634,sequence_20054,49.0,sequence_19428,49.3,0.0506979289517826
