,id_seq1,target_seq1,id_seq2,target_seq2,distance
190,sequence_53082,55.0,sequence_19407,49.2,0.0342013157641632
256,sequence_53082,55.0,sequence_19379,50.3,0.034933508269282
160,sequence_53082,55.0,sequence_19501,57.2,0.0344456092992996
