,id_seq1,target_seq1,id_seq2,target_seq2,distance
259,sequence_53082,55.0,sequence_19401,47.4,0.0367824686501599
519,sequence_19402,43.0,sequence_19401,47.4,0.0453963654932859
779,sequence_20054,49.0,sequence_19401,47.4,0.0587613818761948
