,id_seq1,target_seq1,id_seq2,target_seq2,distance
73,sequence_40826,539,sequence_40802,560,3.2173999999999983
4,sequence_40826,539,sequence_40807,528,3.765500000000001
53,sequence_40826,539,sequence_40805,564,2.6161
43,sequence_40826,539,sequence_40860,535,2.6305
2,sequence_40826,539,sequence_40794,519,2.8821
56,sequence_40826,539,sequence_40810,549,3.9084
50,sequence_40826,539,sequence_40800,558,2.5839
72,sequence_40826,539,sequence_40801,561,2.9769999999999994
