,id_seq1,target_seq1,id_seq2,target_seq2,distance
26,sequence_40826,539,sequence_40851,477,2.286400000000001
9,sequence_40826,539,sequence_40845,495,2.3851000000000018
