,id_seq1,target_seq1,id_seq2,target_seq2,distance
59,sequence_40826,539,sequence_40836,543,1.4460000000000002
76,sequence_40826,539,sequence_40866,620,2.0446000000000017
58,sequence_40826,539,sequence_40859,543,1.417599999999999
68,sequence_40826,539,sequence_40830,558,1.3366000000000002
61,sequence_40826,539,sequence_40820,543,0.8451999999999994
48,sequence_40826,539,sequence_40825,532,0.6212999999999999
60,sequence_40826,539,sequence_40837,543,1.3476000000000004
20,sequence_40826,539,sequence_40827,525,1.3472000000000008
7,sequence_40826,539,sequence_40813,528,0.9443000000000016
