,id_seq1,target_seq1,id_seq2,target_seq2,distance
19,sequence_53082,55.0,sequence_19417,47.9,0.0522605396356838
194,sequence_53082,55.0,sequence_19398,46.2,0.0497882755959209
115,sequence_53082,55.0,sequence_19377,50.3,0.0520026215367702
109,sequence_53082,55.0,sequence_19399,47.5,0.0519952270831353
259,sequence_53082,55.0,sequence_19401,47.4,0.0372675569986065
79,sequence_53082,55.0,sequence_19397,49.6,0.0529741371346827
