,id_seq1,target_seq1,id_seq2,target_seq2,distance
26,sequence_47787,5.0,sequence_47760,26.0,63.59602782380807
150,sequence_47787,5.0,sequence_47736,19.0,53.55459471200624
149,sequence_47787,5.0,sequence_47766,4.19,48.52700630476362
148,sequence_47787,5.0,sequence_47810,5.57,45.15287106611808
141,sequence_47787,5.0,sequence_47808,4.0,45.85605743310807
