,id_seq1,target_seq1,id_seq2,target_seq2,distance
137,sequence_47787,5.0,sequence_47805,22.0,70.44716720540782
135,sequence_47787,5.0,sequence_47793,16.0,64.06743670543597
142,sequence_47787,5.0,sequence_47792,12.0,53.926957245778425
