,id_seq1,target_seq1,id_seq2,target_seq2,distance
57,sequence_47787,5.0,sequence_47741,102.0,98.84952648750388
70,sequence_47787,5.0,sequence_47738,55.0,93.73589930952195
69,sequence_47787,5.0,sequence_47713,51.0,94.19729116720626
48,sequence_47787,5.0,sequence_47671,36.0,88.18082559422703
