,id_seq1,target_seq1,id_seq2,target_seq2,distance
127,sequence_47787,5.0,sequence_47719,66.0,91.28315922161504
129,sequence_47787,5.0,sequence_47722,75.0,92.16910921802676
126,sequence_47787,5.0,sequence_47716,84.0,104.58159680387726
125,sequence_47787,5.0,sequence_47720,80.0,90.19121826976009
123,sequence_47787,5.0,sequence_47718,81.0,97.40446408678584
124,sequence_47787,5.0,sequence_47717,66.0,96.41082326835264
