,id_seq1,target_seq1,id_seq2,target_seq2,distance
128,sequence_47787,5.0,sequence_47723,69.0,90.79281492475285
102,sequence_47787,5.0,sequence_47725,57.0,86.17633463641103
