,id_seq1,target_seq1,id_seq2,target_seq2,distance
93,sequence_47787,5.0,sequence_47761,120.0,84.93681915837925
94,sequence_47787,5.0,sequence_47764,118.0,73.268080598713
89,sequence_47787,5.0,sequence_47762,127.0,79.03338261719094
91,sequence_47787,5.0,sequence_47767,105.0,78.6285090826726
