,id_seq1,target_seq1,id_seq2,target_seq2,distance
52,sequence_47787,5.0,sequence_47730,35.0,58.71356149898203
24,sequence_47787,5.0,sequence_47796,20.0,46.34793312468685
54,sequence_47787,5.0,sequence_47797,27.0,51.04187117463985
55,sequence_47787,5.0,sequence_47798,23.0,49.25834886674193
113,sequence_47787,5.0,sequence_47731,32.0,63.58275054962515
