,id_seq1,target_seq1,id_seq2,target_seq2,distance
90,sequence_47787,5.0,sequence_47765,118.0,86.15734820475969
92,sequence_47787,5.0,sequence_47812,121.0,81.13360160543967
95,sequence_47787,5.0,sequence_47763,122.0,77.0496526820956
