,id_seq1,target_seq1,id_seq2,target_seq2,distance
43,sequence_47787,5.0,sequence_47804,23.0,59.35984088907128
44,sequence_47787,5.0,sequence_47800,20.0,64.81968979419474
67,sequence_47787,5.0,sequence_47774,21.0,62.676009786063936
68,sequence_47787,5.0,sequence_47770,25.0,71.22460393880287
