,id_seq1,target_seq1,id_seq2,target_seq2,distance
78,sequence_47787,5.0,sequence_47706,77.0,81.10721289522128
77,sequence_47787,5.0,sequence_47701,63.0,90.27697516121668
88,sequence_47787,5.0,sequence_47707,79.0,79.80493762245416
