,id_seq1,target_seq1,id_seq2,target_seq2,distance
75,sequence_47787,5.0,sequence_47694,51.0,73.59465672558349
37,sequence_47787,5.0,sequence_47697,55.5,76.76176900689036
38,sequence_47787,5.0,sequence_47678,37.0,76.14529406564179
12,sequence_47787,5.0,sequence_47685,24.0,63.68816325106157
16,sequence_47787,5.0,sequence_47686,22.0,66.58503250308331
