,id_seq1,target_seq1,id_seq2,target_seq2,distance
71,sequence_47787,5.0,sequence_47769,25.0,59.84602869790129
7,sequence_47787,5.0,sequence_47786,18.0,52.14449583318128
17,sequence_47787,5.0,sequence_47778,26.0,50.46075860193592
29,sequence_47787,5.0,sequence_47771,18.0,55.03030221797304
6,sequence_47787,5.0,sequence_47784,21.0,48.51402837168038
