,id_seq1,target_seq1,id_seq2,target_seq2,distance
33,sequence_47787,5.0,sequence_47673,65.5,90.41424577586196
73,sequence_47787,5.0,sequence_47672,76.0,93.67735551845176
13,sequence_47787,5.0,sequence_47679,44.0,86.62253637413482
