,id_seq1,target_seq1,id_seq2,target_seq2,distance
145,sequence_47787,5.0,sequence_47729,34.0,64.9055258287959
8,sequence_47787,5.0,sequence_47782,17.0,64.61945669546397
