,id_seq1,target_seq1,id_seq2,target_seq2,distance
87,sequence_47787,5.0,sequence_47703,95.0,84.07194985440854
74,sequence_47787,5.0,sequence_47705,71.0,85.86785533538166
72,sequence_47787,5.0,sequence_47702,69.0,85.81214700750044
