,id_seq1,target_seq1,id_seq2,target_seq2,distance
136,sequence_47787,5.0,sequence_47801,4.0,31.165063356005174
140,sequence_47787,5.0,sequence_47728,12.0,36.43931019978938
10,sequence_47787,5.0,sequence_47795,7.0,42.56392151168013
9,sequence_47787,5.0,sequence_47772,12.0,29.29927225965113
11,sequence_47787,5.0,sequence_47776,9.0,21.81693176870238
