,id_seq1,target_seq1,id_seq2,target_seq2,distance
109,sequence_47787,5.0,sequence_47726,120.0,0.0274999999999999
51,sequence_47787,5.0,sequence_47775,23.0,0.021
49,sequence_47787,5.0,sequence_47727,45.0,0.0235999999999999
23,sequence_47787,5.0,sequence_47783,24.5,0.0192999999999999
110,sequence_47787,5.0,sequence_47734,110.0,0.0272
