,id_seq1,target_seq1,id_seq2,target_seq2,distance
37,sequence_47787,5.0,sequence_47697,55.5,0.0151
38,sequence_47787,5.0,sequence_47678,37.0,0.0156999999999999
12,sequence_47787,5.0,sequence_47685,24.0,0.0128999999999999
31,sequence_47787,5.0,sequence_47696,47.0,0.0136
16,sequence_47787,5.0,sequence_47686,22.0,0.0143999999999999
