,id_seq1,target_seq1,id_seq2,target_seq2,distance
3,sequence_47787,5.0,sequence_47781,12.0,0.0151
6,sequence_47787,5.0,sequence_47784,21.0,0.0110999999999999
17,sequence_47787,5.0,sequence_47778,26.0,0.0109999999999999
71,sequence_47787,5.0,sequence_47769,25.0,0.0114999999999999
