,id_seq1,target_seq1,id_seq2,target_seq2,distance
117,sequence_47787,5.0,sequence_47746,94.0,0.0153999999999999
118,sequence_47787,5.0,sequence_47754,70.0,0.015
119,sequence_47787,5.0,sequence_47753,74.0,0.0133999999999999
116,sequence_47787,5.0,sequence_47755,100.0,0.0152999999999999
