,id_seq1,target_seq1,id_seq2,target_seq2,distance
59,sequence_47787,5.0,sequence_47752,67.0,0.0206999999999999
120,sequence_47787,5.0,sequence_47740,158.0,0.0345999999999999
64,sequence_47787,5.0,sequence_47744,69.0,0.0229999999999999
