,id_seq1,target_seq1,id_seq2,target_seq2,distance
73,sequence_40826,539,sequence_40802,560,0.0002652471714417
4,sequence_40826,539,sequence_40807,528,0.0004107518730195
53,sequence_40826,539,sequence_40805,564,0.0002121516882155
43,sequence_40826,539,sequence_40860,535,0.000196829676658
2,sequence_40826,539,sequence_40794,519,0.0002922691274851
56,sequence_40826,539,sequence_40810,549,0.0004225256083031
50,sequence_40826,539,sequence_40800,558,0.0001877554337793
72,sequence_40826,539,sequence_40801,561,0.0002848834658012
