,id_seq1,target_seq1,id_seq2,target_seq2,distance
78,sequence_40826,539,sequence_40788,510,0.0002301338250885
1,sequence_40826,539,sequence_40789,510,0.0001423435594668
