,id_seq1,target_seq1,id_seq2,target_seq2,distance
82,sequence_47787,5.0,sequence_47704,98.0,0.953125
85,sequence_47787,5.0,sequence_47677,103.0,0.962890625
84,sequence_47787,5.0,sequence_47709,119.0,0.939453125
36,sequence_47787,5.0,sequence_47683,75.0,0.953125
83,sequence_47787,5.0,sequence_47708,111.0,0.9609375
