,id_seq1,target_seq1,id_seq2,target_seq2,distance
37,sequence_47787,5.0,sequence_47697,55.5,0.955078125
56,sequence_47787,5.0,sequence_47751,34.0,0.953125
65,sequence_47787,5.0,sequence_47721,40.0,0.935546875
66,sequence_47787,5.0,sequence_47759,36.0,0.947265625
38,sequence_47787,5.0,sequence_47678,37.0,0.92578125
12,sequence_47787,5.0,sequence_47685,24.0,0.935546875
31,sequence_47787,5.0,sequence_47696,47.0,0.939453125
16,sequence_47787,5.0,sequence_47686,22.0,0.92578125
