,id_seq1,target_seq1,id_seq2,target_seq2,distance
148,sequence_47787,5.0,sequence_47810,5.57,0.876953125
136,sequence_47787,5.0,sequence_47801,4.0,0.896484375
141,sequence_47787,5.0,sequence_47808,4.0,0.8359375
10,sequence_47787,5.0,sequence_47795,7.0,0.84765625
9,sequence_47787,5.0,sequence_47772,12.0,0.8125
149,sequence_47787,5.0,sequence_47766,4.19,0.888671875
11,sequence_47787,5.0,sequence_47776,9.0,0.7734375
