,id_seq1,target_seq1,id_seq2,target_seq2,distance
40,sequence_47787,5.0,sequence_47724,48.0,0.92578125
131,sequence_47787,5.0,sequence_47676,56.0,0.94921875
39,sequence_47787,5.0,sequence_47682,53.0,0.939453125
