,id_seq1,target_seq1,id_seq2,target_seq2,distance
4,sequence_47787,5.0,sequence_47777,11.0,0.935546875
5,sequence_47787,5.0,sequence_47779,11.0,0.923828125
7,sequence_47787,5.0,sequence_47786,18.0,0.943359375
143,sequence_47787,5.0,sequence_47791,4.0,0.88671875
8,sequence_47787,5.0,sequence_47782,17.0,0.923828125
29,sequence_47787,5.0,sequence_47771,18.0,0.919921875
3,sequence_47787,5.0,sequence_47781,12.0,0.916015625
