,id_seq1,target_seq1,id_seq2,target_seq2,distance
99,sequence_47787,5.0,sequence_47690,63.0,0.94140625
98,sequence_47787,5.0,sequence_47693,64.0,0.962890625
96,sequence_47787,5.0,sequence_47699,62.0,0.9375
76,sequence_47787,5.0,sequence_47691,40.0,0.95703125
97,sequence_47787,5.0,sequence_47687,92.0,0.947265625
86,sequence_47787,5.0,sequence_47692,87.5,0.947265625
80,sequence_47787,5.0,sequence_47698,56.0,0.935546875
