,id_seq1,target_seq1,id_seq2,target_seq2,distance
19,sequence_47787,5.0,sequence_47785,25.0,0.931640625
68,sequence_47787,5.0,sequence_47770,25.0,0.9453125
43,sequence_47787,5.0,sequence_47804,23.0,0.9375
67,sequence_47787,5.0,sequence_47774,21.0,0.921875
44,sequence_47787,5.0,sequence_47800,20.0,0.9453125
