,id_seq1,target_seq1,id_seq2,target_seq2,distance
89,sequence_47787,5.0,sequence_47762,127.0,0.955078125
93,sequence_47787,5.0,sequence_47761,120.0,0.93359375
42,sequence_47787,5.0,sequence_47807,42.0,0.923828125
