,id_seq1,target_seq1,id_seq2,target_seq2,distance
144,sequence_47787,5.0,sequence_47788,5.0,15.010613047157676
118,sequence_47787,5.0,sequence_47754,70.0,17.927391240820796
120,sequence_47787,5.0,sequence_47740,158.0,17.34625290914866
