,id_seq1,target_seq1,id_seq2,target_seq2,distance
137,sequence_47787,5.0,sequence_47805,22.0,18.40199768474076
24,sequence_47787,5.0,sequence_47796,20.0,18.4008156424889
113,sequence_47787,5.0,sequence_47731,32.0,18.7952488927549
53,sequence_47787,5.0,sequence_47758,22.0,18.5730935530757
52,sequence_47787,5.0,sequence_47730,35.0,18.562955317361023
