,id_seq1,target_seq1,id_seq2,target_seq2,distance
130,sequence_47787,5.0,sequence_47674,38.0,20.89491104973227
72,sequence_47787,5.0,sequence_47702,69.0,20.858465712808268
30,sequence_47787,5.0,sequence_47681,44.0,21.131765439598357
73,sequence_47787,5.0,sequence_47672,76.0,21.217500448254977
74,sequence_47787,5.0,sequence_47705,71.0,21.12609174802989
