,id_seq1,target_seq1,id_seq2,target_seq2,distance
145,sequence_47787,5.0,sequence_47729,34.0,5.94676544480752
26,sequence_47787,5.0,sequence_47760,26.0,6.020324549241145
141,sequence_47787,5.0,sequence_47808,4.0,1.0140477408313635
140,sequence_47787,5.0,sequence_47728,12.0,5.700269774480116
9,sequence_47787,5.0,sequence_47772,12.0,5.69871364641544
146,sequence_47787,5.0,sequence_47809,10.0,1.8768600777271
25,sequence_47787,5.0,sequence_47750,25.0,6.290956659137066
142,sequence_47787,5.0,sequence_47792,12.0,1.7565042570650615
