,id_seq1,target_seq1,id_seq2,target_seq2,distance
69,sequence_47787,5.0,sequence_47713,51.0,9.012428193804055
57,sequence_47787,5.0,sequence_47741,102.0,9.363289991763745
70,sequence_47787,5.0,sequence_47738,55.0,9.08169303795795
58,sequence_47787,5.0,sequence_47743,63.0,7.769301149383484
