,id_seq1,target_seq1,id_seq2,target_seq2,distance
34,sequence_47787,5.0,sequence_47700,65.0,19.907499838500566
13,sequence_47787,5.0,sequence_47679,44.0,20.008448899194963
79,sequence_47787,5.0,sequence_47675,57.0,19.95638543346911
32,sequence_47787,5.0,sequence_47680,73.0,20.28383113203986
33,sequence_47787,5.0,sequence_47673,65.5,19.933907766042623
77,sequence_47787,5.0,sequence_47701,63.0,19.95198151843119
