,id_seq1,target_seq1,id_seq2,target_seq2,distance
4,sequence_47787,5.0,sequence_47777,11.0,7.264539323643455
5,sequence_47787,5.0,sequence_47779,11.0,7.591058821438368
64,sequence_47787,5.0,sequence_47744,69.0,12.001177666692437
