,id_seq1,target_seq1,id_seq2,target_seq2,distance
49,sequence_47787,5.0,sequence_47727,45.0,18.000387573371814
23,sequence_47787,5.0,sequence_47783,24.5,17.677289981869066
110,sequence_47787,5.0,sequence_47734,110.0,21.467359127517334
111,sequence_47787,5.0,sequence_47811,24.0,17.657788972271497
51,sequence_47787,5.0,sequence_47775,23.0,17.898461359007698
109,sequence_47787,5.0,sequence_47726,120.0,18.230300158191504
50,sequence_47787,5.0,sequence_47756,37.0,18.08045502944777
