,id_seq1,target_seq1,id_seq2,target_seq2,distance
45,sequence_47787,5.0,sequence_47799,24.0,25.024513192581654
20,sequence_47787,5.0,sequence_47803,12.0,24.551247375733915
42,sequence_47787,5.0,sequence_47807,42.0,24.691393380885824
44,sequence_47787,5.0,sequence_47800,20.0,24.700872992005625
