,id_seq1,target_seq1,id_seq2,target_seq2,distance
101,sequence_47787,5.0,sequence_47714,51.0,25.69579410984992
43,sequence_47787,5.0,sequence_47804,23.0,26.131884575080136
100,sequence_47787,5.0,sequence_47712,49.0,25.553248125818
