,id_seq1,target_seq1,id_seq2,target_seq2,distance
127,sequence_47787,5.0,sequence_47719,66.0,24.2867211681133
85,sequence_47787,5.0,sequence_47677,103.0,23.65814843581437
82,sequence_47787,5.0,sequence_47704,98.0,23.597461982099414
124,sequence_47787,5.0,sequence_47717,66.0,23.075479066597666
