,id_seq1,target_seq1,id_seq2,target_seq2,distance
119,sequence_47787,5.0,sequence_47753,74.0,18.76205766253092
116,sequence_47787,5.0,sequence_47755,100.0,18.695236385758488
