,id_seq1,target_seq1,id_seq2,target_seq2,distance
115,sequence_47787,5.0,sequence_47732,30.0,22.15380347562546
54,sequence_47787,5.0,sequence_47797,27.0,21.9716252478114
114,sequence_47787,5.0,sequence_47733,25.0,21.33857921258192
