,id_seq1,target_seq1,id_seq2,target_seq2,distance
136,sequence_47787,5.0,sequence_47801,4.0,5.953200000000001
138,sequence_47787,5.0,sequence_47802,4.0,8.39410192218322
144,sequence_47787,5.0,sequence_47788,5.0,5.9178
149,sequence_47787,5.0,sequence_47766,4.19,20.9071
142,sequence_47787,5.0,sequence_47792,12.0,34.355999999999995
