,id_seq1,target_seq1,id_seq2,target_seq2,distance
5,sequence_47787,5.0,sequence_47779,11.0,66.27455171934398
45,sequence_47787,5.0,sequence_47799,24.0,75.45010622875226
18,sequence_47787,5.0,sequence_47780,23.0,75.21487844628881
