,id_seq1,target_seq1,id_seq2,target_seq2,distance
21,sequence_47787,5.0,sequence_47663,36.0,91.8745754208965
22,sequence_47787,5.0,sequence_47757,36.0,92.61781759537416
46,sequence_47787,5.0,sequence_47664,32.0,92.0649660055876
