,id_seq1,target_seq1,id_seq2,target_seq2,distance
133,sequence_47787,5.0,sequence_47739,35.0,95.67291586577676
101,sequence_47787,5.0,sequence_47714,51.0,94.1252148218
129,sequence_47787,5.0,sequence_47722,75.0,97.64460895215872
