,id_seq1,target_seq1,id_seq2,target_seq2,distance
82,sequence_47787,5.0,sequence_47704,98.0,103.9847591129104
128,sequence_47787,5.0,sequence_47723,69.0,112.0272446033553
87,sequence_47787,5.0,sequence_47703,95.0,97.5761428149832
85,sequence_47787,5.0,sequence_47677,103.0,105.75468653714596
132,sequence_47787,5.0,sequence_47711,57.0,103.20211853934975
131,sequence_47787,5.0,sequence_47676,56.0,99.46017918468677
84,sequence_47787,5.0,sequence_47709,119.0,102.14446727145824
83,sequence_47787,5.0,sequence_47708,111.0,104.83442804026738
88,sequence_47787,5.0,sequence_47707,79.0,98.4811191112794
