,id_seq1,target_seq1,id_seq2,target_seq2,distance
34,sequence_51016,-4.626935645431157,sequence_32117,-6.013942880307312,0.4244535899247408
143,sequence_51016,-4.626935645431157,sequence_32109,-8.8749984685552,0.4130692799035049
281,sequence_51170,-5.599110392902725,sequence_32117,-6.013942880307312,0.4213525839484078
390,sequence_51170,-5.599110392902725,sequence_32109,-8.8749984685552,0.4389476278555336
528,sequence_32130,-5.7157882520247325,sequence_32117,-6.013942880307312,0.094049508239012
637,sequence_32130,-5.7157882520247325,sequence_32109,-8.8749984685552,0.1190637224346694
