,id_seq1,target_seq1,id_seq2,target_seq2,distance
49,sequence_47787,5.0,sequence_47727,45.0,0.0201880103251399
23,sequence_47787,5.0,sequence_47783,24.5,0.0195031894398862
111,sequence_47787,5.0,sequence_47811,24.0,0.0195042535524362
51,sequence_47787,5.0,sequence_47775,23.0,0.0206722052901182
109,sequence_47787,5.0,sequence_47726,120.0,0.0214571652773057
50,sequence_47787,5.0,sequence_47756,37.0,0.0201730641464419
117,sequence_47787,5.0,sequence_47746,94.0,0.0178241812933692
