,id_seq1,target_seq1,id_seq2,target_seq2,distance
93,sequence_47787,5.0,sequence_47761,120.0,0.0398423283247293
91,sequence_47787,5.0,sequence_47767,105.0,0.0422643262920412
