,id_seq1,target_seq1,id_seq2,target_seq2,distance
106,sequence_47787,5.0,sequence_47665,50.0,0.0355253453476708
105,sequence_47787,5.0,sequence_47670,97.0,0.0350656094431137
