,id_seq1,target_seq1,id_seq2,target_seq2,distance
137,sequence_47787,5.0,sequence_47805,22.0,0.0210381903301379
24,sequence_47787,5.0,sequence_47796,20.0,0.0209013312488942
113,sequence_47787,5.0,sequence_47731,32.0,0.0218484611210734
53,sequence_47787,5.0,sequence_47758,22.0,0.0216541075116626
52,sequence_47787,5.0,sequence_47730,35.0,0.0215990753247973
