,id_seq1,target_seq1,id_seq2,target_seq2,distance
75,sequence_47787,5.0,sequence_47694,51.0,0.0595953406479974
31,sequence_47787,5.0,sequence_47696,47.0,0.0464421881058589
