,id_seq1,target_seq1,id_seq2,target_seq2,distance
45,sequence_47787,5.0,sequence_47799,24.0,0.0429650999455824
20,sequence_47787,5.0,sequence_47803,12.0,0.0415380251755793
42,sequence_47787,5.0,sequence_47807,42.0,0.0411792028881895
44,sequence_47787,5.0,sequence_47800,20.0,0.0416032881260766
