,id_seq1,target_seq1,id_seq2,target_seq2,distance
96,sequence_47787,5.0,sequence_47699,62.0,0.0670261758062112
102,sequence_47787,5.0,sequence_47725,57.0,0.0635098466263303
98,sequence_47787,5.0,sequence_47693,64.0,0.0598878678152139
