,id_seq1,target_seq1,id_seq2,target_seq2,distance
21,sequence_47787,5.0,sequence_47663,36.0,0.0185120916646892
47,sequence_47787,5.0,sequence_47666,69.0,0.0204721655477868
