,id_seq1,target_seq1,id_seq2,target_seq2,distance
40,sequence_47787,5.0,sequence_47724,48.0,0.0411938732471122
36,sequence_47787,5.0,sequence_47683,75.0,0.0431830424809911
131,sequence_47787,5.0,sequence_47676,56.0,0.0454980872846375
127,sequence_47787,5.0,sequence_47719,66.0,0.0450759104320132
85,sequence_47787,5.0,sequence_47677,103.0,0.0446734997831256
82,sequence_47787,5.0,sequence_47704,98.0,0.0445267802057699
87,sequence_47787,5.0,sequence_47703,95.0,0.0453770642230726
124,sequence_47787,5.0,sequence_47717,66.0,0.0423574708172428
122,sequence_47787,5.0,sequence_47715,101.0,0.043885116323073
39,sequence_47787,5.0,sequence_47682,53.0,0.0441856655693426
