,id_seq1,target_seq1,id_seq2,target_seq2,distance
9,sequence_47787,5.0,sequence_47772,12.0,0.0015220919893368
25,sequence_47787,5.0,sequence_47750,25.0,0.0028624280863422
11,sequence_47787,5.0,sequence_47776,9.0,0.0012916481039094
