,id_seq1,target_seq1,id_seq2,target_seq2,distance
64,sequence_47787,5.0,sequence_47744,69.0,0.0092592183475863
57,sequence_47787,5.0,sequence_47741,102.0,0.0059553357086782
5,sequence_47787,5.0,sequence_47779,11.0,0.0031002737579775
4,sequence_47787,5.0,sequence_47777,11.0,0.0030104058494365
61,sequence_47787,5.0,sequence_47747,72.0,0.00739836079622
