,id_seq1,target_seq1,id_seq2,target_seq2,distance
81,sequence_47787,5.0,sequence_47688,90.0,0.0575836088419448
108,sequence_47787,5.0,sequence_47667,86.0,0.0345393813152581
