,id_seq1,target_seq1,id_seq2,target_seq2,distance
136,sequence_47787,5.0,sequence_47801,4.0,994.9428999999988
138,sequence_47787,5.0,sequence_47802,4.0,1226.471199999999
2,sequence_47787,5.0,sequence_47790,9.0,4675.7917
149,sequence_47787,5.0,sequence_47766,4.19,3301.2826000000005
148,sequence_47787,5.0,sequence_47810,5.57,4268.832400000001
