,id_seq1,target_seq1,id_seq2,target_seq2,distance
137,sequence_47787,5.0,sequence_47805,22.0,8421.6567
7,sequence_47787,5.0,sequence_47786,18.0,9178.1878
143,sequence_47787,5.0,sequence_47791,4.0,6565.432500000001
139,sequence_47787,5.0,sequence_47794,18.0,8436.2932
135,sequence_47787,5.0,sequence_47793,16.0,8380.389400000002
