,id_seq1,target_seq1,id_seq2,target_seq2,distance
146,sequence_47787,5.0,sequence_47809,10.0,14110.873999999998
26,sequence_47787,5.0,sequence_47760,26.0,15457.4931
150,sequence_47787,5.0,sequence_47736,19.0,14696.1422
147,sequence_47787,5.0,sequence_47737,27.0,15416.5776
141,sequence_47787,5.0,sequence_47808,4.0,13791.652499999998
