,id_seq1,target_seq1,id_seq2,target_seq2,distance
134,sequence_47787,5.0,sequence_47735,55.0,18878.274900000004
91,sequence_47787,5.0,sequence_47767,105.0,14577.009300000002
95,sequence_47787,5.0,sequence_47763,122.0,13265.6293
