,id_seq1,target_seq1,id_seq2,target_seq2,distance
82,sequence_47787,5.0,sequence_47704,98.0,15083.4585
128,sequence_47787,5.0,sequence_47723,69.0,16215.5144
87,sequence_47787,5.0,sequence_47703,95.0,14134.0439
85,sequence_47787,5.0,sequence_47677,103.0,15295.322600000003
132,sequence_47787,5.0,sequence_47711,57.0,14949.4243
131,sequence_47787,5.0,sequence_47676,56.0,14373.7366
84,sequence_47787,5.0,sequence_47709,119.0,14818.174100000002
83,sequence_47787,5.0,sequence_47708,111.0,15242.0049
88,sequence_47787,5.0,sequence_47707,79.0,14310.7953
