,id_seq1,target_seq1,id_seq2,target_seq2,distance
19,sequence_47787,5.0,sequence_47785,25.0,0.0126251428712608
43,sequence_47787,5.0,sequence_47804,23.0,0.0138937351867875
67,sequence_47787,5.0,sequence_47774,21.0,0.0131126734397807
44,sequence_47787,5.0,sequence_47800,20.0,0.01478522183241
