,id_seq1,target_seq1,id_seq2,target_seq2,distance
85,sequence_47787,5.0,sequence_47677,103.0,0.0174612384089054
96,sequence_47787,5.0,sequence_47699,62.0,0.0181949321313857
98,sequence_47787,5.0,sequence_47693,64.0,0.0178720993358773
