,id_seq1,target_seq1,id_seq2,target_seq2,distance
41,sequence_47787,5.0,sequence_47806,73.0,0.0128596847392278
71,sequence_47787,5.0,sequence_47769,25.0,0.012392747605333
45,sequence_47787,5.0,sequence_47799,24.0,0.013418094670665
17,sequence_47787,5.0,sequence_47778,26.0,0.0115976715508273
18,sequence_47787,5.0,sequence_47780,23.0,0.01097536026296
42,sequence_47787,5.0,sequence_47807,42.0,0.0129322539293753
