,id_seq1,target_seq1,id_seq2,target_seq2,distance
81,sequence_47787,5.0,sequence_47688,90.0,0.0161361156238265
99,sequence_47787,5.0,sequence_47690,63.0,0.0177955826194787
97,sequence_47787,5.0,sequence_47687,92.0,0.0184064670567364
