,id_seq1,target_seq1,id_seq2,target_seq2,distance
143,sequence_47787,5.0,sequence_47791,4.0,0.0043908978984053
136,sequence_47787,5.0,sequence_47801,4.0,0.006116579466674
10,sequence_47787,5.0,sequence_47795,7.0,0.007395591084502
9,sequence_47787,5.0,sequence_47772,12.0,0.003779782703549
11,sequence_47787,5.0,sequence_47776,9.0,0.0021440413908768
