,id_seq1,target_seq1,id_seq2,target_seq2,distance
117,sequence_47787,5.0,sequence_47746,94.0,0.0164663689541762
118,sequence_47787,5.0,sequence_47754,70.0,0.0165971142047326
119,sequence_47787,5.0,sequence_47753,74.0,0.0164430991422777
56,sequence_47787,5.0,sequence_47751,34.0,0.0149233271289346
116,sequence_47787,5.0,sequence_47755,100.0,0.0185964479456711
