,id_seq1,target_seq1,id_seq2,target_seq2,distance
68,sequence_47787,5.0,sequence_47770,25.0,0.0119793490348272
2,sequence_47787,5.0,sequence_47790,9.0,0.0096676897327824
27,sequence_47787,5.0,sequence_47773,19.0,0.0100251987967786
20,sequence_47787,5.0,sequence_47803,12.0,0.0119723906975082
1,sequence_47787,5.0,sequence_47789,10.0,0.0085239867605975
