,id_seq1,target_seq1,id_seq2,target_seq2,distance
107,sequence_47787,5.0,sequence_47661,52.0,0.014887129154794
104,sequence_47787,5.0,sequence_47668,48.0,0.0148335028014434
103,sequence_47787,5.0,sequence_47669,32.0,0.0151924597071936
105,sequence_47787,5.0,sequence_47670,97.0,0.0147327713310447
46,sequence_47787,5.0,sequence_47664,32.0,0.0140450598946735
