,id_seq1,target_seq1,id_seq2,target_seq2,distance
52,sequence_47787,5.0,sequence_47730,35.0,0.0100626304752504
140,sequence_47787,5.0,sequence_47728,12.0,0.0066703623474898
