,id_seq1,target_seq1,id_seq2,target_seq2,distance
94,sequence_47787,5.0,sequence_47764,118.0,0.0140245080780298
95,sequence_47787,5.0,sequence_47763,122.0,0.0153299816027984
