,id_seq1,target_seq1,id_seq2,target_seq2,distance
126,sequence_47787,5.0,sequence_47716,84.0,0.0161584427892963
129,sequence_47787,5.0,sequence_47722,75.0,0.0169627451914061
125,sequence_47787,5.0,sequence_47720,80.0,0.0148469913850181
123,sequence_47787,5.0,sequence_47718,81.0,0.0171231267896181
124,sequence_47787,5.0,sequence_47717,66.0,0.0167587287274786
