,id_seq1,target_seq1,id_seq2,target_seq2,distance
115,sequence_47787,5.0,sequence_47732,30.0,0.0132394553392128
114,sequence_47787,5.0,sequence_47733,25.0,0.0128395950423572
113,sequence_47787,5.0,sequence_47731,32.0,0.0125704388691935
