,id_seq1,target_seq1,id_seq2,target_seq2,distance
75,sequence_47787,5.0,sequence_47694,51.0,0.0154149540424587
37,sequence_47787,5.0,sequence_47697,55.5,0.0165266359099321
38,sequence_47787,5.0,sequence_47678,37.0,0.0155206773736049
16,sequence_47787,5.0,sequence_47686,22.0,0.0142055547974965
