,id_seq1,target_seq1,id_seq2,target_seq2,distance
57,sequence_47787,5.0,sequence_47741,102.0,0.0151058832593704
47,sequence_47787,5.0,sequence_47666,69.0,0.0134513913569059
21,sequence_47787,5.0,sequence_47663,36.0,0.0134928279709486
48,sequence_47787,5.0,sequence_47671,36.0,0.0136196436434541
108,sequence_47787,5.0,sequence_47667,86.0,0.0130947872518725
