,id_seq1,target_seq1,id_seq2,target_seq2,distance
144,sequence_47787,5.0,sequence_47788,5.0,0.0062512753081744
138,sequence_47787,5.0,sequence_47802,4.0,0.0094072420179872
