,id_seq1,target_seq1,id_seq2,target_seq2,distance
27,sequence_47787,5.0,sequence_47773,19.0,0.0016385976440348
20,sequence_47787,5.0,sequence_47803,12.0,0.0007339866000232
