,id_seq1,target_seq1,id_seq2,target_seq2,distance
147,sequence_47787,5.0,sequence_47737,27.0,0.0058361470034661
26,sequence_47787,5.0,sequence_47760,26.0,0.0059005859281138
141,sequence_47787,5.0,sequence_47808,4.0,0.0042621794591206
146,sequence_47787,5.0,sequence_47809,10.0,0.0049007272424806
150,sequence_47787,5.0,sequence_47736,19.0,0.0051960323831714
