,id_seq1,target_seq1,id_seq2,target_seq2,distance
49,sequence_47787,5.0,sequence_47727,45.0,0.0100586894633085
115,sequence_47787,5.0,sequence_47732,30.0,0.0102131580845742
112,sequence_47787,5.0,sequence_47662,28.0,0.0101011959577067
113,sequence_47787,5.0,sequence_47731,32.0,0.007462124262562
110,sequence_47787,5.0,sequence_47734,110.0,0.0109865537996329
109,sequence_47787,5.0,sequence_47726,120.0,0.0109807769270955
50,sequence_47787,5.0,sequence_47756,37.0,0.0101778069476844
