,id_seq1,target_seq1,id_seq2,target_seq2,distance
40,sequence_47787,5.0,sequence_47724,48.0,0.0059009697387397
36,sequence_47787,5.0,sequence_47683,75.0,0.0053763415110588
102,sequence_47787,5.0,sequence_47725,57.0,0.0061758118222368
98,sequence_47787,5.0,sequence_47693,64.0,0.0053940921945891
96,sequence_47787,5.0,sequence_47699,62.0,0.0049253761607915
100,sequence_47787,5.0,sequence_47712,49.0,0.0053577441477266
39,sequence_47787,5.0,sequence_47682,53.0,0.0046510827133979
