,id_seq1,target_seq1,id_seq2,target_seq2,distance
79,sequence_47787,5.0,sequence_47675,57.0,0.0061158321118828
33,sequence_47787,5.0,sequence_47673,65.5,0.0048703070510529
78,sequence_47787,5.0,sequence_47706,77.0,0.004890614432809
77,sequence_47787,5.0,sequence_47701,63.0,0.0047853412487616
