,id_seq1,target_seq1,id_seq2,target_seq2,distance
73,sequence_47787,5.0,sequence_47672,76.0,0.0042105916624248
30,sequence_47787,5.0,sequence_47681,44.0,0.0039707533577383
32,sequence_47787,5.0,sequence_47680,73.0,0.0040746373639372
74,sequence_47787,5.0,sequence_47705,71.0,0.003988644722938
13,sequence_47787,5.0,sequence_47679,44.0,0.0039528608790925
80,sequence_47787,5.0,sequence_47698,56.0,0.0042466144052221
