,id_seq1,target_seq1,id_seq2,target_seq2,distance
30,sequence_40826,539,sequence_40843,495,0.007178778917701
15,sequence_40826,539,sequence_40844,519,0.004564393471195
28,sequence_40826,539,sequence_40858,495,0.007989918326685
24,sequence_40826,539,sequence_40856,498,0.0075142743981047
