,id_seq1,target_seq1,id_seq2,target_seq2,distance
57,sequence_47787,5.0,sequence_47741,102.0,99.59629897586557
60,sequence_47787,5.0,sequence_47745,83.0,134.07676678503998
70,sequence_47787,5.0,sequence_47738,55.0,99.59629897586557
61,sequence_47787,5.0,sequence_47747,72.0,110.80759714789416
64,sequence_47787,5.0,sequence_47744,69.0,113.32859058207686
