,id_seq1,target_seq1,id_seq2,target_seq2,distance
92,sequence_47787,5.0,sequence_47812,121.0,135.3311942037386
17,sequence_47787,5.0,sequence_47778,26.0,120.68832216552686
