,id_seq1,target_seq1,id_seq2,target_seq2,distance
82,sequence_47787,5.0,sequence_47704,98.0,181.1047856993293
87,sequence_47787,5.0,sequence_47703,95.0,174.5238775309843
