,id_seq1,target_seq1,id_seq2,target_seq2,distance
52,sequence_47787,5.0,sequence_47730,35.0,123.09468353706428
24,sequence_47787,5.0,sequence_47796,20.0,115.14519165666452
