,id_seq1,target_seq1,id_seq2,target_seq2,distance
58,sequence_47787,5.0,sequence_47743,63.0,5.004786525431015e-05
60,sequence_47787,5.0,sequence_47745,83.0,4.864743201704602e-05
63,sequence_47787,5.0,sequence_47749,81.0,5.2830713950347e-05
61,sequence_47787,5.0,sequence_47747,72.0,5.194954699250243e-05
64,sequence_47787,5.0,sequence_47744,69.0,4.844273508253227e-05
