,id_seq1,target_seq1,id_seq2,target_seq2,distance
4,sequence_47787,5.0,sequence_47777,11.0,3.311042495102168e-05
5,sequence_47787,5.0,sequence_47779,11.0,3.4549845287723535e-05
7,sequence_47787,5.0,sequence_47786,18.0,2.9496082001312374e-05
8,sequence_47787,5.0,sequence_47782,17.0,2.9084731600570457e-05
