,id_seq1,target_seq1,id_seq2,target_seq2,distance
131,sequence_47787,5.0,sequence_47676,56.0,6.380184678433931e-05
39,sequence_47787,5.0,sequence_47682,53.0,5.404621945437338e-05
