,id_seq1,target_seq1,id_seq2,target_seq2,distance
145,sequence_47787,5.0,sequence_47729,34.0,2.500602292199172e-05
146,sequence_47787,5.0,sequence_47809,10.0,1.989540660374267e-05
142,sequence_47787,5.0,sequence_47792,12.0,1.7081071268520986e-05
