,id_seq1,target_seq1,id_seq2,target_seq2,distance
82,sequence_47787,5.0,sequence_47704,98.0,7.488079650275203e-05
85,sequence_47787,5.0,sequence_47677,103.0,6.830795094381337e-05
84,sequence_47787,5.0,sequence_47709,119.0,6.89396361368555e-05
36,sequence_47787,5.0,sequence_47683,75.0,5.914009314300639e-05
83,sequence_47787,5.0,sequence_47708,111.0,7.101488568928005e-05
