,id_seq1,target_seq1,id_seq2,target_seq2,distance
72,sequence_47787,5.0,sequence_47702,69.0,5.987278464181234e-05
74,sequence_47787,5.0,sequence_47705,71.0,5.082310956971981e-05
77,sequence_47787,5.0,sequence_47701,63.0,6.616187080843439e-05
