,id_seq1,target_seq1,id_seq2,target_seq2,distance
23,sequence_47787,5.0,sequence_47783,24.5,3.9492178853239857e-05
111,sequence_47787,5.0,sequence_47811,24.0,4.7852359784772425e-05
51,sequence_47787,5.0,sequence_47775,23.0,4.549976648138277e-05
