,id_seq1,target_seq1,id_seq2,target_seq2,distance
30,sequence_47787,5.0,sequence_47681,44.0,4.828982414428751e-05
88,sequence_47787,5.0,sequence_47707,79.0,6.350719685310757e-05
130,sequence_47787,5.0,sequence_47674,38.0,5.72434131862476e-05
