,id_seq1,target_seq1,id_seq2,target_seq2,distance
26,sequence_47787,5.0,sequence_47760,26.0,2.9417520381769258e-05
140,sequence_47787,5.0,sequence_47728,12.0,8.430104049383935e-06
25,sequence_47787,5.0,sequence_47750,25.0,2.829404239035327e-05
150,sequence_47787,5.0,sequence_47736,19.0,1.771765139335635e-05
0,sequence_47787,5.0,sequence_47684,23.0,1.683408535868569e-05
