,id_seq1,target_seq1,id_seq2,target_seq2,distance
27,sequence_47787,5.0,sequence_47773,19.0,2.5507576677297195e-05
20,sequence_47787,5.0,sequence_47803,12.0,3.115279125964765e-05
138,sequence_47787,5.0,sequence_47802,4.0,2.6986382096527702e-05
2,sequence_47787,5.0,sequence_47790,9.0,2.4703923934277228e-05
144,sequence_47787,5.0,sequence_47788,5.0,1.7751089238737805e-05
1,sequence_47787,5.0,sequence_47789,10.0,1.9371039408411228e-05
