,id_seq1,target_seq1,id_seq2,target_seq2,distance
59,sequence_47787,5.0,sequence_47752,67.0,5.0516694600433176e-05
62,sequence_47787,5.0,sequence_47748,79.0,4.357446864133863e-05
