,id_seq1,target_seq1,id_seq2,target_seq2,distance
41,sequence_47787,5.0,sequence_47806,73.0,4.417565555592251e-05
89,sequence_47787,5.0,sequence_47762,127.0,5.684456746657407e-05
93,sequence_47787,5.0,sequence_47761,120.0,5.7468978853947306e-05
42,sequence_47787,5.0,sequence_47807,42.0,4.452552945843902e-05
