,id_seq1,target_seq1,id_seq2,target_seq2,distance
107,sequence_47787,5.0,sequence_47661,52.0,5.502498609377682e-05
104,sequence_47787,5.0,sequence_47668,48.0,5.791784791497889e-05
46,sequence_47787,5.0,sequence_47664,32.0,4.5280308262452e-05
