,id_seq1,target_seq1,id_seq2,target_seq2,distance
57,sequence_47787,5.0,sequence_47741,102.0,6.094479149076904e-05
70,sequence_47787,5.0,sequence_47738,55.0,5.833632661733645e-05
69,sequence_47787,5.0,sequence_47713,51.0,5.907070738153664e-05
33,sequence_47787,5.0,sequence_47673,65.5,5.7167771924104827e-05
