,id_seq1,target_seq1,id_seq2,target_seq2,distance
86,sequence_47787,5.0,sequence_47692,87.5,7.458369895818606e-05
75,sequence_47787,5.0,sequence_47694,51.0,6.494495632292097e-05
96,sequence_47787,5.0,sequence_47699,62.0,7.372620850887301e-05
99,sequence_47787,5.0,sequence_47690,63.0,7.346748850434182e-05
98,sequence_47787,5.0,sequence_47693,64.0,7.394718906561515e-05
76,sequence_47787,5.0,sequence_47691,40.0,7.062565739279769e-05
80,sequence_47787,5.0,sequence_47698,56.0,6.793338851029951e-05
97,sequence_47787,5.0,sequence_47687,92.0,7.980938212648336e-05
