,id_seq1,target_seq1,id_seq2,target_seq2,distance
79,sequence_47787,5.0,sequence_47675,57.0,6.828292545280057e-05
87,sequence_47787,5.0,sequence_47703,95.0,6.406726811203356e-05
78,sequence_47787,5.0,sequence_47706,77.0,6.12969426591059e-05
