,id_seq1,target_seq1,id_seq2,target_seq2,distance
43,sequence_47787,5.0,sequence_47804,23.0,5.288828526439637e-05
139,sequence_47787,5.0,sequence_47794,18.0,5.099165115129978e-05
44,sequence_47787,5.0,sequence_47800,20.0,5.529260860115404e-05
19,sequence_47787,5.0,sequence_47785,25.0,4.601821284655472e-05
67,sequence_47787,5.0,sequence_47774,21.0,4.905263986154651e-05
68,sequence_47787,5.0,sequence_47770,25.0,4.7500018490076457e-05
