,id_seq1,target_seq1,id_seq2,target_seq2,distance
14,sequence_47787,5.0,sequence_47695,52.0,3.235821383351656e-05
15,sequence_47787,5.0,sequence_47710,43.0,4.080555181551482e-05
