,id_seq1,target_seq1,id_seq2,target_seq2,distance
101,sequence_47787,5.0,sequence_47714,51.0,7.468366659557635e-05
102,sequence_47787,5.0,sequence_47725,57.0,8.166839755963107e-05
100,sequence_47787,5.0,sequence_47712,49.0,8.112440636587337e-05
