,id_seq1,target_seq1,id_seq2,target_seq2,distance
65,sequence_47787,5.0,sequence_47721,40.0,4.332759903313832e-05
12,sequence_47787,5.0,sequence_47685,24.0,3.5229796976454786e-05
16,sequence_47787,5.0,sequence_47686,22.0,3.78415320879677e-05
37,sequence_47787,5.0,sequence_47697,55.5,5.431747543216403e-05
31,sequence_47787,5.0,sequence_47696,47.0,4.942142078157019e-05
66,sequence_47787,5.0,sequence_47759,36.0,5.724764112780001e-05
38,sequence_47787,5.0,sequence_47678,37.0,4.705689827377846e-05
56,sequence_47787,5.0,sequence_47751,34.0,4.9689399691299485e-05
