,id_seq1,target_seq1,id_seq2,target_seq2,distance
127,sequence_47787,5.0,sequence_47719,66.0,6.806988823893079e-05
129,sequence_47787,5.0,sequence_47722,75.0,6.755813794090404e-05
126,sequence_47787,5.0,sequence_47716,84.0,7.352399399451759e-05
123,sequence_47787,5.0,sequence_47718,81.0,6.702279685588675e-05
124,sequence_47787,5.0,sequence_47717,66.0,6.755967208449398e-05
