,id_seq1,target_seq1,id_seq2,target_seq2,distance
117,sequence_47787,5.0,sequence_47746,94.0,6.715346256336296e-05
118,sequence_47787,5.0,sequence_47754,70.0,7.332620025635173e-05
119,sequence_47787,5.0,sequence_47753,74.0,6.787830173948795e-05
116,sequence_47787,5.0,sequence_47755,100.0,7.603599414196527e-05
