,id_seq1,target_seq1,id_seq2,target_seq2,distance
87,sequence_47787,5.0,sequence_47703,95.0,6.406726811203356e-05
32,sequence_47787,5.0,sequence_47680,73.0,5.0410372800069325e-05
74,sequence_47787,5.0,sequence_47705,71.0,5.082310956971981e-05
