,id_seq1,target_seq1,id_seq2,target_seq2,distance
106,sequence_47787,5.0,sequence_47665,50.0,5.542330612340329e-05
103,sequence_47787,5.0,sequence_47669,32.0,6.166299533927333e-05
105,sequence_47787,5.0,sequence_47670,97.0,5.7016900204098775e-05
