,id_seq1,target_seq1,id_seq2,target_seq2,distance
94,sequence_47787,5.0,sequence_47764,118.0,5.6492898394711055e-05
89,sequence_47787,5.0,sequence_47762,127.0,5.684456746657407e-05
92,sequence_47787,5.0,sequence_47812,121.0,5.47911620643049e-05
95,sequence_47787,5.0,sequence_47763,122.0,5.91841204229393e-05
90,sequence_47787,5.0,sequence_47765,118.0,5.798176393578824e-05
91,sequence_47787,5.0,sequence_47767,105.0,6.057644439760868e-05
