,id_seq1,target_seq1,id_seq2,target_seq2,distance
127,sequence_47787,5.0,sequence_47719,66.0,0.0058744285618014
126,sequence_47787,5.0,sequence_47716,84.0,0.0063482750156396
97,sequence_47787,5.0,sequence_47687,92.0,0.00501508469346
118,sequence_47787,5.0,sequence_47754,70.0,0.0057230145990087
61,sequence_47787,5.0,sequence_47747,72.0,0.0056140307602954
