,id_seq1,target_seq1,id_seq2,target_seq2,distance
75,sequence_47787,5.0,sequence_47694,51.0,0.0079820530306359
126,sequence_47787,5.0,sequence_47716,84.0,0.0063482750156396
