,id_seq1,target_seq1,id_seq2,target_seq2,distance
26,sequence_47787,5.0,sequence_47760,26.0,0.962890625
149,sequence_47787,5.0,sequence_47766,4.19,0.9580078125
148,sequence_47787,5.0,sequence_47810,5.57,0.9443359375
141,sequence_47787,5.0,sequence_47808,4.0,0.943359375
