,id_seq1,target_seq1,id_seq2,target_seq2,distance
75,sequence_47787,5.0,sequence_47694,51.0,0.966796875
37,sequence_47787,5.0,sequence_47697,55.5,0.9765625
38,sequence_47787,5.0,sequence_47678,37.0,0.9716796875
12,sequence_47787,5.0,sequence_47685,24.0,0.962890625
31,sequence_47787,5.0,sequence_47696,47.0,0.9736328125
16,sequence_47787,5.0,sequence_47686,22.0,0.958984375
