,id_seq1,target_seq1,id_seq2,target_seq2,distance
36,sequence_47787,5.0,sequence_47683,75.0,0.98046875
99,sequence_47787,5.0,sequence_47690,63.0,0.9736328125
98,sequence_47787,5.0,sequence_47693,64.0,0.966796875
96,sequence_47787,5.0,sequence_47699,62.0,0.96875
97,sequence_47787,5.0,sequence_47687,92.0,0.974609375
86,sequence_47787,5.0,sequence_47692,87.5,0.974609375
80,sequence_47787,5.0,sequence_47698,56.0,0.982421875
