,id_seq1,target_seq1,id_seq2,target_seq2,distance
129,sequence_47787,5.0,sequence_47722,75.0,0.974609375
126,sequence_47787,5.0,sequence_47716,84.0,0.9814453125
123,sequence_47787,5.0,sequence_47718,81.0,0.9794921875
124,sequence_47787,5.0,sequence_47717,66.0,0.98046875
