,id_seq1,target_seq1,id_seq2,target_seq2,distance
59,sequence_47787,5.0,sequence_47752,67.0,0.9765625
120,sequence_47787,5.0,sequence_47740,158.0,0.9814453125
64,sequence_47787,5.0,sequence_47744,69.0,0.9775390625
