,id_seq1,target_seq1,id_seq2,target_seq2,distance
83,sequence_47787,5.0,sequence_47708,111.0,0.978515625
82,sequence_47787,5.0,sequence_47704,98.0,0.9775390625
84,sequence_47787,5.0,sequence_47709,119.0,0.9736328125
