,id_seq1,target_seq1,id_seq2,target_seq2,distance
115,sequence_47787,5.0,sequence_47732,30.0,0.947265625
55,sequence_47787,5.0,sequence_47798,23.0,0.955078125
24,sequence_47787,5.0,sequence_47796,20.0,0.943359375
113,sequence_47787,5.0,sequence_47731,32.0,0.9638671875
114,sequence_47787,5.0,sequence_47733,25.0,0.96875
54,sequence_47787,5.0,sequence_47797,27.0,0.9560546875
52,sequence_47787,5.0,sequence_47730,35.0,0.9609375
