,id_seq1,target_seq1,id_seq2,target_seq2,distance
29,sequence_47787,5.0,sequence_47771,18.0,0.9580078125
3,sequence_47787,5.0,sequence_47781,12.0,0.9609375
6,sequence_47787,5.0,sequence_47784,21.0,0.951171875
7,sequence_47787,5.0,sequence_47786,18.0,0.947265625
17,sequence_47787,5.0,sequence_47778,26.0,0.9541015625
71,sequence_47787,5.0,sequence_47769,25.0,0.9599609375
