,id_seq1,target_seq1,id_seq2,target_seq2,distance
57,sequence_47787,5.0,sequence_47741,102.0,0.9775390625
70,sequence_47787,5.0,sequence_47738,55.0,0.978515625
69,sequence_47787,5.0,sequence_47713,51.0,0.97265625
48,sequence_47787,5.0,sequence_47671,36.0,0.96875
