,id_seq1,target_seq1,id_seq2,target_seq2,distance
108,sequence_47787,5.0,sequence_47667,86.0,0.9833984375
112,sequence_47787,5.0,sequence_47662,28.0,0.9775390625
47,sequence_47787,5.0,sequence_47666,69.0,0.978515625
