,id_seq1,target_seq1,id_seq2,target_seq2,distance
136,sequence_47787,5.0,sequence_47801,4.0,0.919921875
140,sequence_47787,5.0,sequence_47728,12.0,0.9208984375
10,sequence_47787,5.0,sequence_47795,7.0,0.9453125
9,sequence_47787,5.0,sequence_47772,12.0,0.912109375
11,sequence_47787,5.0,sequence_47776,9.0,0.8818359375
