,id_seq1,target_seq1,id_seq2,target_seq2,distance
60,sequence_47787,5.0,sequence_47745,83.0,0.98046875
63,sequence_47787,5.0,sequence_47749,81.0,0.9765625
58,sequence_47787,5.0,sequence_47743,63.0,0.9755859375
62,sequence_47787,5.0,sequence_47748,79.0,0.9814453125
61,sequence_47787,5.0,sequence_47747,72.0,0.974609375
