,id_seq1,target_seq1,id_seq2,target_seq2,distance
37,sequence_40826,539,sequence_40853,463,513.7950000000001
9,sequence_40826,539,sequence_40845,495,513.7950000000001
25,sequence_40826,539,sequence_40815,498,498.5246
38,sequence_40826,539,sequence_40848,461,513.7950000000001
33,sequence_40826,539,sequence_40793,456,513.7950000000001
