,id_seq1,target_seq1,id_seq2,target_seq2,distance
69,sequence_47787,5.0,sequence_47713,51.0,0.0125628140703517
122,sequence_47787,5.0,sequence_47715,101.0,0.0175879396984924
101,sequence_47787,5.0,sequence_47714,51.0,0.0175879396984924
70,sequence_47787,5.0,sequence_47738,55.0,0.0125628140703517
121,sequence_47787,5.0,sequence_47742,108.0,0.0175879396984924
123,sequence_47787,5.0,sequence_47718,81.0,0.0175879396984924
