,id_seq1,target_seq1,id_seq2,target_seq2,distance
129,sequence_47787,5.0,sequence_47722,75.0,0.0175879396984924
28,sequence_47787,5.0,sequence_47768,17.0,0.007537688442211
133,sequence_47787,5.0,sequence_47739,35.0,0.0175879396984924
120,sequence_47787,5.0,sequence_47740,158.0,0.0175879396984924
