,id_seq1,target_seq1,id_seq2,target_seq2,distance
12,sequence_47787,5.0,sequence_47685,24.0,0.007537688442211
31,sequence_47787,5.0,sequence_47696,47.0,0.0100502512562814
14,sequence_47787,5.0,sequence_47695,52.0,0.007537688442211
38,sequence_47787,5.0,sequence_47678,37.0,0.0125628140703517
0,sequence_47787,5.0,sequence_47684,23.0,0.0050251256281407
