,id_seq1,target_seq1,id_seq2,target_seq2,distance
57,sequence_47787,5.0,sequence_47741,102.0,0.0125628140703517
71,sequence_47787,5.0,sequence_47769,25.0,0.0125628140703517
116,sequence_47787,5.0,sequence_47755,100.0,0.0150753768844221
67,sequence_47787,5.0,sequence_47774,21.0,0.0125628140703517
119,sequence_47787,5.0,sequence_47753,74.0,0.0150753768844221
