,id_seq1,target_seq1,id_seq2,target_seq2,distance
127,sequence_47787,5.0,sequence_47719,66.0,0.0175879396984924
125,sequence_47787,5.0,sequence_47720,80.0,0.0175879396984924
68,sequence_47787,5.0,sequence_47770,25.0,0.0125628140703517
