,id_seq1,target_seq1,id_seq2,target_seq2,distance
52,sequence_47787,5.0,sequence_47730,35.0,0.0100502512562814
24,sequence_47787,5.0,sequence_47796,20.0,0.007537688442211
8,sequence_47787,5.0,sequence_47782,17.0,0.0050251256281407
107,sequence_47787,5.0,sequence_47661,52.0,0.0150753768844221
6,sequence_47787,5.0,sequence_47784,21.0,0.0050251256281407
118,sequence_47787,5.0,sequence_47754,70.0,0.0150753768844221
59,sequence_47787,5.0,sequence_47752,67.0,0.0125628140703517
