,id_seq1,target_seq1,id_seq2,target_seq2,distance
37,sequence_40826,539,sequence_40853,463,604.6084000000001
35,sequence_40826,539,sequence_40812,464,604.6084000000001
29,sequence_40826,539,sequence_40852,474,604.6084000000001
38,sequence_40826,539,sequence_40848,461,604.6084000000001
