,id_seq1,target_seq1,id_seq2,target_seq2,distance
30,sequence_40826,539,sequence_40843,495,0.0044229590981789
28,sequence_40826,539,sequence_40858,495,0.0046945213759005
24,sequence_40826,539,sequence_40856,498,0.0044800617006537
