,id_seq1,target_seq1,id_seq2,target_seq2,distance
34,sequence_40826,539,sequence_40861,464,0.0189707079145583
36,sequence_40826,539,sequence_40854,465,0.0166540962747658
29,sequence_40826,539,sequence_40852,474,0.0165885152313027
25,sequence_40826,539,sequence_40815,498,0.014337939164189
38,sequence_40826,539,sequence_40848,461,0.0175068006734442
39,sequence_40826,539,sequence_40849,464,0.0167018489715951
27,sequence_40826,539,sequence_40847,486,0.016626679573039
