,id_seq1,target_seq1,id_seq2,target_seq2,distance
1,sequence_40826,539,sequence_40789,510,0.0027695408283772
2,sequence_40826,539,sequence_40794,519,0.0016285066580306
