,id_seq1,target_seq1,id_seq2,target_seq2,distance
73,sequence_40826,539,sequence_40802,560,0.0064560679726647
43,sequence_40826,539,sequence_40860,535,0.0023419456402878
57,sequence_40826,539,sequence_40862,546,0.0033324610934224
