,id_seq1,target_seq1,id_seq2,target_seq2,distance
51,sequence_40826,539,sequence_40803,549,0.0038356741732525
54,sequence_40826,539,sequence_40864,549,0.0021019162221717
