,id_seq1,target_seq1,id_seq2,target_seq2,distance
49,sequence_40826,539,sequence_40797,558,0.0013950547430879
52,sequence_40826,539,sequence_40804,561,0.0023306642303627
50,sequence_40826,539,sequence_40800,558,0.0031195089110463
53,sequence_40826,539,sequence_40805,564,0.0021037714551058
