,id_seq1,target_seq1,id_seq2,target_seq2,distance
79,sequence_40826,539,sequence_40867,622,0.0063820057267879
69,sequence_40826,539,sequence_40798,579,0.0057955079586334
76,sequence_40826,539,sequence_40866,620,0.0060373388900655
77,sequence_40826,539,sequence_40799,597,0.0061401189751733
72,sequence_40826,539,sequence_40801,561,0.0075020316924936
