,id_seq1,target_seq1,id_seq2,target_seq2,distance
4,sequence_40826,539,sequence_40807,528,0.0103714582565028
55,sequence_40826,539,sequence_40808,543,0.0101428432186574
