,id_seq1,target_seq1,id_seq2,target_seq2,distance
60,sequence_40826,539,sequence_40837,543,0.0007740989436471
46,sequence_40826,539,sequence_40819,532,0.000913943082213
