,id_seq1,target_seq1,id_seq2,target_seq2,distance
76,sequence_51016,-4.626935645431157,sequence_50979,-6.9793484717108525,1078.3037
227,sequence_51016,-4.626935645431157,sequence_51049,-5.345308323514202,895.7237000000001
242,sequence_51016,-4.626935645431157,sequence_50986,-6.800648200608334,714.5919
245,sequence_51016,-4.626935645431157,sequence_51037,-4.148785252262823,787.274
71,sequence_51016,-4.626935645431157,sequence_50978,-8.571060179872774,1383.619
189,sequence_51016,-4.626935645431157,sequence_51001,-8.53182220350879,1097.7119000000002
81,sequence_51016,-4.626935645431157,sequence_51052,-7.931613379354088,1186.9536999999998
202,sequence_51016,-4.626935645431157,sequence_50994,-8.261822655555044,912.8622
