,id_seq1,target_seq1,id_seq2,target_seq2,distance
120,sequence_51016,-4.626935645431157,sequence_51188,-7.477058965090089,0.9719711805169134
20,sequence_51016,-4.626935645431157,sequence_51131,-7.774340977997347,0.9243343742129868
221,sequence_51016,-4.626935645431157,sequence_51126,-6.8444229718282426,0.9628040261561596
123,sequence_51016,-4.626935645431157,sequence_51198,-7.041057436612152,0.922902824215988
213,sequence_51016,-4.626935645431157,sequence_51132,-4.340049860624873,0.954136318001017
