,id_seq1,target_seq1,id_seq2,target_seq2,distance
72,sequence_47787,5.0,sequence_47702,69.0,246.62661954184915
34,sequence_47787,5.0,sequence_47700,65.0,246.5595949588659
91,sequence_47787,5.0,sequence_47767,105.0,254.44015829560004
95,sequence_47787,5.0,sequence_47763,122.0,246.75303762097843
87,sequence_47787,5.0,sequence_47703,95.0,248.44968420181175
