,id_seq1,target_seq1,id_seq2,target_seq2,distance
27,sequence_47787,5.0,sequence_47773,19.0,48.78461368290211
65,sequence_47787,5.0,sequence_47721,40.0,62.554096102253766
29,sequence_47787,5.0,sequence_47771,18.0,39.67911843098332
9,sequence_47787,5.0,sequence_47772,12.0,38.0043
140,sequence_47787,5.0,sequence_47728,12.0,38.0043
66,sequence_47787,5.0,sequence_47759,36.0,62.42578385987636
56,sequence_47787,5.0,sequence_47751,34.0,56.63111058720286
