,id_seq1,target_seq1,id_seq2,target_seq2,distance
125,sequence_47787,5.0,sequence_47720,80.0,215.21183409761645
62,sequence_47787,5.0,sequence_47748,79.0,213.4880457601081
61,sequence_47787,5.0,sequence_47747,72.0,207.69149874927476
