,id_seq1,target_seq1,id_seq2,target_seq2,distance
69,sequence_47787,5.0,sequence_47713,51.0,89.46926809251319
120,sequence_47787,5.0,sequence_47740,158.0,97.03447117231072
116,sequence_47787,5.0,sequence_47755,100.0,74.21744440736288
