,id_seq1,target_seq1,id_seq2,target_seq2,distance
42,sequence_47787,5.0,sequence_47807,42.0,160.43568370574548
74,sequence_47787,5.0,sequence_47705,71.0,167.48513871430504
