,id_seq1,target_seq1,id_seq2,target_seq2,distance
127,sequence_47787,5.0,sequence_47719,66.0,209.46299555269897
64,sequence_47787,5.0,sequence_47744,69.0,199.55385792492208
63,sequence_47787,5.0,sequence_47749,81.0,197.0573243563405
68,sequence_47787,5.0,sequence_47770,25.0,197.55417904698956
