,id_seq1,target_seq1,id_seq2,target_seq2,distance
107,sequence_47787,5.0,sequence_47661,52.0,0.0139433409200471
75,sequence_47787,5.0,sequence_47694,51.0,0.0166511732410572
105,sequence_47787,5.0,sequence_47670,97.0,0.013851918263608
76,sequence_47787,5.0,sequence_47691,40.0,0.0145858978241747
80,sequence_47787,5.0,sequence_47698,56.0,0.014688211643459
