,id_seq1,target_seq1,id_seq2,target_seq2,distance
18,sequence_47787,5.0,sequence_47780,23.0,0.0117830223777116
139,sequence_47787,5.0,sequence_47794,18.0,0.0092402227896543
1,sequence_47787,5.0,sequence_47789,10.0,0.0108324017543786
19,sequence_47787,5.0,sequence_47785,25.0,0.0134887925581941
17,sequence_47787,5.0,sequence_47778,26.0,0.0118126258606257
