,id_seq1,target_seq1,id_seq2,target_seq2,distance
4,sequence_47787,5.0,sequence_47777,11.0,0.0010220495390714
143,sequence_47787,5.0,sequence_47791,4.0,0.0024445924828412
