,id_seq1,target_seq1,id_seq2,target_seq2,distance
68,sequence_47787,5.0,sequence_47770,25.0,0.0124182091981268
45,sequence_47787,5.0,sequence_47799,24.0,0.0145528289289198
42,sequence_47787,5.0,sequence_47807,42.0,0.0177397397351628
