,id_seq1,target_seq1,id_seq2,target_seq2,distance
78,sequence_47787,5.0,sequence_47706,77.0,0.0058047696552192
0,sequence_47787,5.0,sequence_47684,23.0,0.0044137605136574
77,sequence_47787,5.0,sequence_47701,63.0,0.0076784524262965
34,sequence_47787,5.0,sequence_47700,65.0,0.0076819481179214
