,id_seq1,target_seq1,id_seq2,target_seq2,distance
33,sequence_47787,5.0,sequence_47673,65.5,0.0076923171524266
14,sequence_47787,5.0,sequence_47695,52.0,0.0078222044622728
79,sequence_47787,5.0,sequence_47675,57.0,0.0077386516075296
15,sequence_47787,5.0,sequence_47710,43.0,0.0078298716768866
