,id_seq1,target_seq1,id_seq2,target_seq2,distance
35,sequence_47787,5.0,sequence_47689,52.0,0.0120286172044741
48,sequence_47787,5.0,sequence_47671,36.0,0.0110174622849723
47,sequence_47787,5.0,sequence_47666,69.0,0.0135884546873787
