,id_seq1,target_seq1,id_seq2,target_seq2,distance
60,sequence_47787,5.0,sequence_47745,83.0,0.010243708163411
70,sequence_47787,5.0,sequence_47738,55.0,0.0050062955597927
69,sequence_47787,5.0,sequence_47713,51.0,0.0060878497169043
63,sequence_47787,5.0,sequence_47749,81.0,0.0059369524057663
62,sequence_47787,5.0,sequence_47748,79.0,0.0068680180351577
