,id_seq1,target_seq1,id_seq2,target_seq2,distance
133,sequence_47787,5.0,sequence_47739,35.0,0.0152455825707333
134,sequence_47787,5.0,sequence_47735,55.0,0.0152724896766892
66,sequence_47787,5.0,sequence_47759,36.0,0.0142093424474359
132,sequence_47787,5.0,sequence_47711,57.0,0.0152896163281378
