,id_seq1,target_seq1,id_seq2,target_seq2,distance
13,sequence_47787,5.0,sequence_47679,44.0,0.0054980832818165
77,sequence_47787,5.0,sequence_47701,63.0,0.0076784524262965
