,id_seq1,target_seq1,id_seq2,target_seq2,distance
71,sequence_47787,5.0,sequence_47769,25.0,0.0131497493739923
27,sequence_47787,5.0,sequence_47773,19.0,0.012279778124984
20,sequence_47787,5.0,sequence_47803,12.0,0.0132900119481057
