,id_seq1,target_seq1,id_seq2,target_seq2,distance
146,sequence_47787,5.0,sequence_47809,10.0,0.0005708608550624
149,sequence_47787,5.0,sequence_47766,4.19,0.0015552711226414
148,sequence_47787,5.0,sequence_47810,5.57,0.0016910768372517
11,sequence_47787,5.0,sequence_47776,9.0,5.167491019308912e-06
141,sequence_47787,5.0,sequence_47808,4.0,9.159537743308466e-05
142,sequence_47787,5.0,sequence_47792,12.0,0.0004802364115294
5,sequence_47787,5.0,sequence_47779,11.0,0.0010007088453432
