,id_seq1,target_seq1,id_seq2,target_seq2,distance
137,sequence_47787,5.0,sequence_47805,22.0,0.0064608917944274
24,sequence_47787,5.0,sequence_47796,20.0,0.0081659285782733
113,sequence_47787,5.0,sequence_47731,32.0,0.0100725886757375
53,sequence_47787,5.0,sequence_47758,22.0,0.0100058466278711
52,sequence_47787,5.0,sequence_47730,35.0,0.0100549546511079
