,id_seq1,target_seq1,id_seq2,target_seq2,distance
43,sequence_47787,5.0,sequence_47804,23.0,0.0172967211365926
67,sequence_47787,5.0,sequence_47774,21.0,0.0161782195935225
