,id_seq1,target_seq1,id_seq2,target_seq2,distance
125,sequence_47787,5.0,sequence_47720,80.0,0.0202713762562422
84,sequence_47787,5.0,sequence_47709,119.0,0.0196642484767514
