,id_seq1,target_seq1,id_seq2,target_seq2,distance
64,sequence_47787,5.0,sequence_47744,69.0,0.0041539780190376
25,sequence_47787,5.0,sequence_47750,25.0,0.004003010332207
61,sequence_47787,5.0,sequence_47747,72.0,0.0042634310985428
