,id_seq1,target_seq1,id_seq2,target_seq2,distance
231,sequence_51016,-4.626935645431157,sequence_51006,-4.088195248253983,22818.4662939552
94,sequence_51016,-4.626935645431157,sequence_50966,-7.12754277570154,27151.721123168525
230,sequence_51016,-4.626935645431157,sequence_51044,-7.448598078099795,20657.43998654183
182,sequence_51016,-4.626935645431157,sequence_50965,-8.132680322148055,26020.722142123923
58,sequence_51016,-4.626935645431157,sequence_51017,-7.84298595409709,12700.358015854836
229,sequence_51016,-4.626935645431157,sequence_50983,-7.874339064617118,22073.59899603678
88,sequence_51016,-4.626935645431157,sequence_50980,-5.395644495280823,26334.034239241028
234,sequence_51016,-4.626935645431157,sequence_50967,-5.218809117262096,20728.5197978943
184,sequence_51016,-4.626935645431157,sequence_50992,-7.440072608002367,25819.38914948551
71,sequence_51016,-4.626935645431157,sequence_50978,-8.571060179872774,30793.10920831398
216,sequence_51016,-4.626935645431157,sequence_50968,-6.107021603142809,26773.989403678264
195,sequence_51016,-4.626935645431157,sequence_50975,-8.356998357359751,27364.704526368576
