,id_seq1,target_seq1,id_seq2,target_seq2,distance
176,sequence_51016,-4.626935645431157,sequence_50998,-5.944204158002268,30425.114582555645
82,sequence_51016,-4.626935645431157,sequence_50988,-7.682347412816437,28935.08447284824
74,sequence_51016,-4.626935645431157,sequence_50972,-7.588913722504616,28647.528389598705
