,id_seq1,target_seq1,id_seq2,target_seq2,distance
93,sequence_47787,5.0,sequence_47761,120.0,0.012671021025956
89,sequence_47787,5.0,sequence_47762,127.0,0.0119846871311571
90,sequence_47787,5.0,sequence_47765,118.0,0.0120699773284126
91,sequence_47787,5.0,sequence_47767,105.0,0.0129819991217891
