,id_seq1,target_seq1,id_seq2,target_seq2,distance
144,sequence_47787,5.0,sequence_47788,5.0,0.0029750223845715
120,sequence_47787,5.0,sequence_47740,158.0,0.0076746098785221
56,sequence_47787,5.0,sequence_47751,34.0,0.0052569798699793
118,sequence_47787,5.0,sequence_47754,70.0,0.0085178134059735
