,id_seq1,target_seq1,id_seq2,target_seq2,distance
111,sequence_47787,5.0,sequence_47811,24.0,0.0064299046788554
23,sequence_47787,5.0,sequence_47783,24.5,0.0062923207329607
110,sequence_47787,5.0,sequence_47734,110.0,0.0108292363240799
