,id_seq1,target_seq1,id_seq2,target_seq2,distance
86,sequence_47787,5.0,sequence_47692,87.5,0.0172549730807459
99,sequence_47787,5.0,sequence_47690,63.0,0.0175723248661284
97,sequence_47787,5.0,sequence_47687,92.0,0.0178279054622907
