,id_seq1,target_seq1,id_seq2,target_seq2,distance
0,sequence_47787,5.0,sequence_47684,23.0,0.0048514059792337
149,sequence_47787,5.0,sequence_47766,4.19,0.003738490045588
