,id_seq1,target_seq1,id_seq2,target_seq2,distance
101,sequence_47787,5.0,sequence_47714,51.0,0.013452056200603
43,sequence_47787,5.0,sequence_47804,23.0,0.0123157498777494
100,sequence_47787,5.0,sequence_47712,49.0,0.0138390077879045
