,id_seq1,target_seq1,id_seq2,target_seq2,distance
12,sequence_47787,5.0,sequence_47685,24.0,0.0078513131333939
73,sequence_47787,5.0,sequence_47672,76.0,0.0105052456454315
30,sequence_47787,5.0,sequence_47681,44.0,0.0098361880383638
74,sequence_47787,5.0,sequence_47705,71.0,0.0099194299540812
72,sequence_47787,5.0,sequence_47702,69.0,0.0109149567052995
130,sequence_47787,5.0,sequence_47674,38.0,0.0109167940389255
