,id_seq1,target_seq1,id_seq2,target_seq2,distance
112,sequence_47787,5.0,sequence_47662,28.0,0.0105045175958888
107,sequence_47787,5.0,sequence_47661,52.0,0.0108704225162349
104,sequence_47787,5.0,sequence_47668,48.0,0.011841461320467
46,sequence_47787,5.0,sequence_47664,32.0,0.009790528960112
