,id_seq1,target_seq1,id_seq2,target_seq2,distance
127,sequence_47787,5.0,sequence_47719,66.0,0.3083999999999999
126,sequence_47787,5.0,sequence_47716,84.0,0.3167999999999999
129,sequence_47787,5.0,sequence_47722,75.0,0.3034
125,sequence_47787,5.0,sequence_47720,80.0,0.2841
123,sequence_47787,5.0,sequence_47718,81.0,0.3030999999999998
124,sequence_47787,5.0,sequence_47717,66.0,0.3042
