,id_seq1,target_seq1,id_seq2,target_seq2,distance
19,sequence_47787,5.0,sequence_47785,25.0,0.2492999999999999
68,sequence_47787,5.0,sequence_47770,25.0,0.2563999999999999
43,sequence_47787,5.0,sequence_47804,23.0,0.2667
139,sequence_47787,5.0,sequence_47794,18.0,0.2615
67,sequence_47787,5.0,sequence_47774,21.0,0.2580000000000001
44,sequence_47787,5.0,sequence_47800,20.0,0.2729999999999999
