,id_seq1,target_seq1,id_seq2,target_seq2,distance
81,sequence_47787,5.0,sequence_47688,90.0,0.2973999999999999
35,sequence_47787,5.0,sequence_47689,52.0,0.2705000000000001
