,id_seq1,target_seq1,id_seq2,target_seq2,distance
58,sequence_47787,5.0,sequence_47743,63.0,0.2648
60,sequence_47787,5.0,sequence_47745,83.0,0.2563999999999998
63,sequence_47787,5.0,sequence_47749,81.0,0.2704
62,sequence_47787,5.0,sequence_47748,79.0,0.2421999999999999
64,sequence_47787,5.0,sequence_47744,69.0,0.2598000000000001
