,id_seq1,target_seq1,id_seq2,target_seq2,distance
86,sequence_47787,5.0,sequence_47692,87.5,0.3191999999999999
75,sequence_47787,5.0,sequence_47694,51.0,0.2970999999999998
96,sequence_47787,5.0,sequence_47699,62.0,0.3181
99,sequence_47787,5.0,sequence_47690,63.0,0.3191999999999999
98,sequence_47787,5.0,sequence_47693,64.0,0.3227999999999998
76,sequence_47787,5.0,sequence_47691,40.0,0.3133999999999998
80,sequence_47787,5.0,sequence_47698,56.0,0.3082999999999999
97,sequence_47787,5.0,sequence_47687,92.0,0.3290999999999999
