,id_seq1,target_seq1,id_seq2,target_seq2,distance
94,sequence_47787,5.0,sequence_47764,118.0,0.2757999999999999
89,sequence_47787,5.0,sequence_47762,127.0,0.2798
92,sequence_47787,5.0,sequence_47812,121.0,0.2728000000000001
95,sequence_47787,5.0,sequence_47763,122.0,0.2817
90,sequence_47787,5.0,sequence_47765,118.0,0.2809
91,sequence_47787,5.0,sequence_47767,105.0,0.2835999999999999
42,sequence_47787,5.0,sequence_47807,42.0,0.2404
