,id_seq1,target_seq1,id_seq2,target_seq2,distance
104,sequence_47787,5.0,sequence_47668,48.0,0.2798999999999999
106,sequence_47787,5.0,sequence_47665,50.0,0.2731999999999999
103,sequence_47787,5.0,sequence_47669,32.0,0.287
105,sequence_47787,5.0,sequence_47670,97.0,0.2757999999999999
