,id_seq1,target_seq1,id_seq2,target_seq2,distance
4,sequence_47787,5.0,sequence_47777,11.0,0.2106000000000001
5,sequence_47787,5.0,sequence_47779,11.0,0.2161999999999999
7,sequence_47787,5.0,sequence_47786,18.0,0.2040999999999999
8,sequence_47787,5.0,sequence_47782,17.0,0.1984000000000001
