,id_seq1,target_seq1,id_seq2,target_seq2,distance
26,sequence_47787,5.0,sequence_47760,26.0,0.1993999999999998
140,sequence_47787,5.0,sequence_47728,12.0,0.1071
150,sequence_47787,5.0,sequence_47736,19.0,0.1574
25,sequence_47787,5.0,sequence_47750,25.0,0.1965
0,sequence_47787,5.0,sequence_47684,23.0,0.1509999999999999
