,id_seq1,target_seq1,id_seq2,target_seq2,distance
74,sequence_47787,5.0,sequence_47705,71.0,0.2643999999999999
77,sequence_47787,5.0,sequence_47701,63.0,0.3042999999999999
