,id_seq1,target_seq1,id_seq2,target_seq2,distance
144,sequence_47787,5.0,sequence_47788,5.0,0.1537999999999999
2,sequence_47787,5.0,sequence_47790,9.0,0.1853999999999998
27,sequence_47787,5.0,sequence_47773,19.0,0.1837999999999999
20,sequence_47787,5.0,sequence_47803,12.0,0.2054999999999999
1,sequence_47787,5.0,sequence_47789,10.0,0.1619999999999998
138,sequence_47787,5.0,sequence_47802,4.0,0.1931999999999999
