,id_seq1,target_seq1,id_seq2,target_seq2,distance
47,sequence_47787,5.0,sequence_47666,69.0,0.2754
21,sequence_47787,5.0,sequence_47663,36.0,0.2459999999999998
48,sequence_47787,5.0,sequence_47671,36.0,0.2806999999999999
108,sequence_47787,5.0,sequence_47667,86.0,0.2951999999999999
