,id_seq1,target_seq1,id_seq2,target_seq2,distance
30,sequence_40826,539,sequence_40843,495,1.7266087043572715
28,sequence_40826,539,sequence_40858,495,1.8787610393983896
24,sequence_40826,539,sequence_40856,498,1.7892284617394132
