,id_seq1,target_seq1,id_seq2,target_seq2,distance
69,sequence_40826,539,sequence_40798,579,1.958565021746844
76,sequence_40826,539,sequence_40866,620,2.1120567501679943
72,sequence_40826,539,sequence_40801,561,1.9719416571895048
