,id_seq1,target_seq1,id_seq2,target_seq2,distance
63,sequence_40826,539,sequence_40822,549,0.6395078892011979
59,sequence_40826,539,sequence_40836,543,0.9196563368365775
