,id_seq1,target_seq1,id_seq2,target_seq2,distance
2,sequence_40826,539,sequence_40794,519,0.703765906925096
1,sequence_40826,539,sequence_40789,510,0.7561843682095608
