,id_seq1,target_seq1,id_seq2,target_seq2,distance
59,sequence_47787,5.0,sequence_47752,67.0,0.0007476653694268
147,sequence_47787,5.0,sequence_47737,27.0,0.0018461295047323
114,sequence_47787,5.0,sequence_47733,25.0,0.0014221014998277
26,sequence_47787,5.0,sequence_47760,26.0,0.0058948005053782
52,sequence_47787,5.0,sequence_47730,35.0,0.0014200829486313
121,sequence_47787,5.0,sequence_47742,108.0,0.0011176747076311
118,sequence_47787,5.0,sequence_47754,70.0,0.0011334942044409
146,sequence_47787,5.0,sequence_47809,10.0,0.0016717981429272
79,sequence_47787,5.0,sequence_47675,57.0,0.004280887201566
