,id_seq1,target_seq1,id_seq2,target_seq2,distance
175,sequence_51016,-4.626935645431157,sequence_50997,-7.490956320392341,57.83308143686957
201,sequence_51016,-4.626935645431157,sequence_51038,-5.012320997946479,54.104568486097016
230,sequence_51016,-4.626935645431157,sequence_51044,-7.448598078099795,43.85076994175864
198,sequence_51016,-4.626935645431157,sequence_50993,-7.312336322903731,44.76279264685729
161,sequence_51016,-4.626935645431157,sequence_50991,-8.436912109982138,38.5175315960172
71,sequence_51016,-4.626935645431157,sequence_50978,-8.571060179872774,58.574595120577534
90,sequence_51016,-4.626935645431157,sequence_50996,-8.359746838659895,59.32759611181714
