,id_seq1,target_seq1,id_seq2,target_seq2,distance
223,sequence_51016,-4.626935645431157,sequence_50981,-7.512823751591346,99.36640948222863
470,sequence_51170,-5.599110392902725,sequence_50981,-7.512823751591346,261.8210366907809
717,sequence_32130,-5.7157882520247325,sequence_50981,-7.512823751591346,265.37964213116845
