,id_seq1,target_seq1,id_seq2,target_seq2,distance
180,sequence_51016,-4.626935645431157,sequence_32178,-7.97958130655809,254.8516301499401
79,sequence_51016,-4.626935645431157,sequence_32182,-8.313000601877945,251.27065312448065
179,sequence_51016,-4.626935645431157,sequence_32175,-7.447858237543301,251.9618940432626
