,id_seq1,target_seq1,id_seq2,target_seq2,distance
187,sequence_51016,-4.626935645431157,sequence_32177,-8.394682697575568,254.25561402381675
434,sequence_51170,-5.599110392902725,sequence_32177,-8.394682697575568,265.0003120486522
