,id_seq1,target_seq1,id_seq2,target_seq2,distance
69,sequence_40826,539,sequence_40798,579,47411.840800000005
79,sequence_40826,539,sequence_40867,622,49543.5255
76,sequence_40826,539,sequence_40866,620,48667.3942
77,sequence_40826,539,sequence_40799,597,48648.6939
72,sequence_40826,539,sequence_40801,561,52679.604900000006
