,id_seq1,target_seq1,id_seq2,target_seq2,distance
258,sequence_53082,55.0,sequence_19380,48.1,0.8437
145,sequence_53082,55.0,sequence_19469,50.5,0.8712000000000002
144,sequence_53082,55.0,sequence_19448,46.3,0.6922999999999999
257,sequence_53082,55.0,sequence_19348,46.7,0.7562000000000001
9,sequence_53082,55.0,sequence_19500,51.2,0.7298000000000001
43,sequence_53082,55.0,sequence_19519,50.3,0.7888000000000002
104,sequence_53082,55.0,sequence_19468,54.8,0.7616
