,id_seq1,target_seq1,id_seq2,target_seq2,distance
188,sequence_53082,55.0,sequence_19479,60.8,0.8291000000000002
448,sequence_19402,43.0,sequence_19479,60.8,0.8380999999999998
708,sequence_20054,49.0,sequence_19479,60.8,0.7545999999999999
