,id_seq1,target_seq1,id_seq2,target_seq2,distance
96,sequence_53082,55.0,sequence_53065,44.8,0.7989999999999999
180,sequence_53082,55.0,sequence_53067,40.9,0.7832000000000001
33,sequence_53082,55.0,sequence_53064,48.4,0.8319000000000001
18,sequence_53082,55.0,sequence_53066,39.2,0.8335999999999999
147,sequence_53082,55.0,sequence_53063,44.0,0.7831999999999999
