,id_seq1,target_seq1,id_seq2,target_seq2,distance
99,sequence_53082,55.0,sequence_19515,50.4,0.9111
359,sequence_19402,43.0,sequence_19515,50.4,0.7022999999999999
619,sequence_20054,49.0,sequence_19515,50.4,0.8692000000000001
