,id_seq1,target_seq1,id_seq2,target_seq2,distance
121,sequence_53082,55.0,sequence_53080,50.4,0.8060000000000003
177,sequence_53082,55.0,sequence_53073,53.8,0.8775000000000002
206,sequence_53082,55.0,sequence_53060,47.9,0.8828
