,id_seq1,target_seq1,id_seq2,target_seq2,distance
23,sequence_53082,55.0,sequence_20042,49.4,0.833
77,sequence_53082,55.0,sequence_20035,52.5,0.8402000000000001
138,sequence_53082,55.0,sequence_20075,54.9,0.7082
36,sequence_53082,55.0,sequence_20039,52.6,0.8150000000000002
129,sequence_53082,55.0,sequence_20049,43.9,0.8045000000000001
68,sequence_53082,55.0,sequence_20046,47.4,0.819
