,id_seq1,target_seq1,id_seq2,target_seq2,distance
3,sequence_53082,55.0,sequence_20036,52.9,0.87
185,sequence_53082,55.0,sequence_20047,49.9,0.8397999999999999
66,sequence_53082,55.0,sequence_20056,56.9,0.7779
31,sequence_53082,55.0,sequence_20052,42.9,0.8282
105,sequence_53082,55.0,sequence_20068,50.6,0.8381000000000001
17,sequence_53082,55.0,sequence_20060,52.6,0.7369000000000001
