,id_seq1,target_seq1,id_seq2,target_seq2,distance
113,sequence_53082,55.0,sequence_19403,50.9,0.8855999999999999
52,sequence_53082,55.0,sequence_19405,48.7,0.8991000000000001
42,sequence_53082,55.0,sequence_19386,50.7,0.9832999999999998
8,sequence_53082,55.0,sequence_19363,54.6,1.0241
203,sequence_53082,55.0,sequence_19358,59.1,0.9732
