,id_seq1,target_seq1,id_seq2,target_seq2,distance
215,sequence_53082,55.0,sequence_19359,59.3,0.9308
230,sequence_53082,55.0,sequence_19352,58.5,0.9275
475,sequence_19402,43.0,sequence_19359,59.3,0.8897999999999998
490,sequence_19402,43.0,sequence_19352,58.5,0.9132999999999998
