,id_seq1,target_seq1,id_seq2,target_seq2,distance
69,sequence_53082,55.0,sequence_19443,48.0,0.7935000000000001
329,sequence_19402,43.0,sequence_19443,48.0,0.6048999999999998
