,id_seq1,target_seq1,id_seq2,target_seq2,distance
158,sequence_51016,-4.626935645431157,sequence_51005,-5.462621475453159,2777.9736
231,sequence_51016,-4.626935645431157,sequence_51006,-4.088195248253983,10990.914
163,sequence_51016,-4.626935645431157,sequence_51009,-4.573850042256471,658.8084
201,sequence_51016,-4.626935645431157,sequence_51038,-5.012320997946479,15364.3828
227,sequence_51016,-4.626935645431157,sequence_51049,-5.345308323514202,14571.477699999998
57,sequence_51016,-4.626935645431157,sequence_51019,-6.115112568237896,2873.435300000001
183,sequence_51016,-4.626935645431157,sequence_51048,-8.515067054902179,15747.4014
181,sequence_51016,-4.626935645431157,sequence_51041,-6.943692311648196,19489.339
66,sequence_51016,-4.626935645431157,sequence_51012,-5.769612631669962,2538.5429000000004
160,sequence_51016,-4.626935645431157,sequence_51013,-4.687136967133388,2059.8478
245,sequence_51016,-4.626935645431157,sequence_51037,-4.148785252262823,14577.7802
54,sequence_51016,-4.626935645431157,sequence_51032,-8.147653535627581,2751.9315
215,sequence_51016,-4.626935645431157,sequence_51004,-4.72181656291134,17219.548499999997
234,sequence_51016,-4.626935645431157,sequence_50967,-5.218809117262096,10477.8809
90,sequence_51016,-4.626935645431157,sequence_50996,-8.359746838659895,21111.8485
82,sequence_51016,-4.626935645431157,sequence_50988,-7.682347412816437,24269.5082
63,sequence_51016,-4.626935645431157,sequence_51033,-7.601809103963952,1761.9353
153,sequence_51016,-4.626935645431157,sequence_51029,-4.668263389644887,1390.1225
177,sequence_51016,-4.626935645431157,sequence_50999,-5.527187128279114,22858.4435
204,sequence_51016,-4.626935645431157,sequence_51030,-4.598021987750988,6388.670100000001
189,sequence_51016,-4.626935645431157,sequence_51001,-8.53182220350879,21325.3986
89,sequence_51016,-4.626935645431157,sequence_50969,-7.993460215889013,20183.9272
152,sequence_51016,-4.626935645431157,sequence_51050,-4.353862895527104,3892.073
65,sequence_51016,-4.626935645431157,sequence_51023,-4.593912239723845,2663.3573
51,sequence_51016,-4.626935645431157,sequence_50970,-4.986009935777647,2240.8949
167,sequence_51016,-4.626935645431157,sequence_51007,-4.692446891809938,2881.7451
220,sequence_51016,-4.626935645431157,sequence_51039,-4.871173881568278,18532.4088
225,sequence_51016,-4.626935645431157,sequence_51047,-5.339031826467012,16820.0999
