,id_seq1,target_seq1,id_seq2,target_seq2,distance
146,sequence_47787,5.0,sequence_47809,10.0,78550.3401
26,sequence_47787,5.0,sequence_47760,26.0,80382.0099
150,sequence_47787,5.0,sequence_47736,19.0,81807.66840000001
147,sequence_47787,5.0,sequence_47737,27.0,82905.0984
148,sequence_47787,5.0,sequence_47810,5.57,66915.02420000001
141,sequence_47787,5.0,sequence_47808,4.0,76558.7114
