,id_seq1,target_seq1,id_seq2,target_seq2,distance
36,sequence_47787,5.0,sequence_47683,75.0,77930.38029999999
120,sequence_47787,5.0,sequence_47740,158.0,80513.1335
45,sequence_47787,5.0,sequence_47799,24.0,78986.8039
98,sequence_47787,5.0,sequence_47693,64.0,78981.97929999999
39,sequence_47787,5.0,sequence_47682,53.0,80214.1269
