,id_seq1,target_seq1,id_seq2,target_seq2,distance
23,sequence_51016,-4.626935645431157,sequence_51202,-6.673839708394163,7304.429539008187
270,sequence_51170,-5.599110392902725,sequence_51202,-6.673839708394163,6194.374261561279
517,sequence_32130,-5.7157882520247325,sequence_51202,-6.673839708394163,7726.499532357301
