,id_seq1,target_seq1,id_seq2,target_seq2,distance
127,sequence_47787,5.0,sequence_47719,66.0,0.0069926232772814
126,sequence_47787,5.0,sequence_47716,84.0,0.0083363182366245
118,sequence_47787,5.0,sequence_47754,70.0,0.0068671577459729
8,sequence_47787,5.0,sequence_47782,17.0,0.0043502173157556
61,sequence_47787,5.0,sequence_47747,72.0,0.007702071785506
