,id_seq1,target_seq1,id_seq2,target_seq2,distance
13,sequence_40826,539,sequence_40841,528,0.0072624088846921
12,sequence_40826,539,sequence_40840,528,0.0038917213110079
60,sequence_40826,539,sequence_40837,543,0.0141922537413787
46,sequence_40826,539,sequence_40819,532,0.0154249882696505
63,sequence_40826,539,sequence_40822,549,0.0205561703104384
7,sequence_40826,539,sequence_40813,528,0.0034434909461194
56,sequence_40826,539,sequence_40810,549,0.0100929492151562
16,sequence_40826,539,sequence_40838,531,0.008963379251101
59,sequence_40826,539,sequence_40836,543,0.0094303518480873
