,id_seq1,target_seq1,id_seq2,target_seq2,distance
17,sequence_40826,539,sequence_40816,531,0.0218604351027184
19,sequence_40826,539,sequence_40818,522,0.0327822078791222
