,id_seq1,target_seq1,id_seq2,target_seq2,distance
32,sequence_40826,539,sequence_40791,454,0.0639693541536554
33,sequence_40826,539,sequence_40793,456,0.0652651041063185
