,id_seq1,target_seq1,id_seq2,target_seq2,distance
24,sequence_40826,539,sequence_40856,498,0.0305021918707775
28,sequence_40826,539,sequence_40858,495,0.0306346937417004
30,sequence_40826,539,sequence_40843,495,0.0307861038579975
