,id_seq1,target_seq1,id_seq2,target_seq2,distance
221,sequence_51016,-4.626935645431157,sequence_51126,-6.8444229718282426,231.1496028309768
98,sequence_51016,-4.626935645431157,sequence_51133,-5.587718813645618,231.60747947143813
127,sequence_51016,-4.626935645431157,sequence_51185,-5.7929627601304565,227.61041838013043
123,sequence_51016,-4.626935645431157,sequence_51198,-7.041057436612152,231.8898691053668
2,sequence_51016,-4.626935645431157,sequence_51136,-5.335352191963125,232.43793080297968
121,sequence_51016,-4.626935645431157,sequence_51179,-6.743875944193901,232.45326019179885
468,sequence_51170,-5.599110392902725,sequence_51126,-6.8444229718282426,81.52096587955577
345,sequence_51170,-5.599110392902725,sequence_51133,-5.587718813645618,82.98699982631003
374,sequence_51170,-5.599110392902725,sequence_51185,-5.7929627601304565,60.14031365200702
370,sequence_51170,-5.599110392902725,sequence_51198,-7.041057436612152,73.6582378186053
249,sequence_51170,-5.599110392902725,sequence_51136,-5.335352191963125,88.56398003735657
368,sequence_51170,-5.599110392902725,sequence_51179,-6.743875944193901,66.0506686729961
