,id_seq1,target_seq1,id_seq2,target_seq2,distance
41,sequence_47787,5.0,sequence_47806,73.0,0.0294402156863866
94,sequence_47787,5.0,sequence_47764,118.0,0.0317406165113267
89,sequence_47787,5.0,sequence_47762,127.0,0.0297528955533185
92,sequence_47787,5.0,sequence_47812,121.0,0.0295149315931031
95,sequence_47787,5.0,sequence_47763,122.0,0.0296115115395132
