,id_seq1,target_seq1,id_seq2,target_seq2,distance
69,sequence_47787,5.0,sequence_47713,51.0,0.0119466368357695
70,sequence_47787,5.0,sequence_47738,55.0,0.009540341732246
60,sequence_47787,5.0,sequence_47745,83.0,0.0198627666880236
63,sequence_47787,5.0,sequence_47749,81.0,0.0114009941440764
62,sequence_47787,5.0,sequence_47748,79.0,0.0131834720302905
