,id_seq1,target_seq1,id_seq2,target_seq2,distance
86,sequence_47787,5.0,sequence_47692,87.5,0.0443236007062022
128,sequence_47787,5.0,sequence_47723,69.0,0.043256443644051
129,sequence_47787,5.0,sequence_47722,75.0,0.0432050993362939
96,sequence_47787,5.0,sequence_47699,62.0,0.0443236007062022
126,sequence_47787,5.0,sequence_47716,84.0,0.0438238629682909
123,sequence_47787,5.0,sequence_47718,81.0,0.0432050993362939
99,sequence_47787,5.0,sequence_47690,63.0,0.0447278756495277
102,sequence_47787,5.0,sequence_47725,57.0,0.0454545083265629
97,sequence_47787,5.0,sequence_47687,92.0,0.0449413245563027
