,id_seq1,target_seq1,id_seq2,target_seq2,distance
144,sequence_47787,5.0,sequence_47788,5.0,0.0072787514334654
120,sequence_47787,5.0,sequence_47740,158.0,0.0151130237337899
56,sequence_47787,5.0,sequence_47751,34.0,0.0147661623042774
138,sequence_47787,5.0,sequence_47802,4.0,0.0132316562592297
