,id_seq1,target_seq1,id_seq2,target_seq2,distance
107,sequence_47787,5.0,sequence_47661,52.0,0.0272416353221472
75,sequence_47787,5.0,sequence_47694,51.0,0.0321658925024077
105,sequence_47787,5.0,sequence_47670,97.0,0.0279076258806516
76,sequence_47787,5.0,sequence_47691,40.0,0.0283856344229883
80,sequence_47787,5.0,sequence_47698,56.0,0.0283856344229883
