,id_seq1,target_seq1,id_seq2,target_seq2,distance
55,sequence_47787,5.0,sequence_47798,23.0,0.0223548156367865
81,sequence_47787,5.0,sequence_47688,90.0,0.0378145872868658
108,sequence_47787,5.0,sequence_47667,86.0,0.0318476234097296
