,id_seq1,target_seq1,id_seq2,target_seq2,distance
32,sequence_47787,5.0,sequence_47680,73.0,0.0106985761768431
78,sequence_47787,5.0,sequence_47706,77.0,0.0114237349700276
0,sequence_47787,5.0,sequence_47684,23.0,0.0086362215922504
13,sequence_47787,5.0,sequence_47679,44.0,0.0106687600761427
