,id_seq1,target_seq1,id_seq2,target_seq2,distance
145,sequence_47787,5.0,sequence_47729,34.0,0.0046713289428912
140,sequence_47787,5.0,sequence_47728,12.0,0.0037126520164204
150,sequence_47787,5.0,sequence_47736,19.0,0.0038921471219505
147,sequence_47787,5.0,sequence_47737,27.0,0.0048485873496723
