,id_seq1,target_seq1,id_seq2,target_seq2,distance
33,sequence_47787,5.0,sequence_47673,65.5,0.0143979220240855
14,sequence_47787,5.0,sequence_47695,52.0,0.014633396332414
79,sequence_47787,5.0,sequence_47675,57.0,0.0144284237369332
15,sequence_47787,5.0,sequence_47710,43.0,0.0148871587237178
