,id_seq1,target_seq1,id_seq2,target_seq2,distance
116,sequence_47787,5.0,sequence_47755,100.0,0.0241833264165378
114,sequence_47787,5.0,sequence_47733,25.0,0.0255425510856663
109,sequence_47787,5.0,sequence_47726,120.0,0.0220709529991132
117,sequence_47787,5.0,sequence_47746,94.0,0.0270187416430814
