,id_seq1,target_seq1,id_seq2,target_seq2,distance
21,sequence_47787,5.0,sequence_47663,36.0,2449.8465846038853
108,sequence_47787,5.0,sequence_47667,86.0,2567.2480122172105
107,sequence_47787,5.0,sequence_47661,52.0,2593.194697634788
106,sequence_47787,5.0,sequence_47665,50.0,2608.1724826875466
105,sequence_47787,5.0,sequence_47670,97.0,2656.3190574344194
22,sequence_47787,5.0,sequence_47757,36.0,2260.715126174523
47,sequence_47787,5.0,sequence_47666,69.0,2563.2914995802485
62,sequence_47787,5.0,sequence_47748,79.0,2335.6576222002896
53,sequence_47787,5.0,sequence_47758,22.0,2272.077665136072
