,id_seq1,target_seq1,id_seq2,target_seq2,distance
126,sequence_47787,5.0,sequence_47716,84.0,1721.8106396830256
118,sequence_47787,5.0,sequence_47754,70.0,1556.5922660907222
