,id_seq1,target_seq1,id_seq2,target_seq2,distance
62,sequence_40826,539,sequence_40821,549,0.0001340835502956
15,sequence_40826,539,sequence_40844,519,0.0001256525523404
58,sequence_40826,539,sequence_40859,543,0.0013516228558971
78,sequence_40826,539,sequence_40788,510,0.0011990956738198
8,sequence_40826,539,sequence_40814,510,0.0006893741600588
3,sequence_40826,539,sequence_40806,525,0.0013455450268532
0,sequence_40826,539,sequence_40787,510,0.0001710603560225
66,sequence_40826,539,sequence_40832,555,0.000124172256174
41,sequence_40826,539,sequence_40792,517,7.838760607248307e-05
