,id_seq1,target_seq1,id_seq2,target_seq2,distance
73,sequence_40826,539,sequence_40802,560,0.0015439475730397
76,sequence_40826,539,sequence_40866,620,0.0016016386969819
77,sequence_40826,539,sequence_40799,597,0.0016634269308545
70,sequence_40826,539,sequence_40865,580,0.0017612794310776
72,sequence_40826,539,sequence_40801,561,0.0017971218172779
