,id_seq1,target_seq1,id_seq2,target_seq2,distance
75,sequence_47787,5.0,sequence_47694,51.0,0.0001726735981695
37,sequence_47787,5.0,sequence_47697,55.5,0.0002014194756517
38,sequence_47787,5.0,sequence_47678,37.0,0.0001835286205752
