,id_seq1,target_seq1,id_seq2,target_seq2,distance
40,sequence_47787,5.0,sequence_47724,48.0,0.0001368500123299
133,sequence_47787,5.0,sequence_47739,35.0,0.0001799957314543
134,sequence_47787,5.0,sequence_47735,55.0,0.0001540240784974
132,sequence_47787,5.0,sequence_47711,57.0,0.0001780019257434
