,id_seq1,target_seq1,id_seq2,target_seq2,distance
90,sequence_47787,5.0,sequence_47765,118.0,0.0002069945007745
89,sequence_47787,5.0,sequence_47762,127.0,0.0002142615902469
93,sequence_47787,5.0,sequence_47761,120.0,0.0002298171864402
92,sequence_47787,5.0,sequence_47812,121.0,0.0001842193528215
