,id_seq1,target_seq1,id_seq2,target_seq2,distance
68,sequence_47787,5.0,sequence_47770,25.0,9.668822672481704e-05
2,sequence_47787,5.0,sequence_47790,9.0,6.372747219951513e-05
27,sequence_47787,5.0,sequence_47773,19.0,6.842680758567532e-05
1,sequence_47787,5.0,sequence_47789,10.0,4.841017022927385e-05
