,id_seq1,target_seq1,id_seq2,target_seq2,distance
23,sequence_47787,5.0,sequence_47783,24.5,5.244233736989568e-05
51,sequence_47787,5.0,sequence_47775,23.0,5.784931011021399e-05
