,id_seq1,target_seq1,id_seq2,target_seq2,distance
4,sequence_47787,5.0,sequence_47777,11.0,6.94557744257418e-05
7,sequence_47787,5.0,sequence_47786,18.0,6.275965003899042e-05
28,sequence_47787,5.0,sequence_47768,17.0,7.755918500695902e-05
