,id_seq1,target_seq1,id_seq2,target_seq2,distance
140,sequence_47787,5.0,sequence_47728,12.0,4.042380266444656e-05
52,sequence_47787,5.0,sequence_47730,35.0,7.835522664190187e-05
