,id_seq1,target_seq1,id_seq2,target_seq2,distance
101,sequence_47787,5.0,sequence_47714,51.0,0.0002585293698651
128,sequence_47787,5.0,sequence_47723,69.0,0.0002575315427674
102,sequence_47787,5.0,sequence_47725,57.0,0.0002563508153723
100,sequence_47787,5.0,sequence_47712,49.0,0.0002474007325776
