,id_seq1,target_seq1,id_seq2,target_seq2,distance
107,sequence_47787,5.0,sequence_47661,52.0,0.000154484223478
106,sequence_47787,5.0,sequence_47665,50.0,0.0001382335929362
