,id_seq1,target_seq1,id_seq2,target_seq2,distance
26,sequence_47787,5.0,sequence_47760,26.0,8.614886084234996e-05
149,sequence_47787,5.0,sequence_47766,4.19,6.15403391875935e-05
148,sequence_47787,5.0,sequence_47810,5.57,5.689095889727103e-05
141,sequence_47787,5.0,sequence_47808,4.0,6.029177723121393e-05
