,id_seq1,target_seq1,id_seq2,target_seq2,distance
130,sequence_47787,5.0,sequence_47674,38.0,0.0001968545648433
69,sequence_47787,5.0,sequence_47713,51.0,0.0001766155388375
33,sequence_47787,5.0,sequence_47673,65.5,0.0001789225361338
