,id_seq1,target_seq1,id_seq2,target_seq2,distance
41,sequence_47787,5.0,sequence_47806,73.0,0.0001158168808853
71,sequence_47787,5.0,sequence_47769,25.0,0.0001055761602611
45,sequence_47787,5.0,sequence_47799,24.0,0.0001236457946764
17,sequence_47787,5.0,sequence_47778,26.0,9.25328548687654e-05
18,sequence_47787,5.0,sequence_47780,23.0,9.094741677473372e-05
42,sequence_47787,5.0,sequence_47807,42.0,0.0001151831784992
