,id_seq1,target_seq1,id_seq2,target_seq2,distance
131,sequence_47787,5.0,sequence_47676,56.0,0.000184496224295
39,sequence_47787,5.0,sequence_47682,53.0,0.0001551616609656
