,id_seq1,target_seq1,id_seq2,target_seq2,distance
120,sequence_47787,5.0,sequence_47740,158.0,0.0002276930312264
121,sequence_47787,5.0,sequence_47742,108.0,0.0001589769676491
