,id_seq1,target_seq1,id_seq2,target_seq2,distance
43,sequence_47787,5.0,sequence_47804,23.0,0.0001425991709117
44,sequence_47787,5.0,sequence_47800,20.0,0.000156295959763
19,sequence_47787,5.0,sequence_47785,25.0,0.0001134940352465
67,sequence_47787,5.0,sequence_47774,21.0,0.0001269999243408
