,id_seq1,target_seq1,id_seq2,target_seq2,distance
129,sequence_47787,5.0,sequence_47722,75.0,0.0002112864593607
126,sequence_47787,5.0,sequence_47716,84.0,0.000180231903115
123,sequence_47787,5.0,sequence_47718,81.0,0.0002069034600334
124,sequence_47787,5.0,sequence_47717,66.0,0.0001962311488075
