,id_seq1,target_seq1,id_seq2,target_seq2,distance
112,sequence_47787,5.0,sequence_47662,28.0,0.0001377373900328
111,sequence_47787,5.0,sequence_47811,24.0,0.000127577779092
