,id_seq1,target_seq1,id_seq2,target_seq2,distance
24,sequence_47787,5.0,sequence_47796,20.0,2.533163562012941e-05
54,sequence_47787,5.0,sequence_47797,27.0,6.151693526801338e-05
55,sequence_47787,5.0,sequence_47798,23.0,3.5035663338511824e-05
