,id_seq1,target_seq1,id_seq2,target_seq2,distance
109,sequence_47787,5.0,sequence_47726,120.0,9.278214393482198e-05
49,sequence_47787,5.0,sequence_47727,45.0,6.277542666033309e-05
110,sequence_47787,5.0,sequence_47734,110.0,9.528949353909688e-05
