,id_seq1,target_seq1,id_seq2,target_seq2,distance
175,sequence_51016,-4.626935645431157,sequence_50997,-7.490956320392341,56.99146352843249
151,sequence_51016,-4.626935645431157,sequence_50962,-7.232986764011962,43.542564871602
198,sequence_51016,-4.626935645431157,sequence_50993,-7.312336322903731,53.303352347546166
209,sequence_51016,-4.626935645431157,sequence_51056,-5.850855450691768,55.45506052839356
69,sequence_51016,-4.626935645431157,sequence_50973,-6.794567628611167,63.26194731901144
74,sequence_51016,-4.626935645431157,sequence_50972,-7.588913722504616,56.11744459385472
202,sequence_51016,-4.626935645431157,sequence_50994,-8.261822655555044,55.36674501621945
225,sequence_51016,-4.626935645431157,sequence_51047,-5.339031826467012,52.44615491073033
422,sequence_51170,-5.599110392902725,sequence_50997,-7.490956320392341,70.22345606200119
398,sequence_51170,-5.599110392902725,sequence_50962,-7.232986764011962,73.54443403376654
445,sequence_51170,-5.599110392902725,sequence_50993,-7.312336322903731,71.74644714944066
456,sequence_51170,-5.599110392902725,sequence_51056,-5.850855450691768,71.25525067746091
316,sequence_51170,-5.599110392902725,sequence_50973,-6.794567628611167,70.3660246581172
321,sequence_51170,-5.599110392902725,sequence_50972,-7.588913722504616,71.26269383848707
449,sequence_51170,-5.599110392902725,sequence_50994,-8.261822655555044,70.19452737821338
472,sequence_51170,-5.599110392902725,sequence_51047,-5.339031826467012,75.15535102398
669,sequence_32130,-5.7157882520247325,sequence_50997,-7.490956320392341,69.16512605749477
645,sequence_32130,-5.7157882520247325,sequence_50962,-7.232986764011962,71.8071147699716
692,sequence_32130,-5.7157882520247325,sequence_50993,-7.312336322903731,74.52451995914774
703,sequence_32130,-5.7157882520247325,sequence_51056,-5.850855450691768,71.29377708706375
563,sequence_32130,-5.7157882520247325,sequence_50973,-6.794567628611167,70.61708046522251
568,sequence_32130,-5.7157882520247325,sequence_50972,-7.588913722504616,67.8180348572281
696,sequence_32130,-5.7157882520247325,sequence_50994,-8.261822655555044,73.1594767070709
719,sequence_32130,-5.7157882520247325,sequence_51047,-5.339031826467012,70.432664081448
