,id_seq1,target_seq1,id_seq2,target_seq2,distance
120,sequence_51016,-4.626935645431157,sequence_51188,-7.477058965090089,71.04015416993047
28,sequence_51016,-4.626935645431157,sequence_51187,-6.886468446878718,72.50146098591632
19,sequence_51016,-4.626935645431157,sequence_51182,-5.384437728556348,75.22886620948881
222,sequence_51016,-4.626935645431157,sequence_51143,-5.813377959587455,74.53799567725135
